-- phpMyAdmin SQL Dump
-- version 2.10.2
-- http://www.phpmyadmin.net
-- 
-- Host: localhost
-- Generation Time: Nov 11, 2008 at 12:03 AM
-- Server version: 5.0.18
-- PHP Version: 5.2.3

SET SQL_MODE="NO_AUTO_VALUE_ON_ZERO";

-- 
-- Database: `ajax`
-- 

-- --------------------------------------------------------

-- 
-- Table structure for table `bandocykien`
-- 

CREATE TABLE `bandocykien` (
  `idYKien` int(11) NOT NULL auto_increment,
  `idTin` int(11) NOT NULL default '0',
  `Ngay` date NOT NULL default '0000-00-00',
  `NoiDung` text NOT NULL,
  `Email` varchar(255) default NULL,
  `HoTen` varchar(255) default NULL,
  `DiaChi` varchar(255) default NULL,
  PRIMARY KEY  (`idYKien`)
) ENGINE=MyISAM DEFAULT CHARSET=utf8 AUTO_INCREMENT=1 ;

-- 
-- Dumping data for table `bandocykien`
-- 


-- --------------------------------------------------------

-- 
-- Table structure for table `binhchon`
-- 

CREATE TABLE `binhchon` (
  `idBC` int(11) NOT NULL auto_increment,
  `MoTa` varchar(255) NOT NULL default '',
  `idLT` int(11) NOT NULL default '0',
  `SoLanChon` int(11) NOT NULL default '0',
  `AnHien` tinyint(1) NOT NULL default '0',
  `ThuTu` int(11) NOT NULL default '0',
  PRIMARY KEY  (`idBC`)
) ENGINE=MyISAM DEFAULT CHARSET=utf8 AUTO_INCREMENT=5 ;

-- 
-- Dumping data for table `binhchon`
-- 

INSERT INTO `binhchon` VALUES (1, 'Bạn nghĩ sao về đội tuyển VN dưới thời HLV Calisto?', 1, 8, 1, 0);
INSERT INTO `binhchon` VALUES (2, 'Bạn dự đoán đội nào vô địch giải Ngoại hạng Anh mùa này?', 1, 2, 1, 0);
INSERT INTO `binhchon` VALUES (3, 'Bạn thích làm gì trong các nghề dưới đây?', 9, 1, 1, 0);
INSERT INTO `binhchon` VALUES (4, 'Bạn sẽ cho con làm gì trong kỳ nghỉ hè này?', 9, 0, 0, 0);

-- --------------------------------------------------------

-- 
-- Table structure for table `cacvitri`
-- 

CREATE TABLE `cacvitri` (
  `idViTri` int(11) NOT NULL auto_increment,
  `TenViTri` varchar(255) NOT NULL default '',
  PRIMARY KEY  (`idViTri`)
) ENGINE=MyISAM DEFAULT CHARSET=utf8 AUTO_INCREMENT=5 ;

-- 
-- Dumping data for table `cacvitri`
-- 

INSERT INTO `cacvitri` VALUES (1, 'Cột bên phải trang web');
INSERT INTO `cacvitri` VALUES (2, 'Banner trong header');
INSERT INTO `cacvitri` VALUES (3, 'Banner trong cột giữa');
INSERT INTO `cacvitri` VALUES (4, 'Footer');

-- --------------------------------------------------------

-- 
-- Table structure for table `counter`
-- 

CREATE TABLE `counter` (
  `counter` int(11) NOT NULL
) ENGINE=MyISAM DEFAULT CHARSET=utf8;

-- 
-- Dumping data for table `counter`
-- 

INSERT INTO `counter` VALUES (6);

-- --------------------------------------------------------

-- 
-- Table structure for table `lienket`
-- 

CREATE TABLE `lienket` (
  `idWebLink` int(11) NOT NULL auto_increment,
  `Ten` varchar(255) NOT NULL default '',
  `Url` varchar(255) NOT NULL default '',
  `ThuTu` int(11) NOT NULL default '0',
  PRIMARY KEY  (`idWebLink`)
) ENGINE=MyISAM DEFAULT CHARSET=utf8 AUTO_INCREMENT=11 ;

-- 
-- Dumping data for table `lienket`
-- 

INSERT INTO `lienket` VALUES (1, 'Màu sắc cho webdesigner', 'http://www.colortools.net', 3);
INSERT INTO `lienket` VALUES (2, 'Web template', 'http://www.freetemplates.com', 6);
INSERT INTO `lienket` VALUES (3, 'Template đẹp', 'http://www.templatebeauty.com', 7);
INSERT INTO `lienket` VALUES (4, 'Dream Template', 'http://www.dreamtemplate.com', 8);
INSERT INTO `lienket` VALUES (5, 'Javacript', 'http://www.paulspages.co.uk/pcp/pcpidx.htm', 10);
INSERT INTO `lienket` VALUES (6, 'Em Website', 'http://www.communitymx.com', 4);
INSERT INTO `lienket` VALUES (7, 'PHP', 'http://www.php.net', 1);
INSERT INTO `lienket` VALUES (8, 'MySql', 'http://www.mysql.com', 2);
INSERT INTO `lienket` VALUES (9, 'Học Css', 'http://example.html', 9);
INSERT INTO `lienket` VALUES (10, 'Học web', 'http://www.w3schools.com', 5);

-- --------------------------------------------------------

-- 
-- Table structure for table `loaitin`
-- 

CREATE TABLE `loaitin` (
  `idLT` int(11) NOT NULL auto_increment,
  `Ten` varchar(100) NOT NULL default '',
  `Url` varchar(255) default NULL,
  `ThuTu` tinyint(11) NOT NULL default '0',
  `AnHien` tinyint(1) NOT NULL default '1',
  `idTL` int(11) NOT NULL default '1',
  `KeyWord` varchar(255) default NULL,
  `Target` varchar(10) default '_self',
  `IconHinh` varchar(255) default NULL,
  `FileCSS` varchar(50) default NULL,
  PRIMARY KEY  (`idLT`)
) ENGINE=MyISAM DEFAULT CHARSET=utf8 AUTO_INCREMENT=23 ;

-- 
-- Dumping data for table `loaitin`
-- 

INSERT INTO `loaitin` VALUES (1, 'Thể thao', '', 1, 1, 1, 'Tin thể thao, Tin the thao', '_self', 'c4.gif', 'c2.css');
INSERT INTO `loaitin` VALUES (3, 'Du lịch', '', 2, 1, 1, 'Du lịch mọi miền', '_self', 'c3.gif', 'c1.css');
INSERT INTO `loaitin` VALUES (4, 'Khoa học', '', 4, 1, 1, 'Tin khoa học công nghệ', '_self', 'c2.gif', 'c1.css');
INSERT INTO `loaitin` VALUES (9, 'Xã hội', '', 5, 1, 1, NULL, '_self', 'c1.gif', 'c2.css');
INSERT INTO `loaitin` VALUES (10, 'Văn hoá', '', 6, 1, 1, NULL, '_self', 'c5.gif', 'c3.css');
INSERT INTO `loaitin` VALUES (11, 'Pháp luật', '', 7, 0, 1, NULL, '_self', 'new-icon.gif', NULL);
INSERT INTO `loaitin` VALUES (12, 'Sống đẹp', '', 8, 1, 3, 'Sống đẹp, Song dep, Sống đúng, Sống hay', '_self', 'hotpinkflower.gif', 'c2.css');
INSERT INTO `loaitin` VALUES (13, 'Vietnam Works', 'http://www.vietnamworks.com/', 0, 1, 2, NULL, '_blank', NULL, NULL);
INSERT INTO `loaitin` VALUES (14, 'TuyểnDụng.com', 'http://www.tuyendung.com', 1, 1, 2, NULL, '_blank', NULL, NULL);
INSERT INTO `loaitin` VALUES (15, 'Tuổi trẻ - Việc làm', 'http://vieclam.tuoitre.com.vn', 2, 1, 2, NULL, '_blank', NULL, NULL);
INSERT INTO `loaitin` VALUES (16, 'Tấm lòng vàng', 'http://www.laodong.com.vn/Home/tamlongvang.laodong', 4, 1, 3, 'Tấm lòng vàng, Tam long, vang, Chung ta hanh phuc hon', '_self', NULL, NULL);
INSERT INTO `loaitin` VALUES (17, 'Nhịp cầu nhân ái', 'http://www.sggp.org.vn/nhipcaunhanai/', 5, 1, 3, 'Nhịp cầu nhân ái, Nhip cau nhan ai, Song yeu thuong', '_self', NULL, NULL);
INSERT INTO `loaitin` VALUES (18, 'Sài gòn xưa', 'http://nguyentl.free.fr/html/cadre_sommaire_vn.htm', 0, 1, 4, 'Hình ảnh Sài gồn xưa, cuộc sống xưa', '_self', NULL, NULL);
INSERT INTO `loaitin` VALUES (19, 'Sưu tập văn thơ', 'http://www.suutap.com/', 0, 1, 4, NULL, '_blank', NULL, NULL);
INSERT INTO `loaitin` VALUES (20, 'Ca dao tục ngữ', 'http://e-cadao.com', 0, 1, 4, NULL, '_blank', NULL, NULL);
INSERT INTO `loaitin` VALUES (22, 'Tin mới nhận', NULL, 0, 0, 1, NULL, '_self', NULL, NULL);

-- --------------------------------------------------------

-- 
-- Table structure for table `phuongan`
-- 

CREATE TABLE `phuongan` (
  `idPA` int(11) NOT NULL auto_increment,
  `Mota` varchar(255) NOT NULL default '',
  `SoLanChon` int(11) NOT NULL default '0',
  `idBC` int(11) NOT NULL default '0',
  PRIMARY KEY  (`idPA`)
) ENGINE=MyISAM DEFAULT CHARSET=utf8 AUTO_INCREMENT=14 ;

-- 
-- Dumping data for table `phuongan`
-- 

INSERT INTO `phuongan` VALUES (1, 'Thành công', 2, 1);
INSERT INTO `phuongan` VALUES (2, 'Thất  bại', 4, 1);
INSERT INTO `phuongan` VALUES (3, 'Làm công chức nhà nước', 0, 3);
INSERT INTO `phuongan` VALUES (4, 'Làm cho các công ty', 0, 3);
INSERT INTO `phuongan` VALUES (5, 'Làm trong các cơ quan nghiên cứu', 0, 3);
INSERT INTO `phuongan` VALUES (6, 'Các lĩnh vực khác', 1, 3);
INSERT INTO `phuongan` VALUES (7, 'Còn tuỳ thuộc VFF', 2, 1);
INSERT INTO `phuongan` VALUES (8, 'MU', 2, 2);
INSERT INTO `phuongan` VALUES (9, 'Chelsea', 0, 2);
INSERT INTO `phuongan` VALUES (10, 'Đi học thêm', 0, 4);
INSERT INTO `phuongan` VALUES (11, 'Chơi ở nhà', 0, 4);
INSERT INTO `phuongan` VALUES (12, 'Đi du lịch', 0, 4);
INSERT INTO `phuongan` VALUES (13, 'Đến các câu lạc bộ thiếu nhi', 0, 4);

-- --------------------------------------------------------

-- 
-- Table structure for table `quangcao`
-- 

CREATE TABLE `quangcao` (
  `idQC` int(11) NOT NULL auto_increment,
  `MoTa` varchar(255) NOT NULL default '',
  `Url` varchar(255) NOT NULL default '',
  `urlHinh` varchar(255) NOT NULL default '',
  `idLT` int(11) NOT NULL default '0',
  `idViTri` int(11) NOT NULL default '1',
  `SoLanClick` int(11) NOT NULL default '0',
  PRIMARY KEY  (`idQC`)
) ENGINE=MyISAM DEFAULT CHARSET=utf8 AUTO_INCREMENT=25 ;

-- 
-- Dumping data for table `quangcao`
-- 

INSERT INTO `quangcao` VALUES (1, 'website ban dien thoai di dong', 'http://www.thegioididong.com', 'qc1.gif', 1, 1, 12);
INSERT INTO `quangcao` VALUES (2, 'website ban laptop', 'http://www.kholaptop.com', 'qc2.gif', 1, 1, 0);
INSERT INTO `quangcao` VALUES (3, 'Viettel Telecom', 'http://viettel.com.vn/', 'qc3.gif', 2, 1, 0);
INSERT INTO `quangcao` VALUES (4, 'Halotec Company', 'http://www.halotec.vn/', 'qc4.gif', 3, 1, 0);
INSERT INTO `quangcao` VALUES (5, 'Nguyên ngọc', 'httpwww.maytinhxachtay.com', 'nguyenngoc.gif', 0, 1, 0);
INSERT INTO `quangcao` VALUES (6, 'Trắc nghiệm online', 'http://tracnghiem.tuoitre.net.vn', 'tntt.jpg', 0, 1, 0);
INSERT INTO `quangcao` VALUES (7, 'Vinamilk', 'http://www.vinamilk.com.vn', 'vinamilk.gif', 0, 2, 0);
INSERT INTO `quangcao` VALUES (8, 'Vũ kiều', 'http://www.vukieu.com', 'vukieu.gif', 0, 1, 0);
INSERT INTO `quangcao` VALUES (9, 'Bầu chọn Vinh hạ Long', 'http://bauchon.tuoitre.com.vn/Tianyon/', 'vinhhalong.gif', 0, 1, 0);
INSERT INTO `quangcao` VALUES (10, 'VinaPhone', 'http://www.vinaphone.com.vn', 'vinaphone.gif', 0, 2, 0);

-- --------------------------------------------------------

-- 
-- Table structure for table `sukien`
-- 

CREATE TABLE `sukien` (
  `idSK` int(11) NOT NULL auto_increment,
  `MoTa` text NOT NULL,
  PRIMARY KEY  (`idSK`)
) ENGINE=MyISAM DEFAULT CHARSET=utf8 AUTO_INCREMENT=8 ;

-- 
-- Dumping data for table `sukien`
-- 

INSERT INTO `sukien` VALUES (7, 'Microsoft mua Yahoo');
INSERT INTO `sukien` VALUES (6, 'Lạm phát cao');
INSERT INTO `sukien` VALUES (4, 'Sập cầu cần thơ');
INSERT INTO `sukien` VALUES (5, 'Sốt gạo');

-- --------------------------------------------------------

-- 
-- Table structure for table `theloai`
-- 

CREATE TABLE `theloai` (
  `idTL` int(11) NOT NULL auto_increment,
  `TenTL` varchar(255) NOT NULL default '',
  `ThuTu` int(11) default '0',
  `AnHien` tinyint(1) default '1',
  PRIMARY KEY  (`idTL`),
  UNIQUE KEY `TenTL` (`TenTL`)
) ENGINE=MyISAM DEFAULT CHARSET=utf8 AUTO_INCREMENT=5 ;

-- 
-- Dumping data for table `theloai`
-- 

INSERT INTO `theloai` VALUES (1, 'Tin xã hội', 1, 1);
INSERT INTO `theloai` VALUES (2, 'Việc làm', 4, 1);
INSERT INTO `theloai` VALUES (3, 'Nghệ thuật sống', 2, 1);
INSERT INTO `theloai` VALUES (4, 'Sưu tập', 3, 1);

-- --------------------------------------------------------

-- 
-- Table structure for table `tin`
-- 

CREATE TABLE `tin` (
  `idTin` int(11) NOT NULL auto_increment,
  `TieuDe` varchar(255) NOT NULL default '',
  `TomTat` varchar(1000) default NULL,
  `urlHinh` varchar(255) default NULL,
  `Ngay` date NOT NULL default '0000-00-00',
  `idUser` int(11) NOT NULL default '0',
  `idSK` int(11) NOT NULL default '0',
  `Content` text,
  `idLT` int(11) NOT NULL default '0',
  `SoLanXem` int(11) default '0',
  `KeyWord` varchar(255) default NULL,
  `TinNoiBat` tinyint(1) NOT NULL default '0',
  `AnHien` tinyint(1) default '1',
  PRIMARY KEY  (`idTin`)
) ENGINE=MyISAM DEFAULT CHARSET=utf8 AUTO_INCREMENT=57 ;

-- 
-- Dumping data for table `tin`
-- 

INSERT INTO `tin` VALUES (1, 'Hoàng hôn trên sông Mê Kông', 'TP - Bên ghế đá thị xã Savẳn, thủ phủ miền Trung và Hạ Lào của đất nước Hoa Chăm Pa, ngước sang bên kia là Mục Đa Hán là vùng Đông Bắc của xứ sở Chùa Vàng Thái Lan, chúng tôi ngồi hàng giờ để ngắm hoàng hôn đang lịm dần trên mặt sông Mê Kông. ', 'http://www.tienphong.vn/Tianyon/ImageView.aspx?ArticleID=108485', '2008-04-01', 1, 4, '<!DOCTYPE html PUBLIC "-//W3C//DTD XHTML 1.0 Transitional//EN" "http://www.w3.org/TR/xhtml1/DTD/xhtml1-transitional.dtd">\r\n<html xmlns="http://www.w3.org/1999/xhtml">\r\n<head>\r\n<meta http-equiv="Content-Type" content="text/html; charset=utf-8" />\r\n<title>Untitled Document</title>\r\n</head>\r\n\r\n<body>\r\n<p>Bất chợt, câu thơ của chàng thi sĩ “còm” Võ Văn Luyến ở quê nhà hiện về <em>Tôi   tin những dòng sông chảy ngược/Là những dòng sông tự chảy...</em> </p>\r\n<p>1. Ở thời khắc giao hòa giữa ngày và đêm, lòng Mê Kông lênh láng   một ráng hồng rực rỡ. Ánh hào quang còn sót lại dường như cũng ướt đẫm màu nước.   Bờ sông hút tắp với những triền cỏ mướt mát. Tiếng cỏ xào xạc như vọng lại từ   một nhịp chèo quá vãng. </p>\r\n<p>Giữa dòng sông nhìn từ bến phà Savẳn sang Mục Đa Hán (Thái Lan),   loi thoi một cồn hoang cô độc. Cái cồn hoang này chắc chắn không có ai cư ngụ vì   là khu vực phên dậu nhạy cảm của hai quốc gia láng giềng, vậy nên nghe nói có   rất nhiều loài chim đến tá túc. Chiều về, có khi cả cồn hoang đầy ắp, lảnh lói   tiếng chim...</p>\r\n<p>Ở Savẳn muốn ngắm hoàng hôn, không đâu có thể đem lại thật nhiều   cảm xúc như bên bờ sông Mê Kông này. Sông dài rộng và diệu vợi. Chút nắng cuối   ngày loang ra một gam màu không bao giờ  lặp lại.</p>\r\n<p>Bây giờ, cầu Hữu Nghị 2 nối đông bắc Thái Lan với vùng Hạ Lào,   được bắc qua sông Mê Kông, bến phà Savẳn trở về với nhịp sống của một bến đò xưa   lặng lẽ. Chiếc cầu huyền thoại làm khái niệm “Một ngày ăn cơm ba nước” (sáng ăn   xôi ở Mục Đa Hán (Thái Lan), trưa có mặt ở Savẳn (Lào) và tối ung dung ăn cơm ở   Quảng Trị của Việt Nam) thành hiện thực một năm nay. </p>\r\n<p>Cầu Hữu Nghị 2 góp phần sôi động, là động lực cho sự cất cánh của   các nước trên hành lang kinh tế Đông - Tây, nối Việt Nam, Lào, Thái Lan,   Myanmar. </p>\r\n<p>Dọc bờ sông từ bến phà đến chân cầu Hữu Nghị 2, sau khi có sự đầu   tư nâng cấp bờ kè bằng bê tông, trồng cỏ và hoa chăm pa, lát gạch hồng dọc lối   đi và đặt nhiều ghế đá, nơi đây mặc nhiên trở thành chỗ hóng mát lý tưởng, thu   hút rất nhiều những người trẻ tuổi. Họ đến bờ sông để chờ chút chiều giục đêm   buông màn và lai rai bia Lào, thứ bia phổ biến nhất ở đây, ăn cá nướng vớt từ   sông Mê Kông lên, mề gà nướng đặt từ các bản quanh vùng đem ra, mực nướng từ   Quảng Trị sang... </p>\r\n<p>Người Lào ăn uống chừng mực, nói năng nhỏ nhẹ, cử chỉ khiêm   nhường, dù có phấn khích cùng bia rượu, họ cũng chỉ rủ rỉ chuyện trò trong tiếng   nhạc rộn rã từ chiếc loa đặt bên vệ cỏ. </p>\r\n<p>Tôi lạc vào một vuông chiếu của đám bạn trẻ cất công từ Chămpasắc   xuống đón hoàng hôn ở Savẳn. Rượu đế Chămpasắc đựng trong chai nhỏ nửa lít, ngon   nức tiếng, có thể đọ với Kim Long mỹ tửu của Quảng Trị. Đám bạn trẻ uống nhiều   rồi, nhìn thấy tôi vẫn nhiệt thành mời vài chén, sau đó chắp tay trước ngực chào   từ biệt với cử chỉ thân ái.</p>\r\n<p>Tôi ngước nhìn lên vòm cầu Hữu Nghị 2. Cây cầu tạc trong ráng   chiều một nét cong cường tráng. Những chiếc xe ô tô từ Thái Lan vút qua. 5 phút   để qua sông Mê Kông so với hàng giờ đồng hồ sốt ruột chờ đợi, lặn lội xuống bến   với bậc tam cấp dài dằng dặc, dựng đứng ở bến phà Savẳn nếu muốn qua Thái Lan   như cách nay vài năm. </p>\r\n<p>Các nước trên Hành lang kinh tế Đông - Tây đều đặt rất nhiều kỳ   vọng vào cây cầu này. Nó có vai trò “khai thông huyệt đạo” cho vùng đất chưa   phát triển dọc tuyến hành lang để vươn ra hội nhập kinh tế. </p>\r\n<p>2. Báo Savanphathana, cơ quan ngôn luận của tỉnh Savanakhẹt, nơi   tôi tới thăm người quen cũ nằm lọt thỏm giữa khu phố cổ với những căn nhà xây   liền kề. Ở đấy, thanh âm từ tiếng chuông nhà thờ phía kế bên, tiếng đọc kinh ban   mai vọng lại trong lòng chùa chiền gần gũi và tiếng sóng của dòng sông Mê Kông   cuộn chảy ngoài kia cũng đều dễ dàng cảm nhận được. </p>\r\n<p>Đã sắp chuyển sang mùa khô, ở thị xã Savẳn - trái tim của   Savanakhẹt, lá ngoài đường rụng nhiều. Người công nhân vệ sinh môi trường cứ   sáng lên đi dọc theo chiều gió thổi, gom nhặt từng chiếc lá dán mình xuống mặt   đường. Họ làm việc chăm chút, chậm rãi như nhịp sống khoan hòa của người dân nơi   đây.</p>\r\n<p>Để khi ban mai ló rạng, những đoàn nhà sư khoác áo cà sa màu vàng   thắm thả bộ trên các tuyến đường. Những tốp người dân, đa phần là phụ nữ, y phục   tươm tất, trải chiếu ngồi chờ đợi. Khi đoàn nhà sư đi qua, từng chiếc âu vàng   được mở ra. Những người cúng đường nhanh tay bỏ vào đó những nắm cơm nếp đang   bốc khói, những hoa quả tươi, những thức ăn vừa mới nấu xong... với vẻ mặt thành   kính. Những tà áo cà sa đã làm ấm thêm đường phố Savẳn khi mùa mưa chưa   qua...</p>\r\n<p>3. Anh Sylămphăn, Phó Trưởng Ban biên tập báo   Savanphathana khuyên tôi cứ coi Savẳn như nhà mình, cần chi cứ đề xuất, đừng   ngại. Khi biết tôi muốn đến thăm bà con Việt kiều, anh sốt sắng sắp xếp để anh   Khun My đưa tôi đi. </p>\r\n<p>&nbsp; </p>\r\nAnh Khun My, phiên dịch cho tôi là đại úy quân y   Quân đội nhân dân Lào, từng có 6 năm học tại Học viện Quân y Quân đội nhân dân   Việt Nam ở Hà Tây. Tôi đùa với Khun My rằng, anh là người Lào có “nội ngữ” là   tiếng Việt, vì ngay cả một số từ chuyên môn y khoa, anh diễn đạt rất tốt bằng   tiếng Việt, sau đó mới tra từ điển để chuyển ngữ sang... tiếng Lào.\r\n</p>\r\n<p>Khun My có hai con gái đều học ở trường của Việt kiều, thông thạo   tiếng Việt từ bé. Ngoài giờ làm việc, Khun My còn mở thêm một lớp dạy tiếng Việt   cho hơn 10 người, cán bộ có, người buôn bán có, nhưng đa phần là  học sinh người   Lào chuẩn bị sang Việt Nam du học...</p>\r\n<p>Khun My dẫn tôi tới thăm trường mẫu giáo Lạc Hồng ngay tại trung   tâm thị xã, với quy mô 4 lớp, 130 cháu theo học. Trường do Hội người Việt Nam   tại Savẳn lập ra, dạy theo chương trình của Bộ Giáo dục Lào nhưng tiếng Việt   được chú trọng. </p>\r\n<p>Ở lứa tuổi mẫu giáo, các cháu có thể trao đổi với nhau bằng tiếng   Việt một cách thành thạo. Chúng tôi đã gặp ở đây 4 cô giáo đến từ Vĩnh Linh mới   qua giúp trường dạy tiếng Việt. Hèn gì khi nói chuyện với tôi, các cháu bé   người  Lào không chút bối rối khi nghe  mô tê răng rứa đặc trưng Quảng Trị.</p>\r\n<p>Cô giáo Hứa Thị Ngọc Huệ, Hiệu trưởng trường tiểu học Thống Nhất,   gốc người Cần Thơ. Bố mẹ từ Việt Nam lưu lạc sang Campuchia, sau đó đến Savẳn và   sinh chị ở đây. </p>\r\n<p>&nbsp; </p>\r\nNgồi nói chuyện với chị, tôi tưởng như đang ở đâu đó   trên đất Quảng Trị. Xung quanh lao xao tiếng nói cười. Những cung thanh, cung   trầm ấm áp.\r\n</p>\r\n<p>Trường Thống Nhất hiện có 329 cháu theo học, trong đó có 163 học   sinh người Lào. Quy mô 5 khối 10 lớp, từ lớp 1 đến lớp 5. Theo quy định của Bộ   Giáo dục Lào, mỗi tuần có 2 tiết tiếng Việt, nhưng trường chủ động tăng lên 10   tiết để đáp ứng nhu cầu rèn chữ, rèn đọc của học sinh... </p>\r\n<p>Tình cờ tôi gặp anh Trần Kim Lân, một Việt kiều khá nổi tiếng ở   Savẳn. Anh thuộc lứa học sinh đầu tiên mà Hội người Việt Nam ở Savanakhẹt gửi về   Huế học tập gần 20 năm trước. Giờ đây anh là bác sĩ đa khoa có phòng mạch tại   trung tâm thị xã. Tuy nhiên, một lĩnh vực anh đang theo đuổi, được nhiều người   biết đến đó là biên soạn cuốn Từ điển Lào - Việt. </p>\r\n<p>Gặp tôi, anh “tiếp thị” ngay: “Nhà xuất bản tổng hợp thành phố Hồ   Chí Minh đã nhận in sách của tôi và sẽ phát hành rộng rãi trong toàn quốc trong   nay mai. Chỉ cần 10.000 kíp (hơn 20.000 đồng), các bạn sẽ được sở hữu cuốn Từ   điển có 50.000 từ. Sử dụng Từ điển Lào -Việt là bạn đã góp phần vào việc giới   thiệu, truyền bá văn hóa hai dân tộc Lào và Việt Nam anh em...”.</p>\r\n<p>Ở Savẳn hiện đã có trung tâm tiếng Việt thu hút rất đông người   theo học. Ngoài trường Lạc Hồng, Thống Nhất còn có thêm trường mẫu giáo, tiểu   học mang tên Nguyễn Trãi ở thị trấn Sênô, trường mẫu giáo Hoàng Oanh của một   Việt kiều, có gần 3.000 bà con Việt kiều đang sinh sống trên địa bàn, mỗi người   là một đại sứ của ngôn ngữ Việt. </p>\r\n<p>Savẳn còn có nhiều người như anh Khun My, đã từng sống, học tập,   công tác tại Việt Nam, giờ lại tận tụy theo đuổi một công việc gian nan là   truyền dạy tiếng Việt cho người Lào. Tiếng Việt, nhờ vậy mà có sức sống lâu bền   suốt nhiều thế hệ trên đất bạn. Đó là ngôn ngữ của tình đoàn kết, keo sơn, gắn   bó máu thịt, không dễ nơi đâu có được.</p>\r\n<p>Khun My bảo tôi, muốn nói được tiếng nước nào thì hãy uống thật   nhiều nguồn nước nơi đó. Nghe anh, chiều chiều ở trên đất nước Triệu Voi này,   tôi  ra Mê Kông để xin một ngụm nước từ dòng sông Mẹ. Những lúc như vậy, tôi để   cho Mê Kông chảy ngược vào lòng...</p>\r\n<p><em>Savẳn - Đông Hà, xuân Mậu Tý</em></p>\r\n<p>Hữu Thành - Tâm Thanh</p>\r\n</body>\r\n</html>\r\n', 3, 162, NULL, 0, 1);
INSERT INTO `tin` VALUES (2, 'Tận cùng nỗi đau', 'TP - Tên em là Thanh Trúc. Câu chuyện về em, về cô bé mồ côi cả cha lẫn mẹ, mang trong mình căn bệnh HIV/AIDS từ 4 tuổi đã tự mình ra suối tắm và giặt lấy quần áo… tôi nghĩ đến thân phận của một cây trúc mảnh mai, đơn độc giữa đại ngàn trong ngày giông bão. ', 'http://www.tienphong.vn/Tianyon/ImageView.aspx?ArticleID=108383', '2008-04-01', 1, 4, '<p>Em đang sống trong sự ghẻ lạnh của chính những người thân yêu,   thậm chí bị mang đi vứt bỏ.</p>\r\n<p>Một ngày giá rét nhất từ đầu mùa đông này tôi đã tìm về bản Bãi   Đá, xã Lục Sơn, huyện Lục Nam. Đó là một trong những nơi thuộc diện “vùng sâu   vùng xa” nhất của tỉnh miền núi Bắc Giang.</p>\r\n<p>Trong căn nhà của ông Bàn Văn Trọng - Trưởng ban Mặt trận thôn có   một bé gái có cái tên thật đẹp: Bàn Thị Thanh Trúc. Thanh Trúc là cháu gọi ông   Trọng bằng bác ruột. </p>\r\n<p>Sẽ chẳng có gì quá đặc biệt khi một đứa trẻ mồ côi cả cha lẫn mẹ   được cô dì chú bác nuôi dưỡng, dù đó là một đứa trẻ có HIV. Nhưng câu chuyện mà   tôi sẽ kể không phải là những chuyện thông thường đó. </p>\r\n<p>Kết cục bi thảm của một chuyện tình</p>\r\n<p>Cùng vượt núi Yên Tử đi làm ở Quảng Ninh, Bàn Văn Trung sinh năm   1976 làm mỏ, Bàn Thị Nguyên sinh năm 1979 sang đó nấu cơm, gánh than thuê để   kiếm sống. Những điểm tương đồng đã gắn họ lại với nhau. Cưới nhau năm 2001,   tháng 9/2002, họ sinh bé gái đặt tên là Bàn Thị Thanh Trúc. </p>\r\n<p>Thanh Trúc hay ốm đau sài đẹn nên hai vợ chồng Trung - Nguyên   phải thường xuyên thay nhau đi làm thuê ở Quảng Ninh để kiếm sống. Khi bé Thanh   Trúc được gần 4 tuổi, cả hai vợ chồng Trung - Nguyên đều gầy rộc đi, khắp người   có nhiều nốt ngứa. \r\n\r\n<p>Rất nhiều lá cây rừng chuyên chữa trị mẩn ngứa đã được Trung lấy   về đắp nhưng đều không khỏi. Sức khoẻ của hai vợ chồng ngày càng sa sút. Một   người bạn của Trung khi vén lưng bạn lên đã thảng thốt nói rằng “mày bị si-đa   rồi Trung ơi!”. </p>\r\n<p>Câu nói ấy như khúc cây phang mạnh vào đầu làm Trung choáng váng.   Đến khi Bệnh viện 43 và Trung tâm tư vấn phòng chống HIV/AIDS của tỉnh đều kết   luận là dương tính với HIV, Trung tưởng chừng như không chịu nổi, trời đất quay   cuồng. </p>\r\n<p>Những triệu chứng về căn bệnh đã rõ, Trung hiểu rằng, vợ và con   mình cũng đã nhiễm HIV. </p>\r\n<p>Mặc dù có bệnh nhưng Nguyên vẫn phải sang Quảng Ninh làm than   thuê. Công việc của Nguyên thực chất là đi đào trộm than hay còn gọi là làm than   thổ phỉ đã vắt kiệt sức của cô. Ở Quảng Ninh về, Nguyên bị tiêu chảy suốt không   thuốc nào cầm được. Người cô chỉ còn da bọc xương. Chừng nửa tháng sau thì   Nguyên chết. </p>\r\n<p>Đám tang của Nguyên lèo tèo hơn chục người. Nỗi sợ hãi, sự ám ảnh   về căn bệnh AIDS như con rắn độc luồn lách khắp bản làng, vào từng ngõ ngách của   mỗi nhà, mỗi người. </p>\r\n<p>Nguyên là người đầu tiên trong bản chết vì căn bệnh quái ác mà   trước đó đa số người dân trong bản chỉ nghe nói trên ti-vi, trên đài. Sau khi vợ   chết, Trung cũng như ngọn đèn trước gió, sống lay lắt qua ngày. Anh nằm bệt trên   giường, hầu như không đi lại được. </p>\r\n<p>Hàng ngày chỉ có Vinh là em con ông chú qua lại chăm nom giúp anh   ăn uống đi lại… Bé Thanh Trúc ở cùng với bố. Buổi chiều ngày 27/11/2006, khi bé   Trúc cũng tha thẩn ngoài bờ dậu thì Trung ngậm một kíp mìn vẫn dùng để đánh đá   làm than, dùng hai tay đấu hai đầu dây điện với hai quả pin để kích nổ. Sau   tiếng nổ ấy, là tiếng khóc xé lòng của Trúc. </p>\r\n<p>Em ra bờ suối, nước mắt chảy tràn. Ông Tiến - nay là Trưởng thôn   Bãi Đá đi ngang qua thấy Trúc đứng khóc bèn hỏi: “Sao mà khóc thế Trúc? Thế bố   cháu đã ăn cơm chưa?”.</p>\r\n<p>“Bố cháu chết rồi!”- Bé Trúc nghẹn lời. </p>\r\n<p>Dù trưởng thôn Bãi Đá phóng xe đến từng nhà vận động nhưng đám   tang của Trung cũng chỉ lèo tèo có vài ba người hàng xóm và anh em trong nhà. </p>\r\n<p>Những người khâm liệm và chôn cất Trung và trước đó là Nguyên đều   mặc áo mưa, đi găng tay, đeo khẩu trang cẩn thận. Mộ của hai vợ chồng được đặt   song đôi trên đồi bạch đàn heo hút gió, cách nhà chừng nửa cây số. </p>\r\n<p>Cái chết của đôi vợ chồng Trung - Nguyên đã trở thành sự kiện   kinh hoàng đối với người dân địa phương. Căn bệnh thế kỷ ấy đã làm cho nhiều   người run sợ, hãi hùng còn hơn cả những ám ảnh về con ma rừng. </p>\r\n<p>Suốt trong nhiều ngày, kể từ khi Nguyên và Trung chết, nhiều gia   đình không dám ra suối tắm giặt, lấy nước. Ngôi nhà của họ cũng không ai dám bén   mảng tới… </p>\r\n<p>Cây trúc mảnh giữa đại ngàn giông bão</p>\r\n<p>Thanh Trúc khi ấy mới được 4 tuổi. Bé được đưa về ở với bác ruột.   Từ khi có bé Trúc về nhà, trong làng ngoài xã chẳng mấy ai dám bén mảng tới gia   đình ông Trọng. Trẻ con trong bản cũng không chơi với Trúc. </p>\r\n<p>Ông Trọng làm cho Trúc một cái giường bằng những đoạn cây bạch   đàn ghép lại, trông giống như cái cũi. Nhìn cái màn một đầy những vết ố vàng,   đen bẩn thỉu lúc nào cũng buông thõng quết đất, tôi đồ rằng từ khi người ta mắc   chiếc màn đó, chưa hề có ai đụng vào lần nào. </p>\r\n<p>Trong chiếc màn là chăn và quần áo của Trúc chất đống ngổn ngang,   cáu bẩn. Phía dưới chân giường là một ca nước và một chiếc cốc lem nhem, bên   cạnh là một túi đường để “khi nào muốn thì cứ bốc mà ăn”. </p>\r\n<p>Từ khi bố mẹ chết, Trúc cứ lặng lẽ tự chơi một mình. Không ai   muốn đến gần em không ai chăm sóc em. Và em cũng như biết thân biết phận mình   nên chẳng bao giờ dám quấy khóc, đòi hỏi. </p>\r\n<p>Đến bữa, Trúc cũng được bác cho ăn cơm nhưng chỉ được ngồi riêng   một góc, không được ngồi cùng mâm với mọi người. Mùa nóng, những nốt mẩn ngứa   trên đầu sau gáy đau rát, Trúc tự ra suối tắm. </p>\r\n<p>- Con tự mình ra suối tắm à?</p>\r\n<p>- Vâng, con tự tắm mà! </p>\r\n<p>- Thế ai giặt quần áo cho con?</p>\r\n<p>- Con tự giặt…</p>\r\n<p>- Có xà phòng không?</p>\r\n<p>- Có. Bá Sơn (bác của Trúc) cho con một ít…</p>\r\n<p>Không giống như những gì tôi nghĩ, căn nhà của ông Trọng - bác   ruột của bé Trúc cũng không đến nỗi nhà tranh vách đất. Căn nhà ấy, ngoài chiếc   “giường cũi” của Trúc ra thì mọi thứ khá ngăn nắp, nhà lát gạch đỏ, bàn ghế,   giường tủ, xe máy đều có đủ. </p>\r\n<p>Cạnh chiếc “giường cũi” của Trúc còn có chiếc ti-vi đen trắng vẫn   còn xem được. Vừa rót nước tiếp tôi, ông Trọng bảo: “Nó khôn lắm vớ! Mang vất nó   đi tận Bệnh viện Hải Dương mà nó vẫn về được đấy mà!” “Sao lại đem vứt cháu đi?”   “Thì họ hàng anh em bảo thế thì mang vất thôi. </p>\r\n<p>Bọn ta nghĩ rằng nó còn nhỏ thì chưa biết gì. Định mang lên Bệnh   viện Lạng Sơn vất. Nhưng gần thế, con này nó khôn nó sẽ về được thôi mà, thế là   bọn ta mang vất nó ở khoa nhi- Bệnh viện Hải Dương. Tôi bảo nó cứ ở đấy chờ, bác   đi mua bánh và máy xúc cho mày. Nó đứng đó còn bọn ta đi về…”.</p>\r\n<p>Chị Hoa - vợ trưởng thôn Nguyễn Quang Tiến cũng như nhiều bà con   khác trong bản, không bằng lòng với cách làm của gia đình ông Trọng. “Dù sao   cũng là con cháu mình mà. Nếu không nuôi thì phải làm văn bản gửi Hội Phụ nữ,   Chữ thập đỏ của xã chứ sao lại đem vứt? Tội nghiệp lắm!” </p>\r\n<p>Chị cũng là một trong số ít những người biết rằng HIV/AIDS không   lây dễ dàng thế đâu nên thi thoảng vẫn sang chơi với cháu, cho cháu vài đồng để   mua kẹo…</p>\r\n<p>Trước khi bỏ cháu lại BV Hải Dương, ông  Trọng  đã viết mấy dòng   bỏ vào túi áo của Trúc, đại ý rằng: Cám ơn bác sỹ, đứa này bố mẹ nó chết hết rồi   nhờ bác sỹ nuôi, chữa bệnh cho nó nhưng phải bịt mồm đeo găng tay vào đấy! </p>\r\n<p>Ông Trọng không ghi địa chỉ, không ký tên gì cả nhưng khi các bác   sỹ hỏi thì Trúc lại nói rành rọt “Cháu tên là Bàn Thị Thanh Trúc. Bố cháu là Bàn   Văn Trung, mẹ cháu là Bàn Thị Nguyên. Bác cháu là Bàn Văn Trọng. Nhà cháu ở thôn   Bãi Đá, xã Lục Sơn, huyện Lục Ngạn”. </p>\r\n<p>Những thông tin đó, bé Trúc chỉ nhầm huyện Lục Nam thành Lục Ngạn   và đó là lý do hơn một tuần sau, Trúc được các bác sỹ ở bệnh viện đưa về nhà.   “Trên đường đi, nó chỉ đường đúng lắm vớ, không sai đâu! Thế mới bảo cái con này   nó khôn lắm mà!- Ông Trọng nói- Hôm nó về có nhiều người trên ô tô cùng xuống.   Họ cho nhiều đồ lắm, chăn màn quần áo cũng nhiều, đồ chơi kẹo bánh cũng nhiều   lắm vớ! Họ còn đưa tiền của các bác sỹ ở Bệnh viện Hải Dương quyên góp và cả thư   của một bà gì đó ở Sao Đỏ- Hải Dương.  </p>\r\n<p>Trong thư bà ấy bảo rằng, con bà cũng bị bệnh như thế, nhưng đừng   vất đi mà phải tội. Ngoài lá thư, bà ấy còn gửi hai trăm nghìn đồng cho cháu.   Trên xe hôm ấy còn có một bà nhận cái Trúc làm con nuôi, đến nhà bà ấy cứ ra   vườn, chúi đầu vào gốc mít mà khóc… </p>\r\n<p>Mấy bác sỹ ở Bệnh viện Hải Dương còn lên một lần nữa cơ. Lần đầu   họ nói ta chẳng ra gì. Nói ghê lắm! Lần sau họ lên thì cứ im lặng thôi, không   nói nữa! Ta cũng thấy khổ lắm mà! Có ông ở Lục Ngạn đang tìm cách chữa bệnh   si-đa bằng thuốc nam bảo bọn ta mang nó sang, ông ấy thử chữa xem có khỏi không   - Vợ ông Trọng tên là Sơn nhắc chồng. “Nhưng mà nếu có mang sang để ông ấy chữa   thì mình cũng phải làm cam kết với ông ấy. </p>\r\n<p>Cam kết là nếu chữa khỏi được cho nó thì không được lấy tiền! Nếu   không chữa khỏi mà nó chết ở bên đó, thì chôn ở bên ấy, không được mang về. Nó   còn nhỏ mà, chôn ở bên đó cũng không sao…” - Ông Trọng nói đầy vẻ suy tính.</p>\r\n<p>Tôi giật mình vì cách nghĩ của ông Trọng, thảng thốt quay sang   nhìn Trúc. Cô bé vẫn loay hoay với những bịch sữa tươi mà tôi mang đến nhưng mắt   và tai vẫn không rời chúng tôi. Đôi mắt của bé Trúc to, đen tròn nhưng ngơ ngác   u buồn. Bé không nô đùa, cười nói chỉ đứng tựa cửa nhìn lấm lét. Khi bác gọi   đến, bé luôn ngoan ngoãn khoanh tay trước ngực và biết cảm ơn khi ai đó cho quà. </p>\r\n<p>Anh Sáng, một cán bộ ở Hạt kiểm lâm Lục Nam - người đi cùng tôi   hỏi nhỏ: “Mình nói chuyện thế này cháu nó hiểu không?” “Nó hiểu chứ, nó biết hết   mà! Có người cũng hỏi nó có đi chữa bệnh không, nó bảo: “Con không. Con nằm ở   giữa bố và mẹ trên đồi kia!”- Ông Trọng nói.</p>\r\n<p>Khi tôi đề nghị được cùng cháu Trúc lên đồi bạch đàn thắp hương   cho bố mẹ cháu, ông Trọng và vợ đồng ý nhưng ông có vẻ ngại ngần khi nhấc Trúc   lên xe. Đến nơi, ông Trọng đạp chân chống nhưng cứ để Trúc trên xe loay hoay mãi   không xuống được. </p>\r\n<p>Tôi lại gần bế Trúc xuống đất rồi cùng cháu lên đồi. Giữa mênh   mông rừng núi, ở lưng chừng đồi bạch đàn heo hút có hai ngôi mộ nằm kề nhau,   không có bia đề tên tuổi. Tôi châm hương rồi đưa cho Trúc mấy nén. Cô bé 6 tuổi   loay hoay mãi mới cắm được chân hương xuống nền đất khô cằn… </p>\r\n<p>Gió rừng trong ngày giá rét như càng buốt hơn. Tôi lấy trong túi   một ít tiền rồi đưa cho cháu để dành mua kẹo. Ông Trọng bảo: “Sao bác cho cháu   nhiều thế? Mang về đưa cho bá Sơn cất hộ không mai tao lấy đi uống rượu hết   vớ!”. </p>\r\n<p>Ông Trọng không đưa Trúc về mà phóng xe đi đâu đó. Một mình Trúc   lủi thủi đi giữa con đường đất đỏ mịt mờ, xung quanh em là đại ngàn rừng núi.   Tôi ngoái theo chụp với lấy một tấm ảnh mà nước mắt cứ trào ra...</p>\r\n<p>Đỗ Sơn</p>\r\n', 9, 9, NULL, 0, 1);
INSERT INTO `tin` VALUES (3, 'Chuyện ở xứ Đền thiêng Đồng Cổ', 'TP - Bây giờ bên tôi là ông Tuân và trong tay ông là bản chụp đồng thời là bản dịch của các cuốn A.226 và A.838. Trí nhớ của  cụ Trịnh Duy Hy, thân sinh ông Tuân vào những năm cuối đời đã không lầm. ', 'http://www.tienphong.vn/Tianyon/ImageView.aspx?ArticleID=107579', '2008-04-02', 1, 4, '<p>Tôi cầm lên cuốn Tam Thai sơn linh tích nhất bản (bản duy nhất về   linh tích núi Tam Thai) bằng chữ Hán do Lam Kiều Nguyễn Dật Sảng tiên sinh viết   trong những năm đầu của thế kỷ XIX. </p>\r\n<p>Chưa rõ Lam Kiều Nguyễn Dật Sảng là ai nhưng bằng lao động công   phu cộng với nhiệt tình, sự cảm mến một vùng đất địa linh nơi có đền thiêng Đồng   Cổ, tiên sinh đã biên soạn tỷ mỷ và khoa học 4 chương chính. 1. Sự tích thần núi   Trống Đồng. 2. Tham khảo linh tích. 3. Bia đá minh và ký. 4. Sắc phong của các   triều đại, những lệnh chỉ của các Chúa Trịnh trong đó có Triều Tây Sơn. </p>\r\n<p>Tôi thầm nghĩ, phần thứ 4 hay chương 4 lẫn chương 3 của cuốn sách   này mới là quan trọng đã góp phần minh định lẫn sáng tỏ vị thế trong lịch sử lẫn   tâm linh của Đền Đồng Cổ Đan Nê suốt cả một chặng dài lịch sử từ Lý Trần đến Tây   Sơn. </p>\r\n<p>Điều  quý giá là toàn bộ những sắc phong chiếu chỉ (ở trong đền   nếu có) lẫn phần câu đối đại tự bị bom Pháp phá hủy năm 1949 đều được tiên sinh   Nguyễn Dật Sảng biên chép kỹ trong cuốn Tam Thai sơn linh tích này! </p>\r\n<p>Điều thú vị hơn trong bản chữ Hán A.838 như lời người dịch (cử   nhân kinh tế Hà Văn Giác) rằng là bản sao các sắc phong và các lệnh chỉ của các   triều Vua trong đó cũng sao lại Tam Thai sơn linh tích của Lam Kiều Nguyễn Dật   Sảng do các cụ: Cử nhân Hà Phạm Huy kiểm, Tú tài Trịnh Duy Khiêm đọc, Lý trưởng   Trịnh Lưu Cầu viết vào năm Duy Tân thứ 6 (năm 1912) tức là hơn 100 năm sau khi   Lam Kiều Nguyễn Dật Sảng tiên sinh viết Tam Thai sơn linh tích. </p>\r\n<p>Đến đây,  cái câu của người xưa Châu về Hợp phố để chỉ sự may mắn   kỳ diệu nào đó, hẳn có thể vận tương đối chính xác vào người cháu đích tôn của   cụ Tú  Trịnh Duy Khiêm, người đã từng tham dự vào việc xuất bản lẫn tác giả của   bản A.838 năm 1912 là ông Trịnh Duy Tuân và người em là ông Trịnh Duy Luân, Viện   trưởng Viện xã hội học!</p>\r\n<p>...Tôi ngó mãi tấm hình ông cụ thân sinh ra ông Tuân trong bộ   comple màu trắng mũ phớt bên cạnh là người vợ  trong bộ sắc phục màu trắng. Cả   hai đều e ấp dưới một gốc dừa mới lớn. Ảnh chụp năm 1938 trong ngày cưới. Rõ ra   một khung cảnh dư dả của một phú hào ở nông thôn vào những năm ba mươi của thế   kỷ trước! </p>\r\n<p>Thời ấy mấy đám cưới ở nông thôn mà dám bận âu phục và lại dám   chụp ảnh? Hết hồi bĩ cực lại đến hồi thái lai và rồi lẽ thịnh suy lại lộn lại.   Âu cũng là thứ thường của dịch biến! Dưng mà kỳ diệu thay, cái thứ thụ mộc như   gốc dừa, vật chứng của một thời thịnh ấy sau bao nhiêu tao loạn ấy, đến nay như   ông Tuân cho hay là hẵng vẫn còn! \r\n\r\n<p>Khi tôi hỏi ông có ý định chuộc lại khoảng vườn có gốc dừa kia   cùng với ngôi nhà cũ (nghe nói vẫn đang còn) từng bị đem chia quả thực vào những   năm gian nan ấy thì ông Tuân cười cười như thể đang hỏi lại rằng không biết có   nên tiến hành việc ấy không nhỉ? </p>\r\n<p>Nụ cười ấy dường như lan tỏa trên gương mặt của ba người con ông   Tuân, cô gái lớn học xong đại học kinh tế tiếp tục làm thạc sĩ bên Úc (ngay từ   năm thứ 2 do học giỏi cô đã được một công ty của Nhật trợ cấp học bổng 50 USD/   tháng, hiện cô đang làm cho công ty đó). </p>\r\n<p>Cô con gái thứ hai là kỹ sư hiện đang làm trong một doanh nghiệp   lớn. Được biết thêm cả hai cô đều là đảng viên! Cậu út cũng tốt nghiệp đại học,   hiện làm ở Hà Nội. Tôi lan man nghĩ thêm đến cái đận ông Tuân đang học cấp hai   phải bỏ lỡ và cái đoạn phấn đấu cật lực để vào Đoàn mà vẫn không xong.</p>\r\n<p>... Đền thiêng Đồng Cổ Đan Nê đây rồi. Vài ba bận đến đền thiêng   mà lần nào cũng lạ. Lần lạ này là câu chuyện của ông Nguyện thủ từ đền thiêng.   Lại nói cái năm đền được công nhận di tích, xã cắt cử cụ Thịnh chuyên coi việc   hương khói trong đền và hướng dẫn khách tham quan. </p>\r\n<p>Từ năm cụ Thịnh mất, ông Nguyện thế chân cụ Thịnh. Khách thập   phương tham quan đền mỗi ngày một đông, lại việc đèn hương quét tước,  ông   Nguyện ôm không xuể nên xã phải kiếm thêm một vị thủ từ nữa. Việc tìm thủ từ là   cả một câu chuyện dài lẫn ly kỳ. </p>\r\n<p>\r\n<TABLE cellSpacing="0" cellPadding="7" width="254" align="left" bgColor="#e8eefa" border="0">\r\n  <TBODY>\r\n    <TR>\r\n      <TD><p>Hiện tại ở sườn núi đá Tam Thai của Đan Nê còn   lưu lại một bản văn bia bằng chữ Pháp không biết khắc từ năm nào. Bản văn bia   này bày lòng tôn sùng của người dân Đan Nê đối với thần Đồng Cổ linh thiêng. </p>\r\n          <p>Đáng lưu ý, trong bài văn bia ấy, có nhắc đến   chi tiết, tháng 9 năm 1899, có một đoàn người Pháp gồm các ông Thống sứ Chatel,   ông Pasguin, ông phó quan cai trị và ông Giáo sư Giám đốc trường Viễn Đông Bác   cổ có đến Đan Nê và thăm Đền thiêng Đồng Cổ này. </p>\r\n        <p>Các ngài cũng đã cúng vào đền 50 đồng bạc Đông   Dương để dân làng sắm sửa ít đồ cúng thần! Chi tiết ngài GS Giám đốc Viện Viễn   Đông bác cổ đã đến Đền Đồng Cổ có liên hệ chi đến cuốn Tam Thai sơn linh tích   này không? Đó có lẽ cũng là một nghi vấn cần làm sáng tỏ? </p>\r\n        <p>Và chiếc trống đồng linh thiêng từng hiện diện   ở đền  không thể không bắt mắt các quan chức người Pháp, nhất là có sự hiện diện   của ngài GS Giám đốc VĐBC, trước nhiều năm sử gia người Pháp, V. Goloubew đã tận   mắt trông thấy mà mô tả trong tập kỷ yếu B.E.F.E.O. vol XXXIII, 1933 như ở trên   đã dẫn trong các phần trước của bài   này.</p></TD>\r\n    </TR>\r\n  </TBODY>\r\n</TABLE>\r\n</p>\r\n<p>Có cụ nửa đêm thấy mình đứng giữa sân đền mà không biết duyên cớ   lý do gì mà mình lại đứng như trời trồng giữa hồi khuya khoắt như rứa? Có ông   đến đền non nửa tháng. Tưởng ngần ấy thời gian chắc yên hàn rồi nhưng bất đồ một   ngày quày quả lên Ủy ban xã dứt khoát trả lại chức thủ từ. Gặng hỏi nguyên do   thì ông tái mặt mà rằng cứ ngủ trên đền là mơ. Hỏi mơ gì thì nói sợ lắm không   thể kể ra được!? Có đến cả thảy ba ông lên đền một thời gian đều từ chối chức   thủ từ như thế... </p>\r\n<p>Rốt cuộc chỉ nhõn lại mỗi ông Nguyện. Người ta nói rằng ông   Nguyện có cái căn tu nên được thần Trống Đồng thu nạp!? Tôi gặng hỏi nhưng ông   Nguyện chỉ cười... Hỏi thăm gia cảnh, ông chỉ lên tấm ảnh màu treo trên tường ở   căn nhà ngang mé phải của đền dùng làm nơi tiếp khách và cũng là chỗ nghỉ đêm   của ông Nguyện. </p>\r\n<p>Tấm ảnh phóng to treo trên tường ấy là đại gia đình của ông. Bố   đi Vệ quốc đoàn hy sinh năm 1946. Mẹ tái giá. Ông Nguyện ở với ông bà nội. Cái   gia đình đông đúc của ông Nguyện là vợ cùng 5 con trai 8 cháu nội 6 trai hai   gái. Tôi thấy giữa tiết đông mũ lông áo ấm nhưng lúc nào cũng thấy ông Nguyện đi   chân đất. </p>\r\n<p>Ông bộc bạch rằng đi như thế quen rồi và chỉ khi ngủ ở đây ông   Nguyện mới thấy khỏe khoắn sảng khoái! Tôi theo ông Nguyện lạt sạt chân đất lên   đền dâng hương. So với lần viếng đền trước, nội thất đền có vẻ như khang trang   hơn? </p>\r\n<p>Hay bên dưới bức đại tự Hồng Bàng Duy Vận có đôi câu đối của   Hoàng giáp đời Lê Nguyễn Đức Lý Thiên vi anh địa vi linh Tất mã giang tây Thanh   miếu cổ/ Thần đương trung, tử đương hiếu Thăng Long thành bắc thệ đàn cao (Tạm   hiểu: Trời đất anh linh bên phía Tây dòng Mã giang sừng sững tòa miếu cổ/ Làm   tôi phải trung làm con phải hiếu, vang vọng lời thề trời bắc Thăng Long). Dâng   hương xong đang giật lùi lại thì ông Nguyện dáng vẻ trân trọng thành kính pha   chút sợ hãi chỉ cho tôi chiếc trống đồng của tổ chức văn hóa Thụy Điển Việt Nam   tặng cho đền đặt ngay trước ban thờ. </p>\r\n<p>Tôi ngó kỹ thấy cái trống đường kính non một mét này tuy lớn   nhưng là loại trống thường thấy được sản xuất hàng loạt với các kích cỡ khác   nhau. Trong đền có một cái trống đồng cổ nhưng không phải trống mà trong tập kỷ   yếu B.E.F.E.O. vol XXXIII, 1933, học giả V. Goloubew đã mô tả  như đã nói, chiếc   trống thiêng có từ thời nảo nao truyền rằng có từ thuở Vua Hùng ấy chắc đã thất   lạc rồi! </p>\r\n<p>Cái trống thờ hiện được đặt trang trọng  trong hậu cung là thời   Đông Sơn và đã được làm lễ hô thần nhập trống cái năm khánh thành đền. Mãi khi   ra đến sân, vẫn giữ nguyên nét mặt thành kính có pha chút sợ hãi ấy, ông Nguyện   thầm thĩ kể tôi nghe trong khu vực đền có một con rắn trắng mà ông Nguyện gọi là   ngài! </p>\r\n<p>Ngài to bằng cỡ cổ chân dài hơn hai thước sống ở đây bao lâu   không biết nhưng thi thoảng những ngày nắng ráo lại bệ vệ oằn mình diễu trên sân   đền. Những người yếu bóng vía thường run rẩy lặng phắc thậm chí chết khiếp mỗi   khi chứng kiến ngài oằn mình như thế. Ông Nguyện thường xuyên gặp ngài. </p>\r\n<p>Cái đận mà mọi người bắt gặp ngài khoanh tròn như chiếc nia   nghiêm ngắn ngay trước cái trống đồng là vào cữ tháng 2 Âm lịch năm 2006.  Bữa   đó có cô giáo Oanh ở một trường đại học nào đó ở Hà Nội dẫn học sinh chật ních   trên 2 chiếc xe ca đến tham quan đền. </p>\r\n<p>Khi chứng kiến ngài khoanh như thế, từ cô giáo đến học sinh không   ai dám vào đền thắp hương nhưng khi ông Nguyện đốt hương khấn khứa một lúc thì   ngài lặng lẽ bỏ đi đâu mất. Bữa ấy, sau khi cô trò lễ xong thì một đàn bướm sặc   sỡ có đến hàng ngàn con bay tóa ra làm rợp cả khoảng sân đền. </p>\r\n<p>Sau khi chia tay ông thủ từ, tôi có nán lại chuyện vãn với hai cụ   đang dong đàn bò mé trước cổng tam quan. Các cụ đều xác nhận trong đền có con   rắn trắng ấy và cho biết thêm, ba quả núi đá che chắn cho đền và cái hồ bán   nguyệt có tên là Tam Thai ấy từ bao đời nay thủy thổ rất thích hợp cho nhiều   loại trăn rắn cư trú và cũng có vô số loại bướm nữa nên việc rắn vào đền có lẽ   cũng là sự thường!    </p>\r\n<p>Đất tuần nhân vận. Tạm biệt ông thủ từ đang có một gia cảnh đông   đúc, ban nãy có bộc bạch rằng hai anh em nhà ông Tuân có công lắm lắm trong việc   xây dựng đền nhất là việc tìm được sách cổ để di tích này mau được công nhận...  </p>\r\n<p>Tôi ngoái lại lần nữa ngôi  Đền Đồng Cổ Đan Nê linh thiêng được   sắc phong của chính thể đang tỏa linh khí ấm áp phù trợ đất nước lẫn lương dân   Việt hay sinh khí của làn gió Đổi mới đã và đang làm lành bao thân phận như gia   đình ông Tuân?</p>\r\n<p align="right"><EM>Làng Lon mùa lạnh</EM> <BR>\r\n    <STRONG>Xuân   Ba</STRONG></p>\r\n', 10, 0, NULL, 0, 1);
INSERT INTO `tin` VALUES (4, 'Thăm trang trại bò lớn nhất Việt Nam', 'TP - Thu nhập từ đàn bò góp phần đưa Huy vào đại học. Tốt nghiệp đại học Huy trở lại nuôi bò. Trang trại của ông chủ 35 tuổi Phan  Đình Huy hiện có hơn 3.000 con bò và gần 1.000 con dê. Chàng cử nhân kinh tế đánh ô tô  trông bò... ', 'http://www.tienphong.vn/Tianyon/ImageView.aspx?ArticleID=106624', '2008-04-02', 1, 4, '<p>Những chú bò trên thảo nguyên H’Bông</p>\r\n<p>Từ phố núi Pleiku xuôi về Phú Yên theo quốc lộ 25, đoạn qua  thảo   nguyên H’Bông (Chư Sê, Gia Lai) lữ khách không khỏi ngạc nhiên thú vị ngắm những   đàn bò hàng nghìn con say sưa gặm cỏ ven đường. Vùng giao thoa khí hậu đông và   tây Trường Sơn này ngày mưa kéo dài đồng cỏ phát triển đủ để hàng chục ngàn con   bò quanh năm béo tròn.</p>\r\n<p>Gia đình Phan Đình Huy chọn mảnh đất này lập nghiệp chăn nuôi từ   những năm tám mươi thế kỷ trước. Nhà ở Phú Thiện- Auynpa-Gia Lai, kiếm miếng cơm   trong thời bao cấp đầy khó nhọc, ông Phúc-cha Huy quyết định để vợ con lại, một   mình dắt bò đi 40-50km vượt đèo Chư Sê lên H’Bông đất rộng người thưa chăn nuôi.   Lúc đầu gia sản ông chỉ vài ba con bò cái làm giống. Qua thời gian chúng sinh   sản ngày một đông, hiệu quả chăn nuôi rõ dần. </p>\r\n<p>Từ vài con ban đầu lên hàng chục, hàng trăm rồi hàng nghìn con.   Đến nay trang trại của Huy giữ mức sàn 2.700 con bò, bình quân mỗi năm xuất   chuồng 1.000 con. Trang trại của anh chia làm 20 trại  bò riêng, giao khoán cho   từng hộ và hàng trăm gia đình nhận khoán chăn nuôi. </p>\r\n<p>Trong hội nghị về Kế hoạch chăn nuôi từ 2007 đến 2010 của Bộ NN   &amp; PTNT tổ chức tại TP HCM với sự góp mặt của đại diện 56 tỉnh thành, trang   trại của Huy được Bộ NN&amp;PTNT ghi nhận lớn nhất Việt Nam hiện nay.</p>\r\n<p>H’Bông còn có 7-8 trang trại khác có số lượng đàn bò từ năm bảy   chục đến vài ba trăm con. Một số người ở Phú Thiện, Phú Túc , Plei Ku rồi tận   Phú Yên, Đăk Lăk, Bình Định… cũng đến đây mở  trại nuôi bò. Xã H’Bông-Chư Sê và   xã Hà Tam, Đăk Pơ trở thành 2 địa phương có đàn bò lớn nhất Gia Lai. </p>\r\n<p>Lăn lộn với đàn bò mấy chục năm liền, gia đình anh Huy mày mò học   cách chữa các loại bệnh ở loài động vật móng guốc này. Năm 2006, 2007 dịch lở   mồm long móng gia súc bùng phát lan rộng trong cả nước. </p>\r\n<p>Trong khi đó bệnh lở mồm long móng đối với trâu bò ở Tây Nguyên   xảy ra thường xuyên. Năm 1998 - 1999, trang trại của Huy có khoảng 500 con bò bị   bệnh. </p>\r\n<p>Đứng trước tình thế bi đát, hàng trăm con chết dần chết mòn, công   sức tiền của gia đình tích cóp mấy chục năm ròng có thể bay hết, cha con anh Huy   mất ăn mất ngủ nghiên cứu triệu chứng bệnh và tìm giải pháp điều trị. </p>\r\n<p>Khi mắc bệnh bò bị sốt cao, việc đầu tiên là tìm cách hạ nhiệt cơ   thể chúng. Tiếp đến là dưỡng bệnh bằng loại thức ăn bổ, mềm, dễ tiêu hóa. Bệnh   lở mồm, long móng quật ngã gia súc nhanh, theo Huy có nguyên nhân gián tiếp do   ấu trùng ruồi, nhặng bu lên vết thương gây ra. </p>\r\n<p>Ấu trùng lớn nhanh, vài ngày sau là đục khoét vào xương tủy bò   làm chúng chết nhanh. Để vết thương tránh lở loét do nhiễm trùng, cần trừ ruồi   nhặng, không để chúng đậu vào. Việc điều trị vết thương khá đơn giản. </p>\r\n<p>Gia đình Huy đã tạo ra hợp chất bằng các loại thuốc nam trộn lẫn   kháng sinh chữa dứt điểm ngay loại bệnh này. Đàn bò nhiễm bệnh về chuồng bước   qua máng thuốc ngập đến ống chân để thuốc bám vào. Những con bị bệnh ở miệng   được tách ra điều trị từ 4 ngày- 1 tuần là khỏi hẳn.</p>\r\n<p>Bây giờ hầu hết người nuôi bò ở xã H’Bông, cả đồng bào dân tộc   thiểu số đều biết phương pháp điều trị bệnh lở mồm long móng của gia súc do gia   đình Huy truyền bá. Năm 2006 - 2007, dịch lở mồm long móng cả nước lan đến   H’Bông, người dân ở đây đón nhận bình thản, xử lý nhanh, không xảy ra trường hợp   bò chết. </p>\r\n<p>Giấc mơ của ông chủ trẻ</p>\r\n<p>Năm 2002, khi Huy tốt nghiệp đại học kinh tế, ông Phan Đình Phúc   gọi con đến bảo: “Nhà đông con cái (Huy có 7 anh chị em), song con là người có   tâm có chí với nghề chăn nuôi. Cha quyết định giao lại toàn bộ sản nghiệp cho   con trông nom. Đây là vốn liếng chung cả gia đình, vì thế tất cả phải được tính   toán rạch ròi. Giao vốn chứ không cho vốn”.</p>\r\n<p>Chàng cử nhân kinh tế thay cha quản lý trang trại lúc này có   1.600 con bò. Một số cách thức làm ăn được anh hạch toán, quy định lại. Huy tăng   lượng bò lên gấp đôi, giữ mức sàn 2.700 con, số tăng trưởng bán dần, mỗi năm   khoảng 1.000 con. Đàn bò được giao khoán cho người lao động. </p>\r\n<p>Mỗi trại từ 70-100 bò giống, hộ gia đình từ 2-3 lao động đảm nhận   một trại. Cơ sở vật chất của trại như chuồng nuôi gia súc, nhà ở cho người lao   động do anh xây dựng. </p>\r\n<p>Người nuôi có 10 con bò giống “ăn chia đôi”, nghĩa là 10 con bò   đẻ 1 lứa họ được 5 con bê. Số bò còn lại Huy trả công chăn 250.000đ/con/năm. Bê   sinh ra trong 1 năm tiền công 175.000đ/con. Phân bò người nuôi khai thác, tiêu   thụ. Nhiều hộ gia đình từ tay trắng, gắn bó với trang trại gia đình Huy giờ có   tiền tỷ.  </p>\r\n<p>Như anh Tư Tống quê ở Bình Định năm 1993 bỏ quê dắt người yêu   trốn lên đây lập nghiệp. Được gia đình ông Phúc khoán cho 1 trại bò, trong vòng   7 năm anh Tống được vốn kha khá, tự mở trang trại riêng. Nay trang trại anh có   hơn 200 con bò.</p>\r\n<p>Ngoài cách khoán theo trang trại, anh Huy còn hỗ trợ bò cho  hộ   đồng bào thiểu số trong vùng mỗi hộ từ 1-2 con bò giống. Ngay năm đầu tiên bê   sinh ra chia cho người nuôi, con thứ 2 mới giao cho chủ. </p>\r\n<p>Nếu nhận 2 con giống chăn dắt từ 4-5 năm người nuôi sẽ có 5 con   cả bò lẫn bê. Đây là nguồn vốn quan trọng giúp hơn 300 hộ đồng bào nghèo ở xã   H’Bông và huyện Phú Thiện thoát nghèo. Chính sách ưu đãi đặc biệt này gia đình   Huy chỉ dành cho đồng bào thiểu số nghèo trong vùng.</p>\r\n<p>Việc quản lý chăm sóc thú y của trang trại anh do 1 tổ gồm 2 bác   sĩ thú y và 4 cán bộ chuyên trách theo dõi. Hàng ngày họ thay phiên nhau giám   sát, kiểm tra việc chăm sóc của những người chăn dắt, kịp thời phát hiện xử lý   dịch bệnh và tư vấn dinh dưỡng cho bò. </p>\r\n<p>Tháng 7-2007, Bộ trưởng NN&amp;PTNT Cao Đức Phát đã về đây thăm   trang trại của Huy. Bộ trưởng NN&amp;PTNT rất phấn khởi đánh giá  ngành chăn   nuôi nước nhà rất cần thêm nhiều trang trại quy mô lớn thế này. </p>\r\n<p>Huy tâm sự: Đồng cỏ cho chăn nuôi ngày một hạn hẹp. Sắp tới anh   không mở rộng mà đầu tư chiều sâu cho ngành chăn nuôi. UBND tỉnh vừa cấp cho anh   56 ha đất để chăn nuôi gắn với trồng trọt. Huy bỏ vào đây hơn 3 tỷ đồng móc hố   thoát nước, đào 4 hồ vừa nuôi cá, vừa chứa nước tưới, làm đường nội bộ, đền bù… </p>\r\n<p>Anh sẽ xây dựng nơi đây 1 trại bò giống tầm quốc gia, trồng cỏ   đảm bảo dinh dưỡng trong những ngày nắng hạn. Đầu năm 2008, Huy sẽ cho xây dựng   làng công nhân cho người chăn nuôi.</p>\r\n<p>Điều mà chủ trang trại trẻ Phan Đình Huy trăn trở nhất hiện nay   là các trang trại chăn nuôi không được tiếp cận các nguồn vốn vay phát triển   chăn nuôi thành đại gia súc như nhiều lần chủ trương, nghị quyết của Đảng, Nhà   nước đề cập. </p>\r\n<p>Tài sản hàng trăm tỷ đồng đứng đó nhưng Huy gõ cửa nhiều ngân   hàng xin vay vốn đều nhận được câu trả lời: Ngân hàng không nhận thế chấp bò! .   Sự thiệt thòi của ngành chăn nuôi như thế rất cần một chính sách đặc biệt để   tháo gỡ.</p>\r\n<p>Xã H’Bông từ một vùng đất hoang vắng, cằn cỗi đang chuyển mình   khởi sắc nhờ những đàn bò. Xuân Nhâm Tý này người chăn nuôi nơi đây càng phấn   chấn bởi giá bò tăng mạnh trở lại.</p>\r\n<p>Huỳnh Kiên</p>\r\n', 9, 0, NULL, 0, 1);
INSERT INTO `tin` VALUES (5, '70 vạn lượt người truy cập chuyên trang về nhạc sỹ Trịnh Công Sơn', 'Đến 20 giờ ngày 1/4 - đúng 7 năm Ngày mất nhạc sỹ Trịnh Công Sơn, chuyên trang Có một dòng nhạc Trịnh đã có khoảng 700.000 lượt khán thính giả truy cập. ', 'http://www.tienphong.vn/Tianyon/ImageView.aspx?ArticleID=117203', '2008-04-02', 1, 4, '', 10, 0, NULL, 0, 1);
INSERT INTO `tin` VALUES (6, '"Hồng lâu mộng" bản mới: Sẵn sàng khởi quay', 'Sau ba tháng miệt mài huấn luyện diễn viên, nữ đạo diễn Lý Thiếu Hồng cuối cùng đã chọn được diễn viên chính, quyết định khởi quay "Hồng lâu mộng" bản mới vào tháng 5 tới. ', 'http://www.tienphong.vn/Tianyon/ImageView.aspx?ArticleID=117092', '2008-04-02', 1, 4, '<p>Đào tạo diễn viên cho phim</p>\r\n<p>Để bồi dưỡng nghiệp vụ cho một dàn diễn viên đông đảo trong <EM>Hồng lâu mộng</EM> bản mới, đạo diễn Lý Thiếu Hồng đã chọn ra hơn 50 diễn   viên sau khi casting từ các trường nghệ thuật, các rạp kịch khắp cả nước, tập   trung huấn luyện bí mật tại một khách sạn ở ngoại thành Bắc Kinh, nghiêm cấm   tuyệt đối giao lưu và tiết lộ thông tin với báo chí. </p>\r\n<p>Diễn viên lớn nhất 24 tuổi, nhỏ nhất 12 tuổi. Nội dung huấn luyện   gồm các khóa học về cầm kỳ thi họa, đọc diễn cảm thơ, múa, luyện đài từ, lễ   nghi... </p>\r\n<p>Các thầy giáo giảng dạy đều là các chuyên gia trong các ngành   nghệ thuật.</p>\r\n<p>Đạo diễn Lý Thiếu Hồng giải thích: "Chúng tôi có kinh nghiệm làm   phim, nhưng thiếu kinh nghiệm bồi dưỡng và giảng dạy cho diễn viên. Vì vậy 3   tháng bồi dưỡng cho diễn viên thế này là rất cần thiết. Nhất là đối với một bộ   phim đồ sộ như <EM>Hồng lâu mộng</EM>. Qua đây, chúng tôi tự tin hơn rất   nhiều".</p>\r\n<p>Đã chọn được diễn viên chính</p>\r\n<p><STRONG>Trương Quân Ngọc</STRONG> 13 tuổi, học sinh cấp 1 trường   Ngoại ngữ Thành Đô, đã vinh dự được chọn vào vai diễn Giả Bảo Ngọc hồi nhỏ sau   khi thuận lợi đi qua hết các kỳ thi như đọc diễn cảm thơ, thi hình thể... \r\n\r\n<p>Quân Ngọc trước đây từng tham gia nhiều tiết mục truyền hình   trung ương như <EM>Con đường ngôi sao, Phi thường 6+1.</EM>.., được coi là một   ngôi sao nhí. </p>\r\n<p>Do ngoại hình khá giống con gái khiến nhiều người không nhận ra,   đạo diễn mới quyết định chọn cậu vào vai này. </p>\r\n<p><STRONG>Nữ diễn viên Diêu Địch</STRONG> được chọn vào vai Lâm Đại   Ngọc. Diêu Địch vốn người Triết Giang, tốt nghiệp khoa Diễn viên Học viện Điện   ảnh Bắc Kinh, từng được đề cử Giải Bách Hoa điện ảnh và truyền hình lần thứ 6   cho Nữ diễn viên xuất sắc nhất. </p>\r\n<p>Cô từng đóng 2 phim truyện nhựa (<EM>Làm lại từ đầu, A Trân và nữ   chủ nhân</EM>) và 12 bộ phim truyền hình (<EM>Đàn ông có nghĩa phụ nữ có tình,   Thanh Hoa, Yêu không có tội...</EM>). </p>\r\n<p>Từng đoạt vị trí quán quân cho vai Tiết Bảo Thoa trong cuộc thi   chọn diễn viên cho Hồng lâu mộng năm 2007, nên quyết định hoán đổi Diêu Địch từ   vai Bảo Thoa sang Đại Ngọc của đạo diễn Lý Thiếu Hồng khiến nhiều người bất ngờ   và không khỏi nghi ngại.</p>\r\n<p><STRONG>Nữ diễn viên Bạch Băng</STRONG> người Tây An được chọn   vào vai Tiết Bảo Thoa. \r\n\r\n<p>Bạch Băng tên thật là Trần Đông, sinh năm 1986, tốt nghiệp khoa   Luật quốc tế Đại học Hành chính Tây Bắc. </p>\r\n<p>Từng đóng một phim truyện nhựa T<EM>iếng gọi tình yêu</EM>, và 4   phim truyền hình (<EM>Bố, Cái kết tuyệt diệu, Chân tình cuộc đời, Lưới mê</EM>),   từng ra các album cá nhân như <EM>Hy vọng, Tự đến tự đi, Hoa nhài.</EM> </p>\r\n<p>Cô chiếm vị trí á quân cho vai Tiết Bảo Thoa trong cuộc thi chọn   diễn viên cho Hồng lâu mộng năm 2007.</p>\r\n<p>Ngoài ra, nữ diễn viên Chu Thái Cần 71 tuổi - con gái của đại sư   kinh kịch nổi tiếng Chu Tín Phương - sẽ đảm nhận vai Giả mẫu. </p>\r\n<p>Bà từng nổi tiếng ở Hollywood, tham gia đóng nhiều phim như <EM>Hồi ức của một geisha, Sòng bạc hoàng gia</EM> (tập 21 trong series 007), <EM>Chỉ sống được 2 lần </EM>(tập 5 trong series 007), <EM>Hội chúc phúc</EM>... </p>\r\n<p>Nữ diễn viên cộng tác lâu năm với đạo diễn Lý Thiếu Hồng là Quy Á   Lôi (từng đóng trong <EM>Mùa quýt chín, Cung từ Đại Minh</EM>) 60 tuổi sẽ gặp   thử thách lớn khi được giao vai Vương phu nhân mới hơn 40 tuổi. </p>\r\n<p>Người chỉ đạo tạo hình Diệp Miên Thiêm hiện đang bận rộn lo thiết   kế tạo hình cho 388 nhân vật trong phim.</p>\r\n<p align="right">Theo <STRONG>Nguyễn Lệ Chi</STRONG><BR>\r\n    <EM>Thanh   Niên</EM></p>\r\n', 10, 0, NULL, 0, 1);
INSERT INTO `tin` VALUES (7, 'Ngày sẽ dài 25 tiếng', 'Trái đất giống như một nghệ sĩ trượt băng đang múa xoay tròn. Để giảm tốc độ xoay, nghệ sĩ phải giang tay hoặc đưa chân ra. Đó là lý do tại sao trong tương lai tương đối xa một ngày trên Trái đất sẽ có 25 giờ. ', 'http://www.tienphong.vn/Tianyon/ImageView.aspx?ArticleID=117334', '2008-04-03', 3, 4, '<p>Lý do đầu tiên và quan trọng nhất đó là Mặt trăng. Lực hút của Mặt trăng tạo nên   những đợt sóng ổn định cho các đại dương và vực thẳm của Trái đất. Theo tờ báo   Suddeutsche Zeitung của Đức, hành tinh của chúng ta dường như đang trở nên chòng   chành hơn. </p>\r\n<p>Một nhà du hành vũ trụ người Anh đã cố chứng minh rằng chu kì   quay của Trái đất đã chậm lại kể từ năm 700 trước công nguyên. Ông đã nghiên cứu   những bản khắc bằng đất sét và các tư liệu lịch sử có ghi chép thông tin về hiện   tượng nhật thực và nguyệt thực. Ông sử dụng những thông tin đó để tính toán giai   đoạn biến đổi của Trái đất. </p>\r\n<p>Khi các sinh vật thời tiền sử định cư trên trái đất vào khoảng   530 triệu năm trước, lúc đó một ngày có 21 giờ. Các loài khủng long sống cách   đây 100 triệu năm cũng lần lượt thay phiên nhau hoạt động sau mỗi 23 giờ đồng   hồ. Điều này có thể quan sát được từ trầm tích san hô rất rõ ràng. San hô đánh   dấu mốc thời gian và hàng năm tạo nên những lớp trầm tích mới. Độ dày của lớp   trầm tích biến đổi phụ thuộc vào mùa. </p>\r\n<p>Nhờ đó các nhà khoa học đã tính toán được khoảng thời gian của   các mùa xuân. Giai đoạn này đã bị chậm lại trong suốt tiến trình lịch sử. Khoảng   530 triệu năm trước Trái đất xoay quanh trục nhanh hơn bây giờ, nhưng lại xoay   quanh Mặt trời với tốc độ ổn định. </p>\r\n<p>Vào thời điểm đó, số giờ trong năm cũng giống như bây giờ nhưng   lại có đến 420 ngày. Richard Stephenson thuộc Đại học Durham (Vương Quốc Anh) đã   nói với tờ History of Astronomy rằng theo những nguồn tài liệu đáng tin cậy,   lịch sử đã chứng kiến tốc độ quay của trái đất bị chậm lại. </p>\r\n<p>Stephenson đã đưa ra kết luận dựa trên những mô tả về hàng trăm   hiện tượng nhật thực và nguyệt thực trong suốt 2700 năm qua. Những bản khắc đất   sét tại Babylon giai đoạn tiền Kitô đã chứng minh rõ ràng nhất về sự chậm lại   của chu trình quay của Trái đất. </p>\r\n<p>Các nhà khoa học Babylon đã sử dụng kí tự hình nêm để ghi lại   chính xác thời gian và địa điểm của các hiện tượng thiên văn. </p>\r\n<p>Bên cạnh đó, Stephenson còn nghiên cứu thêm các tài liệu gốc   Trung Quốc và Châu Âu. Cứ khoảng 300 năm một lần, con người ở khắp mọi nơi có   thể quan sát được nhật thực toàn phần. Khi Mặt trăng nằm giữa Mặt trời và Trái   đất, nhật thực toàn phần sẽ xảy ra trong vòng vài phút. </p>\r\n<p>Các thông tin chính xác về ngày và thời gian bắt đầu cũng như kết   thúc nhật thực vẫn được ghi lại thường xuyên. Bằng đấy cũng đủ để nhà thiên văn   học xác định được vị trí chính xác của Mặt trời vào hàng ngàn năm trước. Những   tấm bảng dùng để tính toán lại lịch của người Babylon cũng đã có ích vào một lúc   nào đó. </p>\r\n<p>Các nhà thiên văn học sử dụng dữ liệu về vị trí của Mặt trời   trong các ghi chép lịch sử để khôi phục lại bức tranh về sự chậm lại của hành   tinh chúng ta. </p>\r\n<p>Do quỹ đạo quay của Trái đất xung quanh Mặt trời không liên quan   đến quỹ đạo của Trái đất quanh trục của nó, các nhà thiên văn học có thể tính   toán khoảng thời gian độc lập – gọi là Thời gian Trái đất (TT). Sự chậm lại   trong chu trình quay của Trái đất có thể thấy được nếu chúng ta so sánh Thời   gian Trái đất (TT) và Thời gian Vũ trụ (UT). </p>\r\n<p>UT là thời gian chung dựa trên chu kì quay của Trái đất và được   xác định bằng vị trí của Mặt trời so với giờ chuẩn quốc tế căn cứ theo kinh   tuyến Greenwich (GMT) (Greenwich là một thành phố nằm ở nước Anh). Cần thiết   phải tính toán thời gian này về sau do cứ vài năm một lần trong khoảng chuyển   giao giữa năm này và năm khác lại thừa một giây. </p>\r\n<p>Richard Stephenson đã sử dụng các ghi chép lịch sử để xác định   mối liên hệ giữa hai lần chuyển giao. Sự khác biệt giữa UT và TT phụ thuộc vào   thời điểm mà nhật thực hay nguyệt thực xảy ra cách đây bao nhiêu lâu. Do đó, cứ   một thiên niên kỉ một ngày sẽ dài hơn 2/1000 giây. Các thông tin đo đạc, xác   định từ vệ tinh đã chứng minh được điều này. Như thế mỗi buổi lễ Babel sẽ bị   ngắn hơn 4/100 giây mỗi ngày. </p>\r\n<p>Tuy nhiên, Stephenson cũng đã cố gắng xác định sự khác thường nhỏ   xíu này dựa trên nhầm lẫn về UT. Kể từ năm 700 trước công nguyên, có khoảng 1   triệu ngày ngắn hơn thời điểm hiện nay. Vì vậy nếu sống trong thời điểm đó,   chúng ta sẽ phải rút ngắn đồng hồ đi 7 tiếng. </p>\r\n<p>Một vài năm gần đây lại là ngoại lệ. Trong suốt khoảng thời gian   này, ngày hầu như không dài hơn. Trái đất quay ở tốc độ tương đối ổn định. Có   thể sự thay đổi trọng lượng của Trái đất đã tăng tốc cho nó, bù đắp lại quá   trình giảm tốc gây ra bởi mặt trăng. Trận động đất gây kinh hoàng tại Nam Á và   cơn sóng thần sau đó đã đẩy nhanh chu kì quay của Trái đất vào cuối năm 2004, và   làm ngày ngắn đi khoảng 8 phần triệu giây. </p>\r\n<p>Theo Cơ quan quan sát sự quay của Trái Đất (IERS), ngày 13 tháng   6 năm 2003 là ngày ngắn nhất trong vòng 100 năm trở lại đây. So với một ngày   trung bình có 24 giờ thì nó ngắn hơn khoảng 1,5 phần 1000 giây.<BR>\r\n</p>\r\n<p align="right">Theo <STRONG>Trà My</STRONG></p>\r\n', 4, 12, NULL, 1, 1);
INSERT INTO `tin` VALUES (8, 'Phát hiện dây chuyền vàng cổ nhất châu Mỹ', 'Các nhà khoa học đã khai quật được một chiếc vòng đeo cổ bằng vàng (ảnh) có niên đại khoảng 4.000 năm gần hồ Titicaca ở miền nam Peru. ', 'http://www.tienphong.vn/Tianyon/ImageView.aspx?ArticleID=117276', '2008-04-03', 3, 4, '<p>Theo các nhà khoa học, đây là đồ tạo tác từ vàng cổ nhất được tìm   thấy tại châu Mỹ tính đến thời điểm này. </p>\r\n<p>Phát hiện trên cho thấy vàng đã được sử dụng như một biểu tượng   của địa vị xã hội tại châu Mỹ ít nhất từ 4.000 năm trước, khi những người sống   chủ yếu bằng săn bắn, hái lượm bắt đầu sống định cư thành làng mạc. </p>\r\n<p>Theo Hãng tin AFP, chiếc vòng cổ được tạo tác với 9 hạt vàng, có   đường kính từ 11,4  đến 29 mm và nặng từ 1,5 đến 5,2g, được gắn vào một hình trụ   với 11 hạt đá xanh. </p>\r\n<p>Hạt vàng ở trung tâm có gắn một viên đá màu ngọc lam. Các chuyên   gia tin rằng chủ nhân của chiếc vòng đeo cổ này có lẽ là một phụ nữ lớn tuổi. </p>\r\n<p align="right">Theo <STRONG>H.Y</STRONG><BR>\r\n    <EM>Thanh niên</EM></p>\r\n', 4, 0, NULL, 0, 1);
INSERT INTO `tin` VALUES (9, 'Nói dối thời công nghệ số', 'TP - Chưa bao giờ công nghệ hiện đại và tinh vi lại trợ giúp cho hành vi nói dối phát triển mạnh mẽ như vậy, bao gồm cả nói dối không gây hại lẫn nói dối có sức công phá như virus máy tính. ', 'http://www.tienphong.vn/Tianyon/ImageView.aspx?ArticleID=117140', '2008-04-03', 3, 5, '<p>Ác ý xuyên không gian</p>\r\n<p>Hơn 23 giờ, chị Phương (nhân viên làm việc ở tòa nhà 15 Hồ Xuân   Hương, Hà Nội) bỗng giật mình với tiếng chuông điện thoại đổ dồn. Một cuộc gọi   nhỡ và một tin nhắn từ số máy: 0977... lưu lại trong máy của chị với lời trêu   đùa đầy ác ý. </p>\r\n<p>Chị Phương gọi lại cảnh báo và yêu cầu không được đùa cợt kiểu   đó. Ngay lập tức, chị liền nhận được tin nhắn: “Em ơi, đi nhà nghỉ không? Sao e   (em) lại lặng (nặng) lời thế, e có điều tra, hoặc gọi tổng đài đi nữa thì làm gì   được a (anh). Anh hỏi thật e nhé, anh sẽ nói cho chồng em biết về chuyện của a   với e. E cần tin là a sẽ luôn ở bên cạnh e, nên nhớ một điều như vậy....”. </p>\r\n<p>Vài chục phút sau đó, chị Phương lại nhận được tin nhắn cũng từ   số mày này: “E wen (quên) a rồi sao, khi đó, tay trong tay anh đưa em vào giấc   ngủ. E biết không, kể cả trong giấc ngủ, a cũng mơ thấy e. Phương ah, mỗi ngày   trôi qua, a jai (lại) hồi tưởng những kỷ niệm. Ở bên e, anh thấy những phút giây   hạnh phúc khi cùng lên...”. </p>\r\n<p>Trong cơn giận dữ, chị gọi điện đến tổng đài (0989198198) hỏi chủ   nhân của số máy 0977... và đề nghị có biện pháp ngăn chặn những lời nói dối có   thể gây tan rã hạnh phúc của chị. Chị chỉ được trả lời đây là số máy đăng ký   không cung cấp thông tin chủ thuê bao. </p>\r\n<p>Chị Phương than phiền: “Ác thật, con người hay công nghệ đang bao   che cho những kẻ “bỏ bom” người khác bằng những lời nói dối độc ác?” </p>\r\n<p>Những ngày sau điện thoại của chị Phương tiếp tục nhận được những   tin nhắn tương tự. Những lời nói dối độc ác này cứ liên tục xuyên không gian, đổ   bộ vào điện thoại của chị Phương mà không có vật cản. Khổ chủ chỉ biết kêu trời   trước những lời nói dối vô cớ và độc ác đó. </p>\r\n<p>Trong thời đại số, có rất nhiều người, đặc biệt là phái nữ thường   xuyên phải xóa tin nhắn rác (khiêu khích, kích động, tán tỉnh...) trong điện   thoại. Có lúc họ nhận được tin nhắn từ người thân nói dối để đùa cợt, có người   nhắn tin bông đùa, lả lơi. Điện thoại của những thiếu nữ có nhan sắc đôi lúc   giống như cái sọt rác chứa những lời nói dối. </p>\r\n<p>Với những người sử dụng internet, mở email, chát...thì chuyện   nhận được những lời nói dối, những câu chuyện ngụy tạo để tán tỉnh, nịnh bợ...   là chuyện thường ngày. </p>\r\n<p>Không phải đối mặt với người bị nói dối, người muốn “nói xạo”,   muốn mang đến cho người khác bất ngờ, hay đổ vỡ... tha hồ tung vẽ những lời nói   dối. Chính vì thế mà có người nhận được lời nói dối ác ý thì gay cấn đến cực độ,   còn lời nói thông tin sai sự thật để nịnh bợ, khen ngợi quá xá... thì cũng “ngọt   ngào và cay đắng không kể xiết”.  </p>\r\n<p>Những khổ chủ thường xuyên bị nói dối  chịu đựng mãi cuối cùng   cũng trở thành quen, và cuối cùng xem như “sống chung với lũ”. </p>\r\n<p>Mặt trái của điện thoại và công nghệ không dây đang chắp cánh cho   những lời nói dối trở nên tràn ngập không gian. “Chưa bao giờ điều kiện về công   nghệ lại thuận lợi cho những lời nói dối được sản sinh ra nhiều, trong khi người   nói dối lại gần như không phải chịu bất cứ hậu quả nào như hiện nay”- Chuyên gia   tâm lý Hà Văn Luyến nhận định. </p>\r\n<p>Theo ông Luyến, bây giờ nhiều người có thể ngồi ở đâu đó ngay tại   nhà mình nhưng gọi điện thoại di động về cho người thân, vợ nói dối rằng đang ở   một nơi rất xa nhà, hay phải đi công tác qua đêm. Tất nhiên người bị nói dối vẫn   buộc phải tin đó là sự thật vì không có cách nào để kiểm tra lời nói đang “bay”   qua không gian kia có mức độ trung thực bao nhiêu phần trăm. </p>\r\n<p>Theo các chuyên gia tâm lý, trước kia họ có thể “trang bị” kiến   thức tâm lý cho mọi người để phát hiện nói dối thông qua ngôn ngữ (nói lúng   túng...) và phi ngôn ngữ (nét mặt, hành động, bối rối, không nhìn thẳng vào mắt   người bị nói dối...). Nhưng bây giờ, các nhà tâm lý bó tay vì những thông điệp   nói dối gửi qua email, chat, nhắn tin, điện thoại... không khoác lên mình vỏ bọc   nào để có thể dựa vào đó mà suy đoán. Vậy nên, nói dối thời công nghệ số vẫn sẽ   tiếp tục phát triển mạnh. </p>\r\n<p>Kết cục của nói dối không lãng mạn</p>\r\n<p>Sau nhiều lần chat tìm bạn trên mạng, Tú đã và Hà đã hẹn gặp nhau   ở ngoài đời. Quán cà phê trên đường Lý Thường Kiệt (Hà Nội) được họ lựa chọn là   điểm để gặp gỡ đầu tiên. Những ký hiệu để nhận ra nhau cũng đã được cả hai đưa   ra khi chat trên mạng: dáng người, nước da, màu quần áo... </p>\r\n<p>Trước giờ G, Tú luôn nóng lòng để biết mặt cô gái được thấy qua   webcam là: thanh tú, mũi cao, tóc uốn cong rất tây, nước da trắng... Đúng giờ   hẹn, Tú ngồi ở bàn sang trọng nhất, gọi sẵn cà phê. Tú không quên mua thêm một   vài bông hồng để cuộc gặp tăng thêm tính lãng mạn. </p>\r\n<p>Ngồi chờ 15 phút không thấy ai tìm đến mình và Tú cũng chẳng nhận   ra được một cô gái nào có những đặc điểm giống như đã được tả lúc chat. Cố chờ   đợi 30 phút, rồi cả 1 giờ đồng hồ, nhưng cuối cùng thì cái mà Tú nhận được chỉ   là sự chờ đợi đầy thất vọng.</p>\r\n<p>Minh là sinh viên, vừa lên Hà Nội học, một ngày điện thoại của   Minh liên tục nóng lên vì những tin nhắn với lời lẽ mỹ miều có cánh. Minh không   hiểu vì sao người gửi (xưng tên là Châu Anh) lại có được số điện thoại của cô để   tán tỉnh. </p>\r\n<p>Lúc đầu, Minh cảm thấy ngượng và vô cảm khi đọc tin của Châu Anh.   Nhưng ở ký túc xá không có bạn, có tin nhắn của Châu Anh để đọc cũng thấy đỡ   buồn, rồi quen. Minh đã nhắn tin trở lại cho người làm quen qua điện thoại,   những cuộc hẹn hò diễn ra. Họ gặp mặt, rồi thân nhau lúc nào không biết. </p>\r\n<p>Họ đã đưa nhau đến rất nhiều địa điểm lãng mạn ở Hà Nội thưởng   ngoạn, hưởng mật ngọt của tình yêu. Rồi một ngày, cô sinh viên Minh đáng yêu   nhận ra bên trong áo váy quần hoa đẹp đẽ người yêu tặng cơ thể cô đang chứa một   mầm sống. </p>\r\n<p>Cùng từ lúc này, điện thoại của Minh không còn nhận được tin   nhắn, người mang tên Châu Anh cũng tự nhiên biến mất.</p>\r\n<p>Có vô vàn cuộc tình nhận được kết cục buồn xuất phát từ những lời   hứa hẹn, tán tỉnh, nói dối nhau qua các thiết bị điện tử thời @. Không có lời   cảnh báo, nhưng ai cũng cảm nhận được rằng, chỉ thiếu cẩn trọng chút thôi, ngay   cả những bức hình nhạy cảm, nóng bỏng trong quan hệ trai gái cũng có thể được   đưa vào thế giới công nghệ hiện đại (internet) mà bất kỳ ai trên thế giới cũng   có thể xem và bình phẩm.  </p>\r\n<p>Lam Sơn</p>\r\n', 4, 0, NULL, 0, 1);
INSERT INTO `tin` VALUES (10, 'Báo chí quốc tế nói gì về sự kiện Calisto?', 'TP - Việc HLV Henrique Calisto lần thứ hai trở thành HLV trưởng đội tuyển Việt Nam không chỉ là sự kiện thu hút sự chú ý của báo chí trong nước mà ngay cả giới truyền thông quốc tế cũng đã dành không ít giấy mực cho sự kiện này. ', 'http://www.tienphong.vn/Tianyon/ImageView.aspx?ArticleID=117239', '2008-04-03', 3, 5, '<p>Theo thống kê chưa đầy đủ của Tiền phong, đã có khoảng 10 hãng   thông tấn và cơ quan báo chí nước ngoài đưa tin về buổi lễ ra mắt chính thức của   HLV Calisto, trong đó bao gồm cả những cái tên rất nổi tiếng như AP, AFP, Tân   Hoa Xã... </p>\r\n<p>Bên cạnh đó, một số cơ quan báo chí khác tưởng như rất ít có liên   hệ với bóng đá Việt Nam như Canadian Press, AOL News hay International Herald   Tribune cũng có tin bài phản ánh về sự kiện này.</p>\r\n<p>AP, Tân Hoa Xã và Canadian Press đã đưa ra rất nhiều thông tin   chi tiết trong bài viết của mình, chẳng hạn như mức lương của HLV Calisto cùng   những khoản phụ phí, hay việc Liên đoàn Bóng đá Việt Nam (VFF) đã sử dụng rất   nhiều HLV ngoại trong thời gian từ năm 1995 đến nay. </p>\r\n<p>Theo bình luận của AP, “Việt Nam đã ký hợp đồng với HLV người Bồ   Đào Nha Henrique Calisto với hy vọng những kinh nghiệm trước đó của ông sẽ mang   lại cho quốc gia hâm mộ bóng đá cuồng nhiệt này một vài danh hiệu nào đó”.</p>\r\n<p>Trong khi đó, FIFA và AFC, hai tổ chức mà VFF là thành viên, cũng   không đứng ngoài luồng dư luận khi cập nhật thông tin về lễ ký kết hợp đồng của   HLV Calisto nhanh chóng chẳng kém các tờ báo chuyên nghiệp. </p>\r\n<p>Trên trang chủ của mình, trích dẫn từ nguồn AFP, FIFA thông báo   HLV Calisto đã ký hợp đồng hai năm với VFF và bình luận: “Đây là lần thứ hai nhà   cầm quân nóng tính 54 tuổi này dẫn dắt đội tuyển Việt Nam, đội bóng mà ông tuyên   bố rằng vẫn chưa phát triển đúng với tiềm năng”. </p>\r\n<p>Trong khi đó, website AFC không dẫn lại thông tin của bất cứ cơ   quan báo chí nào mà tự đưa ra những con số thống kê của chính mình, trong đó nêu   rõ thành tích của HLV Calisto đạt được trên cương vị HLV trưởng đội tuyển Việt   Nam ở Tiger Cup 2002.</p>\r\n<p>Điểm đáng chú ý nhất khi điểm báo quốc tế trong ngày hôm qua   (1/4) là việc thông tin HLV Calisto đảm nhiệm cương vị thuyền trưởng đội tuyển   Việt Nam đều đã được đăng tải rất sớm trên hai tờ báo thể thao lớn nhất Bồ Đào   Nha là A Bola và Record. </p>\r\n<p>Tất nhiên thông tin về cuộc “hôn nhân” Calisto-VFF trên hai tờ A   Bola và Record không quá dày dặn hơn so với báo chí Việt Nam nhưng qua đây có   thể thấy, sự kiện HLV Calisto được chọn làm HLV trưởng đội tuyển quốc gia của   một đội bóng ở vùng trũng của bóng đá thế giới cũng nhận được ít nhiều sự quan   tâm từ báo chí Bồ Đào Nha, mặc dù họ đang sôi sục với những đề tài nóng bỏng hơn   nhiều, chẳng hạn như tương lai của HLV Jose Mourinho hay diễn biến mới nhất của   giải VĐQG nước này.</p>\r\n<p>Nhật Huy</p>\r\n', 1, 82, NULL, 0, 1);
INSERT INTO `tin` VALUES (11, 'Tỷ phú Abramovich đóng du thuyền "Chelsea"', 'TPO - Tỷ phú người Nga Abramovic tiếp tục chứng tỏ sức mạnh hầu bao của mình khi đầu tư 200 triệu bảng Anh để đóng một chiếc du thuyền lớn nhất thế giới mang tên "Chelsea". ', 'http://www.tienphong.vn/Tianyon/ImageView.aspx?ArticleID=117125', '2008-04-03', 3, 5, '<p>Sau khi mua lại CLB Chelsea, trong vòng 5 năm qua, tỷ phú   Abramovich đã "đổ" vào đội bóng này số tiền khổng lồ lên tới 500 triệu bảng. Với   núi tiền này, đội bóng thành London đã trở thành một trong số những CLB hàng đầu   thế giới. </p>\r\n<p>Hẳn số tiền này là quá lớn đối với những ông chủ tầm trung nhưng   với ngài Abramovich giàu có thì "không vấn đề". Bằng chứng là mới đây ông đã đầu   tư 200 triệu bảng, bằng 40% số tiền mà ông đầu tư vào Chelsea 5 năm qua chỉ để   đóng một chiếc du thuyền.</p>\r\n<p>Được biết việc đóng chiếc du thuyền có tên "Chelsea" do  Blohm +   Voss, nhà chế tạo hàng đầu của Đức đảm nhiệm. Chelsea là chiếc du thuyền lớn   nhất thế giới hiện nay với chiều dài 550 thước Anh, dài hơn 200 thước so với "La   bàn", chiếc du thuyền lớn nhất mà Abramovich trước đó.</p>\r\n<p>Không chỉ là một chiếc du thuyền khổng lồ, Chelsea còn là biểu   tượng của sự hào hoa. Kính trên du thuyền là loại kính chống đạn, các thiết bị   tối tân nhất của khoa học cũng được áphiện diện tại đây như máy quay nước nước,   cửa chống chụp trộm... Du thuyền còn có một bệnh viện, phòng chiếu phim, triển   lãm, phòng nhảy, phòng tập thể thao, spa, 6 phòng khách và 5 phòng VIP...Tất   nhiên, cũng không thể thiếu một hồ bơi cho người đẹp Zhukova.\r\n\r\n<p align="right"><STRONG>Mai Hà<BR>\r\n</STRONG>Theo <EM>163</EM></p>\r\n', 1, 3, NULL, 0, 1);
INSERT INTO `tin` VALUES (12, 'Cải lương... tìm mộ liệt sĩ', 'Một đề tài đang "hot" hiện nay - tìm mộ liệt sĩ bằng ngoại cảm - đang được Nhà hát Cải lương VN chuẩn bị lên sàn tập', 'http://www2.thanhnien.com.vn/Uploaded/vinhhung/thu4/2008/093/15/15c2.jpg', '2008-04-01', 1, 5, '<TABLE id="AvatarTable" cellSpacing="3" cellPadding="0" width="1" align="left" border="0">\r\n  <TBODY>\r\n    <TR>\r\n      <TD vAlign="top" align="left"><IMG id="StoryAvatar" onmouseover="this.style.cursor=''hand''" onclick="showDialog(''/News/ViewImage.aspx?file=,Uploaded,vinhhung,thu4,2008,093,15,15c2.jpg'')" alt="h" src="http://www2.thanhnien.com.vn/Uploaded/vinhhung/thu4/2008/093/15/15c2.jpg" border="0"></TD>\r\n    </TR>\r\n    <TR height="1">\r\n      <TD vAlign="top" align="left"><SPAN id="AvatarDesc">Ảnh: Thư   Thư</SPAN></TD>\r\n    </TR>\r\n  </TBODY>\r\n</TABLE>\r\nMột đề tài đang   "hot" hiện nay - tìm mộ liệt sĩ bằng ngoại cảm - đang được Nhà hát Cải lương VN   chuẩn bị lên sàn tập.\r\n<p align="justify"><SPAN id="lbContinue"></SPAN> \r\n<SPAN id="lbBody">\r\n<p>Tác giả kiêm đạo diễn không ai xa lạ, chính là anh kép Triệu Trung Kiên (ảnh)   hát hay, diễn giỏi, vừa gây tiếng vang trong Liên hoan Sân khấu đạo diễn trẻ   2007 với vở <EM>Dấu ấn giao thời</EM>. Quá phấn khởi nên Trung Kiên tiếp tục   dựng ngay vở mới với một đề tài thật lạ và cảm động, nhưng nghĩ mãi chưa ra cái   tựa đề ưng ý, thôi cứ dựng rồi tính sau. Trung Kiên nói anh vẫn tâm đắc với lịch   sử dù là xa xưa hay cận đại. Có được một lớp trẻ như thế là niềm vui của cải   lương, rất đáng được chú ý đầu tư, phát triển. </p>\r\n<p align="right"><STRONG>Thư Thư</STRONG></p>\r\n</SPAN>', 10, 8, NULL, 0, 1);
INSERT INTO `tin` VALUES (13, 'Đo tiếng cười thật hay giả', 'Các nhà bác học tại Đại học Kansai, Nhật Bản, đã tạo ra một hệ thống có thể "đo" được tiếng cười, phân biệt được tiếng cười thật lòng và tiếng cười giả tạo.', 'http://www2.thanhnien.com.vn/Uploaded/tieukhuong/30_03_2008/63.jpg', '2008-04-01', 1, 5, '<TABLE id="AvatarTable" cellSpacing="3" cellPadding="0" width="1" align="left" border="0">\r\n      <TBODY>\r\n        <TR>\r\n          <TD vAlign="top" align="left"><IMG id="StoryAvatar" onmouseover="this.style.cursor=''hand''" onclick="showDialog(''/News/ViewImage.aspx?file=,Uploaded,tieukhuong,30_03_2008,63.jpg'')" alt="c" src="http://www2.thanhnien.com.vn/Uploaded/tieukhuong/30_03_2008/63.jpg" border="0"></TD>\r\n        </TR>\r\n        <TR height="1">\r\n          <TD vAlign="top" align="left"><SPAN id="AvatarDesc">Các nhà nghiên   cứu không cho biết máy có thể đo được tiếng cười của động vật hay không. Ảnh:   Laughometer</SPAN></TD>\r\n        </TR>\r\n      </TBODY>\r\n    </TABLE>\r\n      Các nhà   bác học tại Đại học Kansai, Nhật Bản, đã tạo ra một hệ thống có thể "đo" được   tiếng cười, phân biệt được tiếng cười thật lòng và tiếng cười giả tạo.\r\n      <p align="justify"><SPAN id="lbContinue"></SPAN> \r\n      <SPAN id="lbBody">\r\n        <p>Những ai cho rằng tiếng cười là liều thuốc tốt nhất thì giờ đây đã có thể đo   được "liều lượng" của loại "thuốc bổ" này. Trước đây, tại nhiều phòng thí   nghiệm, các nhà nghiên cứu từng giới thiệu cách đo tiếng cười dựa vào camera và   các phần mềm phân tích hình ảnh, nhưng giờ đây các nhà bác học Nhật Bản đã tiến   tới việc phân tích tiếng cười một cách có cơ sở hơn. Họ tạo ra các cảm biến, gắn   vào má, ngực và bụng người tình nguyện tham gia thử nghiệm. Các cảm biến này ghi   nhận các dòng sinh điện 3.000 lần/giây, nhờ đó xác định được sự hoạt động của   phần lớn số cơ tham gia vào việc tạo ra tiếng cười. Một phần mềm đặc biệt sẽ   phân tích dữ liệu thu được và đánh giá tiếng cười theo đơn vị tính mà các nhà   bác học đưa ra là aH. Ông Yoji Kimura - thành viên chính của nhóm nghiên cứu,   cho biết 1 giây của tiếng cười to, thật lòng, tương ứng với 5 aH.</p>\r\n        <p>Điều đặc biệt là hệ thống này có thể phân biệt được tiếng cười thật lòng và   tiếng cười giả tạo. Các nhà nghiên cứu nhận thấy khi cười giả tạo thì không có   sự tham gia của cơ hoành, kể cả khi tiếng cười nghe có vẻ rất thật. Theo cảm   biến ghi lại, khi cười thật sự thoải mái, cơ hoành rung 2-5 lần/giây. Việc kiểm   tra hệ thống đo tiếng cười một cách công khai được diễn ra vào tháng 2 vừa qua.   Một phụ nữ 30 tuổi và con gái 5 tuổi của cô đã tham gia vào cuộc thử nghiệm bằng   cách được cho xem một bộ phim hài. Kết quả là người phụ nữ không cảm thấy buồn   cười khi xem phim và hệ thống đã xác định trên điểm 0 một chút còn đứa trẻ thì   cười hết cỡ và máy đo đã chỉ ở số điểm là 42 aH.</p>\r\n        <p>Để chế tạo ra hệ thống này, các chuyên gia đã phải mất 3 năm nghiên cứu. Hiện   nay họ có ý định chế tạo máy đo tiếng cười loại nhỏ gọn nhằm ứng dụng vào lĩnh   vực y học và giải trí.</p>\r\n        <p align="right"><STRONG>Quỳnh Anh</STRONG></p>\r\n      </SPAN>\r\n', 4, 6, NULL, 0, 1);
INSERT INTO `tin` VALUES (14, 'Khánh Hòa sẽ đăng cai Hoa Hậu Hoàn vũ 2008', 'Ban Thường vụ Tỉnh ủy Khánh Hòa vừa chính thức có ý kiến đồng ý về mặt chủ trương, cho phép Cty cổ phần Quảng cáo và Hội chợ thương mại CIAT liên doanh với Cty cổ phần Việt CEO, đăng cai tổ chức cuộc thi Hoa hậu Hoàn vũ (Miss Universe) tại Khu Du lịch và giải trí Vinpearl, Nha Trang vào tháng 5-2008', 'http://baodulich.com/phpthumb.php?gd=2&src=upload/news/_1189064630_.jpg&w=120', '2008-04-01', 1, 5, '<TABLE cellSpacing="0" cellPadding="0" width="40" align="center" border="0" hasbox="2">\r\n  <TBODY hasbox="2">\r\n    <TR hasbox="2">\r\n      <TD hasbox="2"><IMG height="300" alt="c" src="http://www.tuoitre.com.vn/Tianyon/ImageView.aspx?ThumbnailID=214721" width="400" border="1" hasbox="2" hyperlink=""></TD>\r\n    </TR>\r\n    <TR hasbox="2">\r\n      <TD hasbox="2">Sân khấu nhạc nước Vinpearl sẽ được khẩn trương cải   tạo để đáp ứng yêu cầu của nhà tổ chức</TD>\r\n    </TR>\r\n  </TBODY>\r\n</TABLE>\r\n</p>\r\n<p>Kinh phí tổ chức cuộc thi hoàn toàn từ   nguồn xã hội hóa, do các doanh nghiệp trên huy động, bảo đảm tự cân đối, trang   trải. UBND tỉnh sẽ lập tờ trình Thủ tướng Chính phủ, xin ý kiến về mặt chủ   trương và đề nghị Thủ tướng Chính phủ chỉ đạo các Bộ: GTVT, Văn hóa –Thể thao và   Du lịch cũng như các ngành liên quan hỗ trợ, tạo điều kiện thuận lợi cho tỉnh,   nhất là việc xúc tiến đầu tư nâng cấp sân bay Cam Ranh và các cơ sở hạ tầng   thiết yếu về du lịch, dịch vụ trên địa bàn nhằm bảo đảm phục vụ thành công cuộc   thi Hoa hậu Hoàn vũ.</p>\r\n<p>Miss Universe là cuộc thi sắc đẹp hàng năm lớn thứ   nhì thế giới, sau cuộc thi Hoa hậu Thế giới (Miss World). Được biết, trong   chuyến khảo sát tại Việt Nam đầu tháng 8-2007, bà Paula Mary Shugart - Chủ tịch   tổ chức Miss Universe đã đưa ra một số điều kiện cho phía đăng cai. </p>\r\n<p>Chi phí cho Miss Universe 2008 tối thiểu là 15 triệu   USD, trong đó tiền bản quyền cuộc thi là 7 triệu USD và phía đăng cai phải đặt   cọc 1,5 triệu USD; chung kết cuộc thi phải được tổ chức vào buổi tối theo giờ   Bắc Mỹ, tức là buổi sáng giờ Việt Nam; phải có sân khấu kín có sức chứa 7.500   người, 4.000 – 5.000 phòng khách sạn loại sang, trong đó có 300 phòng VIP… </p>\r\n<p>Bên cạnh những điều kiện phải đáp ứng, phía đăng cai   cũng được một số quyền lợi đáng kể. Đó là 9 phút phát hình quảng cáo trên kênh   truyền hình lớn nhất nước Mỹ là NBC, bán vé xem trên toàn cầu, bán bản quyền   truyền hình tại khu vực châu Á. </p>\r\n<p>Theo thông tin từ phía tỉnh Khánh Hòa, hiện tại ở   Nha Trang có 6.000 phòng khách sạn từ 1 đến 5 sao, riêng khách sạn 5 sao   Vinpearl đã có 485 phòng, chưa kể các khách sạn và khu resort 4 – 5 sao như Sun   Rise, Ana Mandara, Evason Hideaway At Ana Mandara. </p>\r\n<p>Sân khấu nhạc nước Vinpearl hiện có sức chứa hơn   5.000 chỗ ngồi, sẽ được khẩn trương cải tạo để đáp ứng yêu cầu của nhà tổ chức.   Về điều kiện đưa đón khách, Thủ tướng Chính phủ đã quyết định, Cảng Hàng không   Cam Ranh là cảng quốc tế. </p>\r\n<p>Bộ GTVT cũng đã giao cho Cảng Hàng không Cam Ranh   triển khai dự án xây dựng, lắp đặt hệ thống đèn đêm tại đường băng cất hạ cánh,   trị giá 26 tỷ đồng và nhà ga hành khách trị giá 200 tỷ đồng. </p>\r\n<p>Trở thành cảng hàng không quốc tế và có hệ thống đèn   đêm, khả năng đưa đón hành khách của Cảng Hàng không Cam Ranh sẽ tăng lên nhiều   so với con số hơn 1.000 người/ngày hiện nay.    </p>\r\n<p hasbox="2">Trao đổi với Tiền phong, ông Võ Lâm Phi -   Phó Bí thư Tỉnh ủy, Chủ tịch UBND tỉnh Khánh Hòa nói, lãnh đạo tỉnh rất ủng hộ   việc đăng cai tổ chức Miss Universe 2008 tại Nha Trang. </p>\r\n<p hasbox="2">Tuy nhiên, ông nhấn mạnh, đây mới là sự   đồng ý về mặt chủ trương. Doanh nghiệp hoặc nhóm doanh nghiệp, tổ chức muốn đăng   cai phải chứng minh được khả năng tài chính, năng lực tổ chức và cam kết thực   hiện tốt vai trò của nhà đăng cai. </p>\r\n<p hasbox="2">Ngược lại, Ban tổ chức Miss Universe 2008   cũng phải có những cam kết về trách nhiệm của họ. Chỉ khi đó, UBND tỉnh Khánh   Hòa mới lập tờ trình xin ý kiến Thủ tướng Chính phủ. </p>\r\n<p hasbox="2">Nếu Miss Universe 2008 được tổ chức tại   Nha Trang, tỉnh sẽ hỗ trợ, tạo điều kiện thuận lợi về giao thông, dịch vụ du   lịch, bảo vệ an ninh…, nhưng không có nghĩa là dùng ngân sách phục vụ trực tiếp   cho cuộc thi. </p>\r\n', 3, 0, NULL, 0, 1);
INSERT INTO `tin` VALUES (15, 'Hơn 70% khách quốc tế “một đi không trở lại”', 'Theo đánh giá của ngành du lịch, từ năm 2006 đến nay hơn 70% du khách quốc tế sau khi đến VN đều “một đi không trở lại”.', 'http://baodulich.com/phpthumb.php?gd=2&src=upload/news/_1186992370_.jpg&w=120', '2008-04-01', 1, 5, '<p hasbox="2">Điều này về lâu dài ảnh hưởng lớn đến kế   hoạch thu hút khách quốc tế tới VN, nhất là mục tiêu đến năm 2010 đón khoảng 6   triệu lượt khách quốc tế.</p>\r\n<p hasbox="2">Khi chọn bất cứ loại hình du lịch nào vẫn   phải đáp ứng ba yếu tố tối thiểu: chỗ tham quan, nơi ngủ, chỗ vui chơi. Xét về   ba yếu tố này, ngành du lịch VN đang thiếu trầm trọng. </p>\r\n<p hasbox="2">Một số địa phương có điểm du lịch đang   khai thác theo dạng “vắt sữa” nhưng lại không chịu đầu tư cho thắng cảnh và di   tích lịch sử văn hóa. Về nơi ngủ, VN có 8.556 khách sạn 3-5 sao với 170.551   phòng; trong đó 4-5 sao chỉ có 94 khách sạn với 15.967 phòng. Trong khi đó, vào   thời điểm này bình quân mỗi ngày VN đón khoảng 13.000 du khách quốc tế đến từ   các nước phát triển. </p>\r\n<p hasbox="2">Thiếu phòng khách sạn đang đẩy giá thuê   phòng tăng 30-50%, thậm chí có khách sạn tăng giá tới 200% chỉ trong vòng hai   năm trở lại đây, đang đẩy giá tour lên cao và VN trở thành điểm đến có giá thành   đắt đỏ. Do đó, năng lực cạnh tranh của ngành du lịch sẽ giảm đi so với các nước   trong vùng. Đó là chưa kể chất lượng dịch vụ du lịch tại nhiều nơi còn thấp. Một   trong những nguyên nhân chính là chất lượng nguồn nhân lực   thấp.  </p>\r\n', 3, 0, NULL, 0, 1);
INSERT INTO `tin` VALUES (16, 'Một góc đất phương Nam', 'Giữa cái nắng oi ả, còn gì hấp dẫn hơn đối với du khách là được hoà mình với thiên nhiên, khám phá cuộc sống, con người miền Tây Nam Bộ.', 'http://baodulich.com/phpthumb.php?gd=2&src=upload/news/_1186721241_.jpg&w=120', '2008-04-01', 1, 5, ' <SPAN id="_ctl0_rContent_lbDesc"> Giữa cái nắng   oi ả, còn gì hấp dẫn hơn đối với du khách là được hoà mình với thiên nhiên, khám   phá cuộc sống, con người miền Tây Nam Bộ.</SPAN> <SPAN id="_ctl0_rContent_lbContinue"></SPAN>\r\n        <p align="justify">Tới miền đất này, du khách có thể lên thăm các   vườn cây, thưởng thức vị tươi ngon của trái chín trên cành, thăm chợ nổi, nghe   đờn ca tài tử trên sông, các điệu hò ngọt ngào đất Nam Bộ... hay cùng các cô gái   với nón lá, áo bà ba duyên dáng chèo xuồng len lỏi qua các kênh rạch rợp bóng   dừa nước.</p>\r\n        <p align="justify">Không chỉ ngắm cảnh làng quê miệt vườn, du khách còn được xem   người dân chế biến các món ăn truyền thống, biểu diễn nghề thủ công truyền thống   tinh tế. Chuyến đi sẽ trở nên có ý nghĩa hơn nhiều khi ta được tận mắt chứng   kiến và hoà nhịp vào công việc sản xuất và đời sống hàng ngày của người dân đất   phương Nam. </p>\r\n        <p align="justify"> Sức hấp dẫn, lôi cuốn của miền đất này vừa do thiên nhiên đa   dạng, trù phú, vừa do tính cách Nam Bộ phóng khoáng và chân chất của người dân   nơi đây. Hơn 300 năm qua, đất phương Nam gắn liền với những sự tích về công cuộc   mở đất, chinh phục dòng Cửu Long, tạo dựng cuộc sống mới của ông cha ta và thời   gian bồi đắp đã tạo nên những giá trị văn hoá riêng của miền đất   này.</p>\r\n        <p align="center"><IMG alt="2" src="http://www.laodong.com.vn/Uploaded_LAODONG/thanhhaidv/20070728/ngoc-tuan054.jpg"></p>\r\n        <p align="center"><IMG alt="2" src="http://www.laodong.com.vn/Uploaded_LAODONG/thanhhaidv/20070728/MQ0121-.jpg"><BR>\r\n              <BR>\r\n          <IMG alt="e" src="http://www.laodong.com.vn/Uploaded_LAODONG/thanhhaidv/20070728/Dancataitu.jpg"><BR>\r\n          <BR>\r\n          <IMG alt="2" src="http://www.laodong.com.vn/Uploaded_LAODONG/thanhhaidv/20070728/ngoc-tuan050.jpg"><BR>\r\n          <BR>\r\n          <IMG alt="2" src="http://www.laodong.com.vn/Uploaded_LAODONG/thanhhaidv/20070728/Tamchoembe.jpg"><BR>\r\n          <BR>\r\n          <IMG alt="2" src="http://www.laodong.com.vn/Uploaded_LAODONG/thanhhaidv/20070728/WT1S2905-.jpg"></p>\r\n          </DIV>', 10, 0, NULL, 1, 1);
INSERT INTO `tin` VALUES (17, 'Làng cổ Miệt Vườn', 'Làng cổ Long Tuyền ở tây nam TP Cần Thơ là nơi "đất lành", nhiều nhà văn hóa có tiếng đất Nam Bộ đã sinh ra ở đây. Ngày nay, Long Tuyền thu hút du khách nhờ vẻ đẹp của những ngôi nhà cổ cùng vườn cây trái xum xuê.', 'http://baodulich.com/phpthumb.php?gd=2&src=upload/news/_1186560097_.jpg&w=120', '2008-04-01', 1, 5, '<TABLE cellSpacing="0" cellPadding="0" width="160" align="left" border="0">\r\n  <TBODY>\r\n    <TR>\r\n      <TD><IMG height="132" alt="er" src="http://www.vnnavi.com/cantho/images/langco.jpg" width="200"></TD>\r\n    </TR>\r\n  </TBODY>\r\n</TABLE>\r\n<p>Làng cổ Long Tuyền nằm ở phía tây nam vàm sông Cần Thơ, nay gồm   các phường Bình Thủy, An Thới cùng hai xã Long Tuyền, Long Hòa thuộc thành phố   Cần Thơ. Qua quá trình vận động phát triển hàng trăm năm, Long Tuyền cổ kính còn   có vinh dự góp phần tạo nên thành phố trung tâm cả vùng châu thổ Nam Bộ hôm nay. </p>\r\n<p>Ðã đến Cần Thơ, du khách thường tìm đến Long Tuyền bởi nơi đây   ngoài cảnh sông nước hữu tình, còn có đến sáu di tích cấp quốc gia, chiếm gần   một phần ba số di tích quốc gia cả tỉnh Cần Thơ. Ðình Bình Thủy, tức Long Tuyền   cổ miếu, được dựng lên từ thuở "khai sinh lập địa" (1844) có quy mô diện tích   vào loại lớn (trên 4.000 m2) trong các đình làng Cần Thơ, phản ánh phần nào tầm   vóc của làng cổ Long Tuyền. Tiềm ẩn dưới mái đình này không chỉ là lịch sử   truyền thống cội nguồn của một làng cổ Nam Bộ mà còn là nơi gìn giữ những giá   trị tinh hoa của văn hóa, văn minh sông nước miệt vườn Cần Thơ. Hằng năm, vào   dịp lễ Kỳ Yên (thượng điền: 12, 13, 14 tháng 4 âm lịch; hạ điền: 14, 15 tháng   chạp) đều có lễ rước sắc thần; không khí náo nhiệt vui tươi của hội làng với   nhiều trò chơi dân gian, hát bội, hát Tiều. Ðây là một lễ hội văn hóa thu hút   hàng nghìn dân chúng khắp nơi, mang đậm tính chất nền văn minh lúa nước (cầu cho   quốc thái dân an, mưa thuận gió hòa, gia đạo an khang). </p>\r\n<p>Cần Thơ có nhiều nỗ lực trong việc bảo vệ gìn giữ di tích. Ðình   Bình Thủy đang được trùng tu với kinh phí trên 1 tỷ đồng; chùa Nam Nhã cũng được   sửa sang thoáng đãng sạch sẽ hơn; làm đường vô Hội Linh cổ tự; dự án tu bổ vườn   lan, nhà cổ Bình Thủy... </p>\r\n<p>Phong khí văn hóa Long Tuyền là sự hòa quyện của đất, nước và   con người nơi đây; là sự nở hoa của quá khứ trong lòng hiện tại; là sự giao thoa   giữa truyền thống và hiện đại. Long Tuyền tuy tiếp xúc với nhiều nền văn hóa   (Hoa, Khmer, Pháp, Nhật, Mỹ...) nhưng vẫn tạo ra, giữ gìn được bản sắc "văn minh   miệt vườn sông nước" rất riêng, rất độc đáo và đó chính là nội lực, là cội nguồn   sức mạnh giúp Long Tuyền đứng vững, phát triển trên vùng đất mới đầy biến động. </p>\r\n<em>www.vnnavi.com</em>', 10, 9, NULL, 0, 1);
INSERT INTO `tin` VALUES (18, 'Mạo hiểm”với đảo', 'Đầm Nha Phu ôm lấy ba hòn đảo du lịch: Hòn Hèo, Hòn Thị và Hòn Lao. Ngày thường, cụm ba đảo này ít “món chơi” hơn Hòn Tằm, Hòn Mun; lại nằm trái đường và hơi xa đất liền. Nhưng nhờ thế, vẫn còn giữ được phần nào thiên nhiên hoang dã... ', 'http://baodulich.com/phpthumb.php?gd=2&src=upload/news/_1177491323_.jpg&w=120', '2008-04-01', 2, 5, '<TABLE id="table1" cellSpacing="3" cellPadding="3" width="100" align="left" border="0">\r\n  <TBODY>\r\n    <TR>\r\n      <TD><IMG height="205" alt="3" src="/upload/news/9(68).jpg" width="205" border="0"> </TD>\r\n    </TR>\r\n    <TR>\r\n      <TD><p align="left">Cảm giác mạnh từ vách   núi </p></TD>\r\n    </TR>\r\n  </TBODY>\r\n</TABLE>\r\n<p align="justify">Nghe nói, các đảo thuộc đầm Nha   Phu đang làm thao tác kết nối các môn thể thao leo núi và lặn biển, với đồ nghề   leo núi khá lỉnh kỉnh, chúng tôi lên đường... </p>\r\n<p align="justify"><strong>Leo với... Sơn Tinh! </strong></p>\r\n<p align="justify">Trong hơn chục đảo lớn nhỏ của   Nha Trang thì chỉ có Hòn Hèo và đảo Yến là có vách núi dựng để tổ chức leo núi.   Và dự kiến của đoàn huấn luyện chúng tôi là sẽ cho du khách “thực tập” ở đỉnh   Sơn Tinh- Hòn Hèo. </p>\r\n<p align="justify">Buổi sáng huấn luyện. Nguyễn Đức   Hiếu - người thường xuyên tham gia những tour huấn luyện leo núi ở công ty du   lịch Hồng Bàng vác ba túi balô nặng trịch gồm những bộ móc khoá, móc trụ, xiết   an toàn, nón bảo hiểm... Những móc khoá an toàn được khoá sâu vào vách đá và dây   an toàn thòng xuống vách Sơn Tinh cao 10m với địa thế thẳng đứng, sống đá mềm,   đỉnh đá dồ ra phía trên khiến những người dị ứng độ cao và lần đầu tiên tiếp cận   với dây nhợ hơi... rợn. Dù biết, đây chỉ là một bài huấn luyện, độ mạo hiểm   thấp. </p>\r\n<p align="justify">Lần đầu tiên những du khách mang   đai lưng, nón bảo hiểm và dụng cụ leo núi, và cảm nhận một độ cao sâu hút sau   lưng. Có người khi bước lùi chân ra vực, tay trái cầm dây an toàn, vẫn run... Có   khi chỉ vì một cái trật tay, người leo đã có thể treo lơ lửng. </p>\r\n<p align="justify">Giữa trưa chang chang nắng, nhiều   du khách “ghiền độ cao” đề nghị cho phép leo ngược lên vách theo kiểu thằn lằn.   Lắm người trật tay trầy chân, có khi phải va mình vào vách đá nhám nhưng có lẽ   ai cũng nhận được cái thú leo núi là một chút phập phồng, một chút choáng ngợp   và cách lấy bình tĩnh, xử lý tình huống chính xác, mạnh mẽ để lên đến   đỉnh. </p>\r\n<p align="justify">Buổi chiều, một nhóm khách trong   đoàn đã lội rừng gần 2km lên vách thác 1 để tiếp tục chằng dây, tuột từ độ cao   60m xuống. Địa thế đẹp, có thể thấy khung cảnh thơ mộng và hoang sơ của đầm Nha   Phu, có thể vừa trượt xuống từ một vách núi cao rợn tóc gáy trong khung cảnh   hoang dã tuyệt vời... </p>\r\n<p align="justify">Có những cô gái Nha Trang chân   yếu tay mềm, quen ngồi văn phòng vẫn có thể tuột từ độ cao 60m bình tĩnh và điệu   nghệ. “Vấn đề là bạn nhận thấy việc treo mình trên vách núi cao giữa trưa nắng   rát kia đem lại cho mình những trạng thái say mê và hứng thú như một cuộc nô đùa   số phận..”. - một du khách cho biết. </p>\r\n<p align="justify"><strong>Thuỷ cung không xa </strong></p>\r\n<TABLE id="table2" cellSpacing="3" cellPadding="3" width="100" align="left" border="0">\r\n  <TBODY>\r\n    <TR>\r\n      <TD><IMG height="150" alt="3" src="/upload/news/10(57).jpg" width="205" border="0"> </TD>\r\n    </TR>\r\n    <TR>\r\n      <TD><p align="left">Lặn biển và   khám phá đáy đại dương là thú vui với nhiều du khách khi tham quan đảo Hòn   Lao </p></TD>\r\n    </TR>\r\n  </TBODY>\r\n</TABLE>\r\n<p align="justify">Phong, tốt nghiệp ĐH Thuỷ Sản,   nhưng đã bỏ tấm bằng đại học để đi học nghề hướng dẫn viên lặn biển nói với tôi:   “Mê lắm. Đáy biển mang nhiều bí ẩn lạ kỳ. Mỗi ngày tôi phải lặn một lần, dẫu   không có khách!”. </p>\r\n<p align="justify">Hòn Lao, hay còn gọi là Đảo Khỉ   không chỉ có vài ngàn con khỉ như một Hoa Quả Sơn mà còn là nơi có đáy biển đẹp.   Bạn không biết bơi và sợ nước biển? - Đừng lo! Người hướng dẫn sẽ khoác lên cơ   thể bạn bộ đồ người nhái và anh ta sẽ mang bình oxy bơi theo bạn, hướng dẫn đến   những thuỷ cung bấy lâu ngủ quên. Dưới đáy biển, ở độ sâu 3m, có thể thấy những   đám hải quỳ như những thảm hoa xao động, chỉ chạm tay vào chúng, bạn sẽ thấy làn   sóng sắc màu ấy tản ra trên những phiến đá. Khi đến độ sâu 5m, bạn đã bắt đầu   thấy lũ cá nhiều màu bơi lượn trong những đám san hô mềm nhiều sắc màu hay những   tảng san hô nở toe như những hoa hồng đại dương lớn và rạng rỡ. </p>\r\n<p align="justify">Người hướng dẫn đã chỉ cho bạn   những động tác làm hiệu khi bạn mệt, khó thở hay ù tai vì độ sâu của nước. Nhưng   sẽ có lúc bạn quên những dấu hiệu ấy để mãi đuổi theo một hang động nằm sâu dưới   hang nước hơn 10m toàn những rạn san hô nhiều sắc màu lung linh dưới đáy trước   mỗi đợt nắng xuyên qua từng cơn sóng mạnh... </p>\r\n<p align="justify">Trong một ngày, sáng leo núi,   trưa lặn biển ở hai hòn đảo khác nhau, du khách được nhìn biển từ trong lòng   biển với đầy vẻ kinh ngạc và cũng sẽ được tận hưởng cảm giác rợn ngợp của những   đợt gió phóng khoáng thổi mòn vách núi khi nhìn biển từ những đỉnh vực đá   sâu. </p>\r\n<DIV align="right"><em>sgtt</em></DIV>\r\n', 3, 0, NULL, 0, 1);
INSERT INTO `tin` VALUES (19, ' Vườn quốc gia Pù Mát', 'Nằm trên địa bàn 3 huyện Con Cuông, Anh Sơn, Tương Dương (Nghệ An), vườn quốc gia Pù Mát rộng 91.000ha, là rừng nguyên sinh có giá trị đa dạng về sinh học và du lịch.', 'TNT1.jpg', '2008-04-03', 2, 5, '<p align="justify"> Nơi đây có 2.600 loài thực vật,   120 loài thú, 297 loài chim, trong đó có 26 loài thú được ghi vào Sách đỏ Việt   Nam. Ban quản lý vườn quốc gia Pù Mát có nhiều cố gắng tổ chức tốt việc kiểm   tra, bảo vệ tài nguyên và phục vụ khách tham quan vườn. Trong ảnh: Thác Khe Kèm   cao 30m, điểm du lịch hấp dẫn ở vườn quốc gia Pù Mát. </p><DIV align="right"><em>sgtt</em></DIV>', 3, 13, NULL, 0, 1);
INSERT INTO `tin` VALUES (20, 'Cổ tích cho những hy vọng không thành...', 'Nếu chỉ nhìn mọi việc dưới con mắt của mình, thì mọi thứ chẳng có gì là hoàn hảo, trọn vẹn cả. Không thể đánh giá Trái Đất chỉ bằng con mắt của Mặt Trời hoặc Mặt trăng được. Cũng vậy khi đánh giá một con người, một sự việc nào đó, không thể nhìn từ một phía được...', 'http://songdep.xitrum.net/images/chicken/2/CreativePlay.gif', '2008-03-30', 2, 5, '<p align="center"><BR>\r\n  <IMG alt="2" hspace="5" src="http://songdep.xitrum.net/images/Felicity-Wishes-XXVI-Print-C10231843.jpg" align="center" vspace="5" border="0"><BR>\r\n</p>\r\n<p><strong>Truyện thứ   nhất:</strong></p>\r\n<p> Khi Mùa Xuân chuẩn bị ra đi thì Mùa Hè đến. Mùa Hè mang   đến cho Mùa Xuân một bó hoa hồng rất đẹp và nói :</p>\r\n<p> -Mùa Xuân ơi, hãy tin   tôi, tôi yêu em. hãy ở lại với tôi. Chúng ta sẽ cùng đi chơi, đến tất cả những   nơi mà em muốn.</p>\r\n<p> Nhưng Mùa Xuân không yêu Mùa Hè. Và cô ra đi. Mùa Hè   buồn lắm. Mùa Hè ốm, nhiệt độ lên cao. Mọi thứ xung quanh trở nên rất nóng.</p>\r\n<p> Sau một thời gian, Mùa Thu đến, mang theo rất nhiều trái cây ngon. Mùa   Thu rất yêu Mùa Hè. Cô không muốn Mùa Hè phải buồn.</p>\r\n<p> - Mùa Hè ơi, đừng   buồn nữa. Hãy ở lại với em. Em sẽ mang lại hạnh phúc cho anh.</p>\r\n<p> Nhưng với   Mùa Hè, Mùa Xuân là tất cả. Và anh ra đi.</p>\r\n<p> Mùa Thu khóc, khóc nhiều lắm. Mọi   thứ xung quanh trở nên ướt.</p>\r\n<p> Một thời gian sau, Mùa Đông đến, mang theo   cậu con trai của mình là Băng Giá. Những giọt nước mắt của Mùa Thu làm Băng Giá   cảm thấy xao xuyến. Anh cảm thấy muốn đem lại hạnh phúc cho Mùa Thu</p>\r\n<p>- Mùa   Thu ơi, hãy ở bên tôi. Tôi sẽ xây cho em những lâu đài, những con đường bằng   băng. Tôi sẽ hát cho em nghe những bài hát hay nhất. Hãy ở bên tôi.</p>\r\n<p>-   Không, Băng Giá ạ. Ở bên anh tôi sẽ luôn cảm thấy lạnh lẽo thôi.</p>\r\n<p> Và Mùa   Thu ra đi. Băng Giá buồn lắm. Gió thổi mạnh. Chỉ trong một đêm thôi, mọi thứ trở   nên trắng xóa bởi tuyết. Mùa Đông thấy con như vậy thì buồn lắm. Bà   nói:</p>\r\n<p>-Tại sao con không yêu Mùa Xuân ? Cô ấy đã đến và hứa sẽ mang lại   cho con hạnh phúc. </p>\r\n<p>- Không mẹ ơi, con không thích. Chúng ta hãy rời khỏi   đây đi. </p>\r\n<p>Và họ ra đi.</p>\r\n<p> Chỉ còn lại một mình Mùa Xuân. Cô khóc. Nhưng   rôì, bất chợt Mùa Xuân nhìn ra xung quanh: "Ôi tại sao mình phải khóc chứ? Mình   còn rất trẻ, và xinh đẹp nữa. Thời gian dành cho mình không nhiều. Tại sao mình   không làm những việc có ý nghĩa hơn?".</p>\r\n<p> Và mọi thứ như sống lại: cây cối   tươi xanh, ra hoa, đâm chồi, nảy lộc....</p>\r\n<p> Đây chỉ là một câu chuyện cổ   tích của Nga thôi. Nhưng những gì đọng lại thì nhiều lắm... </p>\r\n<p>  <strong><em>Phải chăng chúng ta cứ luôn chạy theo những thứ mãi mãi không thuộc   về mình, luôn đòi hỏi những gì không dành cho mình? Chúng ta cứ luôn đợi chờ, hi   vọng, rồi buồn, rồi khóc. Có biết bao nhiêu người như thế? Và có bao nhiêu người   như Mùa Xuân, nhận ra con đường phía trước?...</em></strong></p>\r\n<p>&nbsp;</p>\r\n<p><strong>Truyện thứ hai:</strong></p>\r\n<p align="center"><IMG alt="2" hspace="5" src="http://songdep.xitrum.net/images/Felicity-Wishes-VII-Print-C10231827.jpg" align="center" vspace="5" border="0"></p>\r\n<p>Mặt trăng và Mặt Trời tranh cãi với   nhau về Trái Đất. Mặt Trời nói: "Lá và cây cối, tất cả đều màu xanh". Nhưng Mặt   Trăng thì lại cho rằng, tất cả chúng mang một ánh bạc lấp lánh. Mặt Trăng nói   rằng, con người trên Trái Đất thường ngủ. Còn Mặt Trời lại bảo con người luôn   hoạt động đấy chứ.</p>\r\n<p>- Con người hoạt động, vậy tại sao trên Trái Đất lại   yên ắng đến vậy ?- Mặt Trăng cãi.</p>\r\n<p>- Ai bảo là trên Trái Đất yên lặng? -   Mặt Trời ngạc nhiên - Trên Trái Đất mọi thứ đều hoạt động, và còn rất ồn ào, náo   nhiệt nữa. </p>\r\n<p> Và họ cãi nhau rất lâu, cho đến khi Gió bay ngang qua. </p>\r\n<p>- Tại sao các bạn lại cãi nhau về chuyện này chứ? Tôi đã ở bên cạnh Mặt   Trời khi Mặt Trời nhìn xuống Trái Đất, và tôi cũng đi cùng Mặt Trăng khi Mặt   Trăng xuất hiện. Khi Mặt Trời xuất hiện, mọi thứ là ban ngày, cây cối màu xanh,   con người hoạt đông. Còn khi Trăng lên, đêm về, mọi người chìm vào giấc ngủ. </p>\r\n<p>  <em><strong>Nếu chỉ nhìn mọi việc dưới con mắt của mình, thì   mọi thứ chẳng có gì là hoàn hảo, trọn vẹn cả. </strong></em>Không thể đánh giá   Trái Đất chỉ bằng con mắt của Mặt Trời hoặc Mặt trăng được. Cũng vậy khi đánh   giá một con người, một sự việc nào đó, không thể nhìn từ một phía   được...</p>\r\n<p>&nbsp;  </p>\r\n<p><strong>Truyện thứ ba:</strong></p>\r\n<p>  Một hôm,   Mặt Trời, Gió và Mặt trăng đến ăn tối tại nhà của bác Sấm Sét và cô Tia Chớp.   Còn Mẹ của họ là Vì Sao thì ở nhà. </p>\r\n<p> Mặt Trời và Gió rất tham lam, và luôn   chỉ nghĩ đến bản thân mình. Trong bữa ăn, họ ăn rất nhiều và không nghĩ gì dến   người mẹ đang ở nhà cả. Còn Mặt Trăng, mỗi một món ăn, cô lại để dành mang về   cho mẹ một ít. Khi bọn họ trở về nhà, Vì Sao đã hỏi :</p>\r\n<p>- Các con yêu quý,   ở đó họ cho các con ăn những gì?</p>\r\n<p>- Con được ăn rất nhiều món ngon mẹ ạ, và   con đã ăn hết tất cả phần của mình - Mặt Trời trả lời.</p>\r\n<p>- Con cũng đã ăn rất   nhiều mẹ ạ, ăn hết tất cả - Gió nói.</p>\r\n<p> Còn Mặt Trăng, cô lấy tất cả những gì đã   đẻ dành cho mẹ ra, dọn lên bàn và mời Vì Sao ăn. Và họ đã có một bữa ăn không   chỉ đầy những thức ăn ngon, mà còn đầy cả lòng yêu thương nữa.</p>\r\n<p> Vì Sao rất   buồn vì Mặt Trời và Gió. Bà nói:</p>\r\n<p>- Mặt Trời, con trai của ta. Con chỉ luôn   nghĩ đến mình, chỉ quan tâm đến cảm xúc của mình, mà chẳng bao giơ nghĩ đến   người khác. Sau này sẽ không có ai muốn gần gũi và yêu quý con đâu. Con sẽ trở   thành một con người nóng bỏng, gay gắt, để rồi tất cả mọi người, mỗi khi nhìn   thấy con đều phải che mặt lại.</p>\r\n<p> Còn con, Gió yêu quý. Con rất tham lam.   Con luôn sống cho bản thân. Sẽ không có ai yêu quý con cả, và mọi người luôn   tránh xa con.</p>\r\n<p> Mặt trăng yêu quý của ta, con thật là một người chu đáo,   ngoan ngoãn. Con sẽ trở nên trong sáng, mát dịu. Tất cả mọi người rồi sẽ yêu quý   con.</p>\r\n<p>  <strong><em>Cuộc sống luôn vậy, luôn có sự vận động nhân   quả. Cho và được cho luôn tồn tại song song với   nhau.</em></strong></p>\r\n<p>&nbsp;</p>\r\n<p><strong>Truyện thứ   tư:</strong></p>\r\n<p>  Tia Nắng là một cô gái rất xinh xắn, dễ thương. Cô không   đẹp cái vẻ đẹp lộng lẫy, kiêu xa. Mà đó là cái vẻ đẹp bình dị, gẫn gũi. Lúc bấy   giờ, có nhiều chàng trai để ý Tia Nắng lắm. Mặt Trời mạnh mẽ và ấm áp, chàng Gió   kiêu ngạo và bướng bỉnh, Mặt Trăng nhẹ nhàng và gần gũi... Tất cả bọn họ đều   mong có được Tia Nắng. Nhưng mỗi người đều thể hiện tình cảm của mình theo một   cách riêng</p>\r\n<p> Mặt Trời nóng bỏng, luôn mang lại cho Tia Nắng những điều bất   ngờ, thú vị, những cuộc dạo chơi bên dòng suối, trên những sườn đồi, trong những   cánh rừng đầy hương hoa... Bên mặt Trời, Tia Nắng luôn thấy yêu đời, yêu cuộc   sống.</p>\r\n<p> Mặt Trăng lại luôn mang cho Tia Nắng những phút giây nhẹ nhàng, êm   đềm, thoải mái nhất. Bên Mặt Trăng Tia Nắng luôn có những phút giây để nhìn lại   mình, để nhớ lại những gì mình đã làm, đã trải qua. Từ đó tìm ra ý nghĩa của   cuộc sống. </p>\r\n<p> Còn với chàng Gió. Gió kiêu ngạo và lạnh lùng. Gió sâu sắc và   tình cảm. Với Gió, Tia Nắng luôn được nhìn thấy cuộc sống ở khía cạnh khác. Một   cuộc sống nội tâm, một cuộc sống không phải toàn màu hồng như với Măt Trời,   không nhẹ nhàng như với Mặt Trăng. Nhưng cô sợ Gió. Bởi vì cô biết Gió không bao   giờ là của cô cả. Gió kiêu ngạo lạnh lùng quá, để không thể cất lên được tiếng   Yêu. </p>\r\n<p> Và kết quả thì có lẽ ai cũng biết rồi. Tia Nắng đã chọn cho mình   Mặt Trời. Cuộc sống luôn vận động, luôn hướng về phía trước. Với Mặt Trăng, Tia   Nắng chỉ có thể xem như một người bạn tốt, có thể trút những lo âu, phiền muộn,   những khó khăn. Còn với Gió, có thể đó là một sự ngưỡng mộ, một sự đồng cảm, và   cũng có thể là tình yêu nữa. Nhưng Tia Nắng đã không chọn Gió. Đơn giản bởi vì   Gió quá kiêu ngạo, kiêu ngạo hay nhút nhát ? Yêu mà không dám thể hiện, hay   không chịu thể hiện. Để rồi bây giờ, Tia Nắng luôn ở bên Mặt Trời, Mặt Trăng chỉ   thỉnh thoảng gặp họ vào những lúc hoàng hôn. Còn Gió, ngày ngày vẫn lang thang,   không nơi vô định. Gió đã đánh mất một thứ mà không bao giờ còn có thể tìm lại   được nữa - TÌNH YÊU. Thời gian chẳng quay lại bao giờ.</p>\r\n<p>  <strong><em>Có những thứ đôi khi phải cúi xuống người ta mới có thể lấy được   nó.</em></strong></p>\r\n', 12, 12, NULL, 1, 1);
INSERT INTO `tin` VALUES (21, 'Cổ tích về ngọn nến', 'Một tối mất điện, ngọn nến được đem ra đặt giữa phòng. Người ta châm lửa cho ngọn nến và nến lung linh cháy sáng. Nến hân hoan nhận ra rằng ngọn lửa ngõ nhoi của nó đã mang lại ánh sáng cho cả căn phòng.', 'http://songdep.xitrum.net/images/chicken/2/Candle.jpg', '2008-03-30', 2, 6, '<DIV align="center"><IMG alt="3" hspace="5" src="http://songdep.xitrum.net/images/chicken/candlear1.jpg" align="center" vspace="5" border="0"></DIV>\r\n\r\n <p>Một tối mất điện, ngọn nến được đem ra đặt giữa   phòng. Người ta châm lửa cho ngọn nến và nến lung linh cháy sáng. Nến hân hoan   nhận ra rằng ngọn lửa ngõ nhoi của nó đã mang lại ánh sáng cho cả căn   phòng.</p>\r\n <p>   Mọi người đều trầm trồ: “Ồ nến sáng quá, thật may, nếu không chúng   ta sẽ chẳng nhìn thấy gì mất". Nghe thấy vậy, nến vui sướng dùng hết sức mình   đẩy lui bóng tối xung quanh.</p>\r\n <p> Thế nhưng, những dòng sáp nóng đã bắt đầu   chảy ra, lăn dài theo thân nến. Nến thấy mình càng lúc càng ngắn lại. Đến khi   chỉ còn một nửa, nến giật mình: “Chết mất, ta mà cứ cháy mãi thế này thì chẳng   bao lâu sẽ tàn mất thôi. Tại sao ta phải thiệt thòi như vậy?”.</p>\r\n <p> Nghĩ rồi,   nên nương theo một cơn gió thoảng để tắt phụt đi. Một sợi khói mỏng manh bay lên   rồi nến im lìm.</p>\r\n <p> Mọi người trong phòng nhớn nhác bảo nhau: “Nến tắt mất   rồi, tối quá, làm sao bây giờ?”. Ngọn nến mỉm cười tự mãn và hãnh diện vì tầm   quan trọng của mình. Nhưng bỗng một người đề nghị: “Nến dễ bị gió thổi tắt lắm,   để tôi đi tìm cái đèn dầu”. Đèn dầu được thắp lên, còn ngọn nến đang cháy dở thì   bị bỏ vào ngăn kéo tủ.</p>\r\n <p> Ngọn nến buồn thiu. Thế là từ nay nó sẽ bị nằm   trong ngăn kéo, khó có dịp cháy sáng nữa. Nến chợt hiểu rằng hạnh phúc của nó là   được cháy sáng vì mọi người, dù chỉ có thể cháy với ánh lửa nhỏ và dù sau đó nó   sẽ tan chảy đi. Bởi vì nó là ngọn nến.</p>\r\n', 12, 0, NULL, 0, 1);
INSERT INTO `tin` VALUES (22, 'Tình yêu là cốc nước trắng', 'Tình yêu không như cốc cà phê sữa. Uống cà phê sữa ta sẽ cảm thấy ngay vị ngọt, vị ngọt của nó đến rất nhanh và đi rất nhanh. Còn tình yêu không như vậy...', 'http://songdep.xitrum.net/images/chicken/2/070716233533484we4.gif', '2008-03-30', 2, 6, '<p align="center"><IMG alt="d" hspace="5" src="http://songdep.xitrum.net/images/chicken/wallcoobitred012vh0.jpg" align="center" vspace="5" border="0"></p>\r\n<p> Một chàng trai đưa cô bạn gái thân vào   quán uống nước. Sau khi người phục vụ đặt hai cốc nước trắng lên bàn và đợi thì   cô gái chợt đặt ra một câu hỏi:</p>\r\n<p> - Đố bạn Tình yêu là gì...</p>\r\n<p> Chàng   trai mỉm cười quay sang cô phục vụ và nói:</p>\r\n<p> - Chị cho em một ấm trà, một   cốc cà phê đen, một cốc cà phê sữa, một ly rượu vang và một ly   champagne.</p>\r\n<p>  Sau khi mọi thứ đã được mang ra, chàng trai lấy ấm trà và   uống chén đầu tiên. Anh ta nói:</p>\r\n<p> - Tình yêu như ấm trà này. Khi ta uống   nước đầu sẽ rất đậm đà, nước thứ hai sẽ dìu dịu thanh thanh. Còn nước thứ ba thì   sao...</p>\r\n<p> Tình yêu không như ấm trà bởi sau nước thứ ba ấm trà sẽ không còn   hương vị ban đầu.</p>\r\n<p> Anh ta lại nhấp một ngụm cà phê đen và nói:</p>\r\n<p> -   Tình yêu mang hương vị của cốc cà phê này. Lúc đầu có thể phải trải qua vị đắng   nhưng dần dần vị ngọt và thơm sẽ ngấm dần vào mỗi người.</p>\r\n<p> - Nhưng tình yêu   không như cốc cà phê sữa. Uống cà phê sữa ta sẽ cảm thấy ngay vị ngọt, vị ngọt   của nó đến rất nhanh và đi rất nhanh. Còn tình yêu không như vậy.</p>\r\n<p> Dứt lời   anh ta đổ cốc cà phê ấy đi và nói:</p>\r\n<p> - Tình yêu như ly rượu này, nó thật   nồng nàn, ấm áp và êm đềm.</p>\r\n<p> Anh ta lại uống ly champagne.</p>\r\n<p> - Không!   Tình yêu không thể là thứ nước khai vị chua loét này được.</p>\r\n<p> Chàng trai lo   lắng vì không tìm được câu trả lời. Bất chợt anh ta nhìn thấy cốc nước trắng   trên bàn. Anh ta reo lên.</p>\r\n<p> - Đúng rồi, hãy nhìn cốc nước kia, nó thật tinh   khiết và giản dị. Rượu, cà phê và trà cũng phải bắt nguồn từ nước. Tình yêu cũng   như vậy, cái nồng nàn, ngọt ngào, êm đềm và cay đắng cũng phải xuất phát từ lòng   chân thành và những điều giản dị nhất. Bạn ạ!</p>\r\n<p> Tình yêu là cốc nước   trắng.</p>\r\n<p> Cô gái ngồi im, đôi mắt mở to.</p>\r\n<p>  Và rồi cô từ từ nhấc ly nước   lên và từ từ đặt vào tay chàng trai.</p>\r\n<p> Chàng trai đã hiểu rằng, anh ta đã   có một câu trả lời đúng...</p>\r\n', 12, 11, NULL, 0, 1);
INSERT INTO `tin` VALUES (23, 'Dù bạn là ai', 'Hỡi người bạn nhỏ! Dù bạn là ai, dù bạn ở đâu! Có những trẻ em giống bạn trên khắp thế giới. Da của họ có thể khác bạn, gia đình họ có thể khác bạn. Trường học của họ có thể khác bạn. Đời sống của họ có thể khác bạn. Tiếng nói của họ có thể khác bạn. Nhưng trong họ, tim của họ thì giống bạn.', 'http://songdep.xitrum.net/images/chicken/2/1.6.jpg', '2008-03-30', 2, 6, '<DIV align="center"><IMG alt="t" src="http://songdep.xitrum.net/images/children.jpg" border="0"></DIV>\r\n <p>Hỡi người bạn nhỏ!<BR>\r\n   Dù em là ai, dù em ở đâu!<BR>\r\n   Có   những trẻ em giống em trên khắp thế giới.<BR>\r\n   Màu da của họ có thể khác em, gia   đình họ có thể khác em.<BR>\r\n   Trường học của họ có thể khác em.<BR>\r\n   Đời sống của họ   có thể khác em.<BR>\r\n   Tiếng nói của họ có thể khác em.<BR>\r\n   Nhưng trong họ, trái tim   của họ thì giống em.<BR>\r\n  <BR>\r\n   Dù họ là ai, trên khắp thể giới.<BR>\r\n   Nụ cười của họ   giống em, tiếng cười của họ giống em.<BR>\r\n   Nỗi đau của họ giống em và họ khóc cũng   giống em.<BR>\r\n  <BR>\r\n   Dù họ là ai, dù họ ở đâu trên khắp thế giới.<BR>\r\n   Hỡi người em   nhỏ!<BR>\r\n   Khi em lớn lên và già đi<BR>\r\n   Em có thể khác, và họ cũng thế.<BR>\r\n   Dù em ở   đâu, và dù họ ở đâu trên thế giới rộng lớn này.<BR>\r\n   Hãy nhớ điều này:<BR>\r\n  <BR>\r\n   Niềm   vui thì giống nhau và tình yêu thì giống nhau.<BR>\r\n   Nỗi đau là như nhau và chúng   ta có cùng một dòng máu đỏ.<BR>\r\n   Nụ cười giống nhau và con tim giống nhau.<BR>\r\n   Dù   họ ở nơi nào.<BR>\r\n   Dù em ở nơi nào.<BR>\r\n   Dù chúng ta ở nơi nào.<BR>\r\n   Trên khắp thế   giới này!<BR>\r\n  <BR>\r\n </p>\r\n', 12, 10, NULL, 1, 1);
INSERT INTO `tin` VALUES (24, 'Vở "kịch câm" và chai nước', 'Ở thành phố này, hình như mọi người đều tất bật, vì vậy muốn tìm được một góc tĩnh lặng giữa lòng thành phố không phải dễ. Đang mơ hồ thả hồn theo dòng suy nghĩ, tôi chợt thấy một chiếc xích lô chạy về hướng mình. Trên chiếc xích-lô là một người bạn nước ngoài trẻ tuổi, chắc cũng là một sinh viên như tôi...', 'http://songdep.xitrum.net/images/chicken/2/30.jpg', '2008-03-30', 2, 6, 'Chiều. Chạy xe rảo quanh trung tâm thành phố, tôi dừng lại bên khoảng công viên nhỏ đối diện cổng chính nhà thờ Đức Bà, mua trái dừa tươi, chầm chậm tận hưởng vị ngọt của nó và ngắm nhìn thành phố giờ tan tầm.\r\n\r\nỞ thành phố này, hình như mọi người đều tất bật, vì vậy muốn tìm được một góc tĩnh lặng giữa lòng thành phố không phải dễ. Đang mơ hồ thả hồn theo dòng suy nghĩ, tôi chợt thấy một chiếc xích lô chạy về hướng mình. Trên chiếc xích-lô là một người bạn nước ngoài trẻ tuổi, chắc cũng là một sinh viên như tôi. Trông chàng thanh niên này có dáng điệu rất “Tây”, mái tóc dài được cột lại gọn gàng, tai đeo khuyên, mặc quần soọc ngắn đến gối. \r\n\r\nXe dừng, người thanh niên ngoại quốc xuống xe và chạy về phía hàng bán nước ngay trước mặt tôi. Anh chỉ vào chai nước suối và giơ hai ngón tay. Cô bán hàng bỏ hai chai nước khoáng vào túi xốp đưa cho người thanh niên và nhận tờ 50 ngàn từ anh. Thấy không có dấu hiệu cho thấy cô bán hàng đang tìm tiền thối đưa cho mình, người thanh niên đứng yên không chịu đi. \r\n\r\nNgười phụ nữ bán hàng dường như cũng hiểu ý anh, cô hằn học rút trong túi ra tờ 10 ngàn đưa cho anh. Người thanh niên vẫn tiếp tục nhìn cô trong chốc lát rồi mới quay trở lại xe. Anh đưa một chai nước khoáng cho bác chạy xích lô đang nhễ nhại mồ hôi đứng chờ mình bên đường… Chai nước có lẽ có giá trị bằng cả buổi chiều chạy xe vất vả của bác…\r\n\r\nQuá đủ cho một buổi chiều… Tôi tưởng như mình vừa được xem một vở kịch câm. Không có lời thoại nào vì tất cả nhân vật trong vở kịch này đều không hiểu ngôn ngữ của nhau. Người thanh niên ngoại quốc kia đã đồng cảm và chia sẻ với nỗi mệt nhọc của bác chạy xe xích lô - một người hoàn toàn xa lạ và không hiểu ngôn ngữ của anh. Còn cô bán nước, cô đã lấy lòng mến khách của người Việt chúng ta ra để chào đón một người bạn phương xa thế ư? \r\n\r\nChiếc xích lô chở người thanh niên ngoại quốc lại tiếp tục hòa vào dòng người đang hối hả, hối hả nối đuôi nhau…\r\n', 12, 0, NULL, 0, 1);
INSERT INTO `tin` VALUES (25, 'Tham ăn', 'Thế rồi nhà sư dẫn anh nông dân ra chỗ cây táo và cùng anh ta hái một túi đầy. Vừa hái táo nhà sư vừa hỏi về bữa thịt hươu sắp tới với vẻ mặt của một người sắp được đánh chén. Còn anh nông dân thì luôn miệng ca ngợi món thịt hươu nướng của mình...', 'http://songdep.xitrum.net/images/chicken/2/38.jpg', '2008-03-31', 2, 6, 'Ngày xưa, ở vương quốc Thái Lan, có một ngôi   chùa rất lớn và đẹp, trụ trì ngôi chùa này là một ông sư còn trẻ nhưng lại nổi   tiếng tham lam và ích kỷ. <BR>\r\n<BR>\r\nKhông biết ai đã đưa ông vào ngôi chùa này mặc   dù đức hạnh ông ta không hề có. Trong sân chùa này có một cây táo rất sai quả,   quả nào quả nấy to bằng nửa nắm tay người lớn và trái rất ngọt. Đến mùa quả chín   nhà sư chỉ cho phép một mình được hái táo vì ông ta chỉ nghĩ đến bản thân mình   mà thôi. Ngay cả những sư khác trong chùa cũng không được đụng tới. <BR>\r\n<BR>\r\nTrong vùng có hai người nông dân nghe tiếng ông sư này tham lam liền tìm   cách lừa ông ta một vố để dạy cho ông một bài học. Một trong số hai người liền   tìm đến chùa ra mắt vị sư tham lam nọ và hỏi xin ít táo. Nhà sư nói:<BR>\r\n<BR>\r\n-   Không được, những táo này chỉ dành cho ta thôi. Không ai được hái   đâu.<BR>\r\n<BR>\r\nNgười nông dân nài nỉ mãi nhưng nhà sư nhất quyết không cho. Cuối   cùng, anh nông dân nói:<BR>\r\n<BR>\r\n- Ông chưa hiểu ý tôi. Tôi sang mời ông chiều nay   đến nhà tôi để ăn thịt hươu. Tôi xin ít quả táo để nướng chung với thịt hươu. <BR>\r\n<BR>\r\n- Thế sao anh không nói ngay từ đầu? – Nhà sư thốt lên, mắt nhìn xung   quanh xem có ai thấy không rồi tiếp – Anh cứ hái đi, cần bao nhiêu cứ hái. Trông   vẻ mặt nhà sư lúc này rạng rỡ hẳn lên, không còn cau có như lúc đầu nữa. <BR>\r\n<BR>\r\nThấy đã trúng kế, anh nông dân mỉm cười đắc ý. Thế rồi nhà sư dẫn anh   nông dân ra chỗ cây táo và cùng anh ta hái một túi đầy. Vừa hái táo nhà sư vừa   hỏi về bữa thịt hươu sắp tới với vẻ mặt của một người sắp được đánh chén. Còn   anh nông dân thì luôn miệng ca ngợi món thịt hươu nướng của mình. <BR>\r\n<BR>\r\nSau   khi hái đầy bao táo, người nông dân cáo từ và hẹn chiều gặp lại. <BR>\r\n<BR>\r\nAnh ta   về được một lúc thì có một người nông dân khác vào xin táo và cũng bị nhà sư từ   chối như anh nông dân lúc nãy. Nhà sư nghĩ: “Ta dại gì cho hắn, cho tên kia thì   còn được mời đến ăn thịt hươu chứ cho tên này thì ta mất không, chẳng được lợi   lộc gì?”. Nghĩ vậy nhà sư lắc đầu nguầy nguậy nhất định không cho. <BR>\r\n<BR>\r\nBiết   tẩy của anh ta, anh nông dân nói:<BR>\r\n<BR>\r\n- Tôi đến mời ông đi ăn thịt gà, nhân   tiện xin ông ít quả táo hầm với gà cho ngon. Bữa tiệc này chỉ có tôi và ông   thôi, chớ ngại. <BR>\r\n<BR>\r\nNghe xong nhà sư mừng lắm, định bụng hôm nay sẽ được   chén một bữa no nê thịt hươu và thịt gà. Nhưng ông đâu có biết sa vào bẫy của   hai người kia. Thấy nhà sư im lặng, người kia nói:<BR>\r\n<BR>\r\n- Ông thấy thế nào?   Hay ông không thích ăn thịt gà của tôi? <BR>\r\n<BR>\r\nNhà sư vội vã đáp:<BR>\r\n<BR>\r\n-   Không phải, không phải, tôi rất vui lòng nhận lời mời của anh bạn. À mà nhà ông   bạn ở đâu?<BR>\r\n<BR>\r\nAnh nông dân đáp:<BR>\r\n<BR>\r\n- Chỉ ở cuối xóm này thôi. <BR>\r\n<BR>\r\nTuy miệng hỏi vui vẻ như vậy nhưng trong đầu của nhà sư đã hình dung một   con gà béo tròn đặt lên đĩa còn đang bốc khói nghi ngút. Và tất nhiên anh đựơc   nhà sư mời ra sân và cho hái quả thoải mái trên cây táo đã nổi tiếng là "bất khả   xâm phạm" của mình. Sau khi đã hái đầy một bịch táo, anh nông dân chào nhà sư ra   về dưới con mắt ngạc nhiên của các chú tiểu trong chùa. Từ đó trước tới nay họ   chưa bao giờ thấy nhà sư của mình cho ai nhiều táo như vậy. <BR>\r\n<BR>\r\nChiều đến   hai anh nông dân cùng đến ngôi chùa nọ để mời nhà sư đi ăn tiệc. Họ gặp nhà sư   và như đã bàn tính trước, một trong hai anh nông dân nói:<BR>\r\n<BR>\r\n- Bây giờ sư   ông đến nhà tôi trước, nhà tôi ở gần ngay đây thôi.<BR>\r\n<BR>\r\nNgười thứ hai phản   đối:<BR>\r\n<BR>\r\n- Không được! Đến nhà tôi trước vì cả nhà đang đợi. <BR>\r\n<BR>\r\nKhông ai   nhường ai họ cãi nhau ỏm tỏi khiến nhà sư phải lên tiếng:<BR>\r\n<BR>\r\n- Thôi thôi,   được rồi, tôi sẽ đi với cả hai vị. <BR>\r\n<BR>\r\nHai người nông dân nháy mắt với nhau,   họ đưa nhà sư đi lòng vòng khắp nơi, được một lúc mỏi chân quá, nhà sư   nói:<BR>\r\n<BR>\r\n- Đã đến chưa mà sao đi mãi vậy?<BR>\r\n<BR>\r\nHai người nông dân đồng   thanh đáp:<BR>\r\n<BR>\r\n- Sắp tới rồi, ông ráng lên, chỉ còn một đoạn nữa thôi. <BR>\r\n<BR>\r\nHai anh nông dân đáp trấn an nhà sư. Mãi đến lúc này nhà sư nọ vẫn chưa   biết mình bị hai người đàn ông kia lừa.<BR>\r\n<BR>\r\nĐến chiều nọ họ đã tới làng, đi   một đỗi nữa đến ngã ba, một trong hai người nắm tay kéo nhà sư vào con đường   phía bên trái và nói:<BR>\r\n<BR>\r\n- Đã đến nhà tôi rồi, xin ông hãy qua nhà tôi   trước, đánh chén xong hãy qua nhà ông kia. <BR>\r\n<BR>\r\nNgười kia đâu có chịu bèn   chạy lại nói:<BR>\r\n<BR>\r\n- Đâu có được, chính tôi mời ông qua nhà tôi trước. <BR>\r\n<BR>\r\nThế là họ cãi nhau. Còn nhà sư không biết phải đi theo ai trước nên chỉ   biết phải im lặng. <BR>\r\n<BR>\r\nCãi nhau chán mỗi người bèn tóm một tay của nhà sư mà   kéo về phía mình. Vừa kéo họ vừa chửi bới nhau cho đến lúc nhà sư không chịu nổi   nữa phải thốt lên:<BR>\r\n<BR>\r\n- Hãy để tôi yên! Tôi chẳng đến nhà ai cả, buông tôi   ra!<BR>\r\n<BR>\r\nĐến lúc này hai người mới buông tha nhà sư ra. Bây giờ ông ta đã quá   mệt, vừa chẳng ăn đựơc gì, lại vừa phải nghe tiếng chửi rủa suốt buổi của hai   người nông dân. <BR>\r\n<BR>\r\nNhà sư chẳng nói chẳng rằng, bỏ đi một mạch về với vẻ   mặt mệt mỏi xen lẫn thất vọng vì hụt bữa ăn ngon, và ông ta cũng chưa biết rằng   mình bị chơi một vố đau. Đợi cho nhà sư đi rồi, hai anh nông dân nhìn nhau cười   đắc ý. Về phần nhà sư, ông không những mất một số táo đáng kể mà còn chẳng ăn   được gì. Đúng là tham thì thâm!', 12, 7, NULL, 0, 1);
INSERT INTO `tin` VALUES (26, 'Độc đáo núi Cấm', 'Bước vào năm 2007, ngành du lịch An Giang đã bừng lên sức sống mới, nhất là từ khi khu kinh tế cửa khẩu Tịnh Biên đi vào hoạt động, tạo chuyển biến mạnh trong việc đẩy nhanh tốc độ đô thị hóa nhằm thu hút khách du lịch trong và ngoài nước ngày càng đông. Điển hình như Lâm viên núi Cấm. ', 'http://baiviet.cuocsong4u.com/photo/1192769172nuicam.jpg', '2008-03-31', 2, 6, '<table align="right" cellpadding="0" cellspacing="0">\r\n        <TR>\r\n          <TD><IMG alt="Khách hành hương trên chùa Vạn Linh (núi Cấm)." src="http://baiviet.cuocsong4u.com/photo/1192769172nuicam.jpg" align="right" border="0"></TD>\r\n        </TR>\r\n        <TR>\r\n          <TD>Khách hành hương trên chùa Vạn Linh (núi Cấm).</TD>\r\n        </TR>\r\n      </table>\r\n      <p>Núi Cấm còn có   tên là Thiên Cẩm Sơn (núi đẹp như gấm lụa), một ngọn núi cao và hùng vĩ nhất của   vùng Thất Sơn, nằm trong khu tam giác Tịnh Biên-Nhà Bàng-Tri Tôn, thuộc xã An   Hảo, huyện Tịnh Biên, An Giang. Theo truyền thuyết dân gian, từ thời xa xưa ngọn   núi này là nơi hiểm trở, núi rừng âm u, nhiều thú dữ nên các quan chức địa   phương ngăn cấm không cho người lên núi săn bắn, hái lượm. Cũng có truyền thuyết   cho rằng, lúc Nguyễn Ánh bị quân Tây Sơn truy đuổi phải lên đây lánh nạn, nên   truyền lệnh cho dân chúng không được lai vãng… Từ đó mới có tên là núi “Cấm”,   sách vở ghi là “Thiên Cấm Sơn”.</p>\r\n      <p> Ngày nay, núi Cấm đã trở thành một khu du   lịch tuyệt vời nhờ có nhiều danh lam thắng cảnh nổi tiếng. Khí hậu trên núi Cấm   chịu ảnh hưởng nhiệt đới gió mùa, nhiệt độ trung bình 250C, lý tưởng nhất là vào   mùa xuân, cây cối xanh tươi, sản vật dồi dào, khí hậu mát mẻ trong lành. Trên   các vồ núi cao, trời về đêm lành lạnh, sáng sớm sương trắng phủ đầy, mây chiều   là đà vương đầu núi, nên được báo chí và khách du lịch ví như Đà Lạt 2. Từ trên   các đỉnh cao, khách tham quan có thể phóng tầm mắt nhìn toàn cảnh những cánh   đồng lúa mênh mông đến tận vùng biển Hà Tiên và biên giới Tây Nam.</p>\r\n      <p> Từ   chân núi lên tới vồ Bồ Hông, nơi được mệnh danh là nóc nhà của đồng bằng sông   Cửu Long, cao 710m, chúng tôi phải mất trên ba tiếng đồng hồ vừa đi vừa la cà ở   các quán võng (nếu đi xe ôm chỉ mất độ 20 phút). Gọi là Thiên Cẩm Sơn vì ngoài   những danh lam thắng cảnh, núi Cấm còn có môi trường thiên nhiên hấp dẫn, hoa lá   bốn mùa tạo nên một bức tranh “cẩm tú sơn kỳ”, nổi tiếng với nhiều đỉnh cao thấp   khác nhau gọi là vồ, mỗi tên vồ đều gắn liền với một truyền thuyết và mang nhiều   ý nghĩa kỳ thú như vồ Thiên Tuế, vồ Bồ Hông, vồ Ông Bướm, vồ Đầu, vồ Bà… Đó là   năm vồ hay năm non mà khách hành hương thường hay đến để chiêm bái. Ngoài ra,   dọc theo các lối đi, du khách còn có dịp khám phá thêm nhiều điểm hấp dẫn khác   như vồ Pháo Binh, vồ Chư Thần, điện Rau Tần, điện Cửu Phẩm, điện Mười ba tầng,   đặc biệt là điện Kín, điện Cây Quế, hang Ông Hổ, động Thủy Liêm, vồ Mồ Côi, miếu   Mười Cô… mỗi nơi đều có một sự tích ly kỳ, một không gian huyền ảo đầy màu sắc   tín ngưỡng, như gợi lại thời hoang sơ từ thuở khai sơn phá thạch. Hấp dẫn nhất   là những câu chuyện thêu dệt về bác vật Lang xuống hang thám hiểm bị mất tích,   chuyện Nguyễn Ánh lập trạm binh trên vồ Đầu, chuyện bạch hổ ở vồ Bồ Hông, chuyện   đôi rắn hổ ở điện Cây Quế, chuyện ông Ba Lưới bắt rắn hổ mây…</p>\r\n      <p> Nhờ cảnh   quan tươi đẹp và những rừng cây thoáng mát, với nhiều gốc cổ thụ trăm năm sừng   sững giống như những tán dù khổng lồ đã tạo cho núi Cấm trở thành một khu du   lịch sinh thái lý tưởng. Lên núi Cấm, ngoài việc thưởng ngoạn phong cảnh của núi   rừng Tây Nam, thưởng thức hương vị ngọt ngào của các loại xoài núi, mít núi,   chuối, sầu riêng, bơ và mảng cầu núi, du khách còn có dịp dừng chân nơi các quán   võng tha hồ nghe tiếng suối róc rách hoặc ngủ đêm tại các quán trọ để lắng nghe   hơi thở của núi rừng. Nếu có thời gian, du khách sẽ viếng thăm các ngôi chùa khá   thâm u như chùa Phật Lớn, chùa Phật Nhỏ, Trung Sơn Thiên Tự, nổi tiếng nhất là   chùa Vạn Linh, một ngôi chùa cổ xưa đã được trùng tu nhiều lần vì chiến tranh   tàn phá. Năm 1929, hòa thượng Thích Thiện Hạ Quang chỉ dựng lên một cái am bằng   cây lá đơn sơ để ẩn tu. Vào năm 1940, cái am nhỏ đó mới bắt đầu đổi thành chùa   Vạn Linh. Đến năm 1995, chùa bắt đầu được xây dựng lại thành một quần thể kiến   trúc tôn giáo quy mô. Bản thân của ngôi chùa này đã là một nguồn mỹ cảm, ấn   tượng nhất là ba ngôi bảo tháp trước tiền đường, nổi bật với ngôi Quan Âm Các   chín tầng nằm giữa tiền đường, tạo nên một phong cảnh trang nghiêm và trầm   mặc.</p>\r\n      <p> Tháng 10 năm 2003, Ban Quản trị chùa Phật Lớn lại thiết kế mỹ thuật   và thi công tượng Phật Di Lặc cao nhất Đông Nam Á với 33,60m sừng sững giữa một   vùng cây cối xanh um, rộng trên 2ha, mặt hướng về chùa Phật Lớn và chùa Vạn   Linh. Đây là một công trình nghệ thuật, một kiến trúc tôn giáo đồ sộ nhất từ   trước tới nay trên vùng Bảy Núi. Ngoài tượng Phật ra, nơi đây còn toát lên một   vẻ đẹp hài hòa của lối kiến trúc tôn giáo với thiên nhiên, bao bọc xung quanh   toàn là núi đá, cổ thụ, cây cảnh, hoa thơm cỏ lạ với nhiều lối mòn, hồ nước, ao   sen và những dòng suối tự nhiên. Điều kỳ thú nhất là khách tham quan đứng ở bất   cứ nơi nào trên các vồ núi cũng đều nhìn thấy tượng Phật màu trắng sáng, ngồi uy   nghi giữa một không gian xanh ngát. Càng đến gần, khách hành hương càng thán   phục bàn tay tài hoa của các nhà mỹ thuật đã tạc gương mặt đức Phật một cách   sống động, với nụ cười bao dung và thánh thiện.</p>\r\n      <p> Kể từ năm 2005, Tịnh Biên   đã tiến hành khai thác tuyến đường từ chân núi đến chùa Phật Lớn, hiện đã trải   nhựa tới vồ Thiên Tuế và bắt đầu thông xe bốn bánh để cho khách du lịch và người   hành hương vừa ngồi xe vừa vãng cảnh, đồng thời trong tương lai sẽ bố trí thêm   các loại hình giao thông độc đáo ở từng đoạn đường như cáp treo, xe ngựa… Ngoài   phương tiện xe bốn bánh, du khách lên núi có thể đi bộ ngắm cảnh hoặc đi xe ôm   cũng rất tiện lợi. Anh Ba Trung, Chủ tịch Nghiệp đoàn xe Honda ôm núi Cấm cho   biết, hiện nghiệp đoàn có trên 600 xe phục vụ suốt ngày theo giá quy định   (30.000 đồng/người/chuyến lên). Ngồi xe ôm tuy đường đất đá chông chênh nhưng du   khách sẽ dễ dàng cảm nhận được sự hấp dẫn và thú vị của cảnh quan núi   Cấm.</p>\r\n      <p> Hướng tới, khu du lịch cũng sẽ ra sức bảo tồn rừng nhiệt-ôn đới, gồm   rừng đặc chủng, rừng hổn giao, rừng trồng để làm xanh hóa môi trường và tăng   thêm vẻ phong phú cho cảnh quan, đồng thời mở thêm các cụm dịch vụ du lịch với   các khu nghỉ dưỡng, khu di tích và làng văn hóa, khu du lịch hành hương với diện   tích cả ngàn héc-ta. Đặc biệt là khu chùa Vạn Linh nằm cạnh khu rừng bốn mẫu   trồng toàn tràm bông vàng và keo tai tượng, quanh năm xanh mát. Du khách đến đó   cảm thấy như đi giữa các khu lăng tẩm ở cố đô Huế.</p>\r\n      <p> Trước chùa Vạn Linh uy   nghiêm là hồ Thủy Liêm mênh mông, có sức chứa 60.000m² nước với kinh phí trên 8   tỷ đồng, nay đã bắt đầu cung cấp nước cho 500 hộ dân trên núi Cấm. Nay mai, một   khi các hạng mục công trình được xây dựng hoàn chỉnh, đặc biệt là chùa Phật Lớn   được trùng tu và nâng cấp, núi Cấm sẽ giữ được nét hài hòa giữa cảnh quan thiên   nhiên với cảnh quan nhân văn, giữa công trình kiến trúc và công trình thiên tạo   như ao, hồ, suối, thác, hang động để núi Cấm thật sự trở thành khu du lịch sinh   thái, văn hóa, giáo dục, lịch sử độc đáo ở đồng bằng sông Cửu Long. </p>\r\n      <p>Theo Hoài Phương - SGGP</p>', 3, 57, NULL, 0, 1);
INSERT INTO `tin` VALUES (27, 'Khúc biến tấu chay', 'Nép mình trong khu phố nhỏ Huỳnh Khương Ninh, tách biệt với sự ồn ào tấp nập của Sài Gòn... Nhà hàng chay Hoa Đăng không chỉ là điểm đến của những người theo đạo Phật, người lớn tuổi, mà của cả giới trẻ bởi những món ăn lắng dịu tâm hồn', 'http://baiviet.cuocsong4u.com/photo/1183685941Khuc_bien_tau_chay.jpg', '2008-03-31', 2, 6, '<p>Vẻ ngoài của Hoa Đăng không lẫn vào đâu với nét giản dị và mộc mạc. Nhưng bước   vào trong, thực khách sẽ ngỡ ngàng bởi cách bài trí mang "hơi thở" phương Đông   nhẹ nhàng, lắng đọng kết hợp hài hòa với sự sang trọng của phương Tây. Những   cành trúc kiểng mảnh mai, chùm đèn hoa sen trang nhã hướng Phật tạo không gian   thoáng đạt, thanh thản yên bình nhưng không gò bó trong lối suy nghĩ ăn chay chỉ   ở trốn tôn nghiêm. </p>\r\n      <p> Với tâm huyết của gần 20 năm ăn chay trường, chị   Trang Đài - chủ nhà hàng Hoa đăng bằng cái tâm muốn quảng bá món chay Việt Nam,   hướng người Việt đến phong cách ẩm thực chay mới vì dinh dưỡng và tâm   thiện.</p>\r\n      <p> Hơn 100 món ăn chay được chế biến từ nguyên liệu có nguồn gốc thực   vật: ngũ cốc, rau quả, rong biển, nấm... đều được nhà hàng chăm chút như những   tác phẩm nghệ thuật. Từ món ăn mang hương vị dân dã như bún thang, gỏi gà, phở,   bún bò... đến các món chay du nhập từ nước ngoài: cơm cuốn shushi, cơm chiên   Thái, gỏi Sakayaki... tất cả đều được tạo nên từ sự sáng tạo và đôi bàn tay khéo   léo của người đầu bếp.</p>\r\n      <p> Tại quầy bar sang trọng, khách có thể yêu cầu được   phục vụ sinh tố, nước trái cây hoặc các loại chè - thức uống không cồn được đặc   chế theo công thức riêng khá hấp dẫn. </p>\r\n      <p> Trong nhịp sống hối hả, có thể nói   đây là không gian lý tưởng để mọi người cùng nhau chia sẻ và chiêm nghiệm bản   thân. Khúc biến tấu món ăn chay từ những nguyên liệu tinh khiết của Hoa Đăng   chắc chắn sẽ mang lại sự hài lòng cho thực khách. </p>\r\n      <p>Theo DDDN</p><', 10, 0, NULL, 0, 1);
INSERT INTO `tin` VALUES (28, 'Cô gái khiếm thị sống đẹp', 'Tai đeo headphone, tay thoăn thoắt gõ bàn phím máy tính, điện thoại thường trực bên tai, Trần Thị Minh Tuyết, nhân viên tư vấn bảo hiểm xe, Công ty môi giới bảo hiểm Pháp Gras Savoye Willis Vietnam, TP HCM, khéo léo giải đáp mọi thắc mắc, kiến nghị của khách hàng. ', 'http://vnexpress.net/vietnam/xa-hoi/2007/10/3b9fadd7/Tuyet%20cq%20to.jpg', '2008-03-31', 2, 6, '<TABLE cellSpacing="0" cellPadding="3" width="1" align="center" border="0">\r\n  <TBODY>\r\n    <TR>\r\n      <TD><img height="250" alt="Bận rộn tư vấn cho khách hàng. Ảnh:L.H" src="http://vnexpress.net/vietnam/xa-hoi/2007/10/3b9fadd7/Tuyet cq to.jpg" width="350" border="1"></TD>\r\n    </TR>\r\n    <TR>\r\n      <TD>Bận rộn tư vấn cho khách hàng. Ảnh:<EM DESIGNTIMESP="22109">L.H</EM></TD>\r\n    </TR>\r\n  </TBODY>\r\n</TABLE>\r\n<p>Tuyết gắn bó với công việc này khoảng 3 năm nay. Nhưng ít khách   hàng biết Tuyết là một cô gái khiếm thị, chỉ còn một tay lành lặn. Tai nạn bất   ngờ năm 7 tuổi khiến cô vĩnh viễn mất đi đôi mắt và 1/3 cánh tay trái. </p>\r\n<p>Tuổi thơ dữ dội</p>\r\n<p>Tuyết tránh nhắc lại sự cố đã khiến cô trở thành người khuyết   tật. Nó có thể gợi lại cảm giác khủng hoảng, buồn, bi quan... tâm trạng không từ   nào diễn tả hết mà cô trải qua khi mới 7 tuổi. Vốn học giỏi, hát hay nhưng suốt   hai năm sau tai nạn, cô phải nghỉ ở nhà. Hằng ngày, cha mẹ và các em thay nhau   đọc truyện cổ tích cho cô nghe. Thế giới cổ tích lung linh với những ông Bụt, bà   Tiên, công chúa, hoàng tử ngấm dần vào tâm hồn Tuyết, dìu cô đi qua những hoảng   loạn, ác mộng và giúp cô thêm nghị lực hòa nhập lại cuộc sống. </p>\r\n<p>Chín tuổi, Tuyết tạm biệt gia đình, lặn lội từ xã Xuân Trường,   Thành phố Đà Lạt lên TP HCM, gia nhập trường phổ thông đặc biệt Nguyễn Đình   Chiểu. Cô cũng là học sinh khiếm thị ngoại tỉnh duy nhất của trường Nguyễn Đình   Chiểu hồi đó. Ngoài việc cố gắng học thật giỏi, Tuyết phải tập cách tự chăm sóc   bản thân như hầu hết các bạn cùng cảnh ngộ. Cô luôn có tên trong top những học   sinh giỏi nhất của trường Nguyễn Đình Chiểu. </p>\r\n<p>“Trong khi học sinh thành phố đóng 4.000 đồng tiền ăn mỗi tháng,   tôi phải đóng 12.000 đồng. Gia đình khó khăn, thu nhập trông cả vào nghề nông,   may có một người bà con tốt bụng bao bọc. Tôi đã cố gắng hết sức để không phụ   lòng gia đình, người bà con tốt bụng và khẳng định mình”, Tuyết bùi ngùi kể.</p>\r\n<p>Tuyết tốt nghiệp THCS loại giỏi, nhưng các trường THPT công lập   TP HCM không nhận học sinh khiếm thị. Cô được vào THPT Bán công Nguyễn An Ninh   và 3 năm học ở đây, cô lại liên tiếp đạt học sinh giỏi. </p>\r\n<p>Con đường đến với giảng đường ĐH của Tuyết cũng đầy trắc trở.   Một số trường từ chối Tuyết ngay từ khâu đăng ký thi tuyển. Nếu không nhờ sự tác   động của các thầy cô trường Nguyễn Đình Chiểu và THPT Nguyễn An Ninh, ước mơ   sinh viên của cô khó thành hiện thực.</p>\r\n<TABLE cellSpacing="0" cellPadding="3" width="1" align="center" border="0">\r\n  <TBODY>\r\n    <TR>\r\n      <TD><IMG src="http://vnexpress.net/vietnam/xa-hoi/2007/10/3b9fadd7/tot nghiep to.jpg" alt="Rạng rỡ ngày tốt nghiệp Đại học. Ảnh: B.T" width="250" height="350" border="1"></TD>\r\n    </TR>\r\n    <TR>\r\n      <TD>Rạng rỡ ngày tốt nghiệp Đại học. Ảnh:<EM DESIGNTIMESP="22127"> B.T.</EM></TD>\r\n    </TR>\r\n  </TBODY>\r\n</TABLE>\r\n<p>Thế giới cổ tích của Tuyết</p>\r\n<p>Đỗ 2 ĐH nhưng Tuyết chọn khoa tiếng Anh, ĐH Khoa học Xã hội và   Nhân văn TP HCM. Trong trí nhớ của nhiều bạn bè, cô là cây văn nghệ sinh viên   xuất sắc và năng động trong các hoạt động đoàn thể. </p>\r\n<p>Tốt nghiệp ĐH, mong muốn làm việc cho cơ quan nhà nước của Tuyết   không thành, cũng vì lý do cô là người khiếm thị. Buồn, nhưng không nản chí, cô   nộp hồ sơ vào Công ty Môi giới bảo hiểm Pháp Gras Savoye Willis Vietnam tại TP   HCM. </p>\r\n<p>Công việc của Tuyết chủ yếu qua điện thoại. Một ngày của cô bận   rộn như hầu hết những tư vấn viên khác ở công ty. Hiện cô còn tài trợ học bổng   cho 2 học sinh trường THPT Bán công Nguyễn Anh Ninh, TP HCM. Cô cũng là người   sáng lập học bổng "Người đi trước, rước người đi sau", trong chương trình "Học   bổng khuyến tài" của Hội khuyến học thành phố. </p>\r\n<p>Tuyết nói, cô luôn hạnh phúc khi được giúp đỡ người khác. Từ   nhiều năm nay, cô thường cùng nhóm bạn thân, thăm trẻ em khuyết tật, có hoàn   cảnh khó khăn vào những ngày cuối tuần. Cô cũng tích cực tìm kiếm, giới thiệu   việc làm phù hợp cho các em. Nhiều bạn bè, đồng nghiệp, qua sự giới thiệu của   Tuyết, đã tham gia tài trợ học bổng cho sinh viên, học sinh khó khăn, hiếu   học.</p>\r\n<p>Kết thúc một ngày làm việc, Tuyết thường trải lòng mình theo   những câu chuyện trong chương trình đọc truyện đêm khuya trên sóng phát thanh.   Các truyện cổ tích được nghe thời thơ bé vẫn ám ảnh cô. Trong cảm nhận của cô,   cuộc sống lung linh và thánh thiện. </p>\r\n<p>"Đôi khi cũng chạnh lòng trước sự vô tâm của nhiều người, nhưng   tôi vẫn tin vào một cuộc sống tốt đẹp, nhân ái. Tôi biết ơn các tấm lòng hảo tâm   trong suốt 20 năm qua. Trong đó, có những người bạn nghèo cặm cụi chở tôi tới   trường trên chiếc xe đạp cà tàng thuở học trò", Tuyết tâm sự.</p>\r\n<p>Vẻ đẹp tâm hồn và tấm lòng cô gái khiếm thị Việt Nam nhỏ bé, đã   làm rung động trái tim anh Donald Lee Jones, người Mỹ. Họ liên lạc chủ yếu bằng   Internet. Cuối mỗi tuần, Tuyết đều nhận được một bó hoa hồng, cẩm chướng do   Donald Lee Jones tặng.   \r\n<p>Tuyết cho biết, họ đã đính hôn và dự định cưới vào năm sau. Vợ   chồng cô sẽ định cư ở Việt Nam. Gương mặt ngời sáng hạnh phúc, Tuyết chia sẻ mơ   ước về ngôi nhà nhỏ và những đứa con...   \r\n<p>"Tôi như bao người khác, cũng yêu thương, hờn giận và khao khát   cuộc sống đẹp, hoàn thiện. Để đạt được đích đó, ai cũng phải nỗ lực phấn đấu   thôi, không riêng người khiếm thị", Tuyết tâm sự.   \r\n<p align="right"><STRONG DESIGNTIMESP="8181">Lan Hương</STRONG></p>\r\n', 12, 0, NULL, 1, 1);
INSERT INTO `tin` VALUES (29, 'Cho và nhận', 'Giúp đỡ người khác là gieo phúc, tích lũy điều thiện. Thể hiện tấm lòng khoan dung nhân ái và phóng khoáng hào sảng không gì bằng sự giúp đỡ người khác. Con người là loài hữu tình, chẳng ai thấy cảnh hoạn nạn, đói nghèo, khốn khó mà không khỏi động lòng', 'http://baiviet.cuocsong4u.com/photo/1195094492chovanhan.jpg', '2008-03-31', 2, 0, '<TABLE width="40" align="right">\r\n  <TBODY>\r\n    <TR>\r\n      <TD><A href="javascript:imageOpen(''photo/1195094492chovanhan.jpg'',''img3'')"><IMG alt="d\\" src="http://baiviet.cuocsong4u.com/photo/1195094492chovanhan.jpg" align="right" border="0"></A></TD>\r\n    </TR>\r\n    <TR>\r\n      <TD></TD>\r\n    </TR>\r\n  </TBODY>\r\n</TABLE>\r\n<p>Giúp đỡ người khác là gieo phúc, tích lũy điều   thiện. Thể hiện tấm lòng khoan dung nhân ái và phóng khoáng hào sảng không gì   bằng sự giúp đỡ người khác. Con người là loài hữu tình, chẳng ai thấy cảnh hoạn   nạn, đói nghèo, khốn khó mà không khỏi động lòng. </p>\r\n<p> Xưa, ở làng nọ có một   ông lão rất nghèo, sống nhân đức, thấu hiểu nhân tình thế thái. Một hôm tuyết   lớn, ông đến nhà phú hộ trong làng vay tiền. Gặp may hôm đó phú hộ đang vui, sai   người nhà lấy đưa cho ông hai đồng bạc trắng, lại còn bảo: “Cầm lấy mà tiêu!   Không cần trả lại!”. </p>\r\n<p> Cụ mừng quá, cám ơn ông phú hộ rồi vội vội vàng   vàng đút tiền vào túi đi về nhà. Phú hộ còn nói với theo: “Không cần trả!”. Sáng   hôm sau, ông phú hộ mở cửa ra thấy ai đã quét hết tuyết trước sân, sau nhà và cả   trên mái nhà. Phú hộ hỏi ra mới biết ông lão đã quét tuyết, chợt hiểu rằng, bố   thí cho người ta đồng bạc, vô tình biến người ta thành kẻ làm công. Phú hộ tìm   đến nhà ông lão, biểu ông viết giấy nợ hai đồng bạc để giữ thể diện cho ông. Đặc   biệt tờ giấy nợ không ghi thời gian trả nợ.</p>\r\n<p> (Theo Ba mươi sáu kế nhân   hòa)</p>\r\n<p>  <strong>BÀI HỌC ĐẠO LÝ:</strong></p>\r\n<p>  Giúp đỡ người khác là gieo phúc, tích   lũy điều thiện. Thể hiện tấm lòng khoan dung nhân ái và phóng khoáng hào sảng   không gì bằng sự giúp đỡ người khác. Con người là loài hữu tình, chẳng ai thấy   cảnh hoạn nạn, đói nghèo, khốn khó mà không khỏi động lòng. Nhưng nếu có lòng   tốt đem chút tiền bạc vật chất ra giúp người thì cũng phải biết cách khiến người   nhận lẫn người cho cảm thấy nhẹ nhàng, hoan hỷ.</p>\r\n<p> Ngạn ngữ có câu: “Cách   cho quý hơn của cho”. Khi giúp người, đừng để họ cảm thấy là mắc nợ ta. Người   cho nên vui vẻ, tự nguyện, hành động một cách hoàn toàn tự nhiên, người được   giúp dù không cảm nhận được ngay nhưng dần dần về sau sẽ thấu hiểu. Ai cũng muốn   có thể diện, cho dù là một kẻ ăn xin, hãy giữ cho người ta một chút thể diện thì   coi như đã tặng họ món quà quý giá nhất. Trên bến xe, quán ăn, chúng ta thường   bắt gặp những hình ảnh rất đẹp, hồn nhiên vô tư của những cô bé, cậu bé cầm tiền   bằng cả hai tay, cúi đầu kính cẩn trao cho những người hành khất đói nghèo bằng   câu nói vỗ về an ủi làm ấm lòng người khốn khổ: “Dạ! cháu xin gởi ông ạ!”, hoặc   “cháu chỉ có chút đỉnh này thôi! Xin gởi ông ạ!”.</p>\r\n<p> Trong những buổi quyên   góp giúp đồng bào bị thiên tai, hoạn nạn, ta có thể thấy được trên khuôn mặt mọi   người biểu lộ tình thương yêu đồng loại với sự cảm thông sâu sắc sẵn sàng chia   sẻ, giúp đỡ như là một bổn phận tràn đầy ý thức trách nhiệm tương thân tương ái   cộng đồng. Mỗi thời khắc đi qua có biết bao biến động, tai nạn sập nhịp dẫn cầu   Cần Thơ chưa khắc phục xong thì những cơn bão kèm theo mưa lũ liên tục tàn phá   các tỉnh miền Trung… </p>\r\n<p> Cuộc sống chưa ai dám chắc điều gì, hôm nay chúng   ta đang sống bình an, hạnh phúc còn ngày mai chúng ta chưa biết sẽ ra sao? Bước   thăng phải có bước trầm, như những nốt nhạc trong bản giao hưởng Niềm vui của   Beethoven, làm cho cuộc sống thêm thi vị và bản nhạc trở thành bất hủ. Chúng ta   hãy hát lên: cho và nhận. Hãy vui lòng cho đi! Hãy vui lòng nhận đi! Hôm nay   chúng ta là người cho, nhưng biết đâu ngày mai chúng ta sẽ là người nhận. Có gì   quan trọng đâu, dù ở vị trí nào, xin hãy nắm lấy tay nhau, nối vòng tay đệ huynh   nhân ái. Khổ đau sẽ vơi đi, hạnh phúc luôn có mặt bên người cho và người nhận. </p>\r\n<p> Câu chuyện cho chúng ta thấy rằng, không phải hễ có điều kiện sung túc,   có chút dư dả là cứ bố thí, ban ân mà không cần để ý đến người được giúp. Họ là   những người thiếu may mắn trong cuộc đời, rất cần được giúp đỡ tiền bạc, miếng   cơm, manh áo... nhưng họ cũng rất cần nương tựa về mặt tinh thần, đó là sự cảm   thông, an ủi và quan trọng nhất là sự quý trọng của mọi người. Chúng ta khi giúp   đỡ ai đó cần phải thành khẩn, thương yêu, bình đẳng để mang lại sự cao quý cho   cả người cho và người nhận. </p>\r\n', 12, 13, NULL, 0, 1);
INSERT INTO `tin` VALUES (30, 'DỄ VÀ KHÓ', 'Dễ là khi bạn có một chỗ trong sổ địa chỉ của một người, nhưng khó là khi bạn tìm được một chỗ trong trái tim của người đó. \r\n\r\nDễ là khi đánh giá lỗi lầm của người khác, nhưng khó là khi nhận ra sai lầm của chính mình. ', 'http://baiviet.cuocsong4u.com/photo/1190196488me2u.gif', '2008-03-31', 1, 6, ' <p><img src="http://baiviet.cuocsong4u.com/photo/1190196488me2u.gif" align="right">Dễ là   khi nói mà không suy nghĩ, nhưng khó là khi biết kiểm soát những lời nói của   mình. \r\n </p>\r\n<p> Dễ là khi làm tổn thương một người mà bạn yêu thương, nhưng khó là   khi hàn gắn vết thương đó. </p>\r\n<p> Dễ là khi tha thứ cho người khác, nhưng khó   là khi làm cho người khác tha thứ cho mình. </p>\r\n<p> Dễ là khi đặt ra các nguyên   tắc, nhưng khó là khi làm theo chúng.</p>\r\n<p> Dễ là khi nằm mơ hàng đêm, nhưng   khó là khi chiến đấu vì một ước mơ. </p>\r\n<p> Dễ là khi thể hiện chiến thắng,   nhưng khó là khi nhìn nhận một thất bại. </p>\r\n<p> Dễ là khi vấp phải một hòn đá   và ngã, nhưng khó là khi đứng dậy và đi tiếp. </p>\r\n<p> Dễ là khi hứa một điều với   ai đó, nhưng khó là khi hoàn thành lời hứa đó. </p>\r\n<p> Dễ là khi chúng ta nói   rằng chúng ta yêu thương, nhưng khó là khi làm cho người khác cảm thấy như thế   hàng ngày. </p>\r\n<p> Dễ là khi phê bình người khác, nhưng khó là khi cải thiện   chính bản thân mình. </p>\r\n<p> Dễ là khi để xảy ra sai lầm, nhưng khó là khi học   từ những sai lầm đó. </p>\r\n<p> Dễ là khi buồn bực vì một điều gì đó mất đi, nhưng   khó là khi quan tâm đủ đến điều đó để đừng làm mất. </p>\r\n<p> Dễ là khi nghĩ về   một việc, nhưng khó là khi ngừng suy nghĩ và bắt đầu hành động. </p>\r\n<p> Dễ là   khi nghĩ xấu về người khác, nhưng khó là khi cho họ niềm tin. </p>\r\n<p> Dễ là khi   nhận, nhưng khó là khi cho. </p>\r\n<p> Dễ là khi đọc những điều này, nhưng khó là   khi bạn thực hiện nó. </p>\r\n<p> Nếu cơ hội mãi không gõ cửa, bạn phải xem mình đã   xây một cánh cửa chưa đã. ....</p>\r\n', 12, 14, NULL, 1, 1);
INSERT INTO `tin` VALUES (31, 'Lòng nhân ái thật sự', 'Một cơn bão vừa tàn phá thị trấn nhỏ gần thành phố của chúng tôi làm nhiều gia đình phải sống trong cảnh khốn khó.Tất cả các tờ báo địa phương đều đăng hình ảnh và những câu chuyện thương tâm về một số gia đình mất mát nhiều nhất. Có một bức ảnh làm tôi xúc động. Một phụ nữ trẻ đứng trước ngôi nhà đổ nát của mình, gương mặt hằn sâu nỗi đau đớn. Đứng cạnh bà là một cậu bé chừng 7 hay 8 tuổi, mắt nhìn xuống. Đứa con gái nhỏ bám chặt quần mẹ, nhìn chằm chặp vào máy ảnh, mắt mở to vẻ bối rối và sợ hãi. Bào báo đi kèm cùng kêu gọi mọi người giúp đỡ những người trong gia đình đó. Tôi nhận thấy đây sẽ là một cơ hội tốt để dạy các con mình giúp đỡ những người kém may mắn hơn. ', 'http://baiviet.cuocsong4u.com/photo/1190079525namtay.jpg', '2008-03-31', 1, 7, ' <p><img src="http://baiviet.cuocsong4u.com/photo/1190079525namtay.jpg" width="200" height="150" align="right">Tôi đưa tấm ảnh gia đình đó   cho các con tôi xem, giải thích nỗi khổ của họ cho hai đứa con trai sinh đôi 7   tuổi và đứa con gái 3 tuối. Tôi bảo chúng: “Chúng ta có quá nhiều trong khi   những người này bây giờ không còn gì cả. Chúng ta hãy chia sẻ với họ những gì   mình có". Tôi và hai con trai chất vào thùng cứu trợ nào đồ hộp và xà bông, mì   gói… Tôi cũng khuyến khích chúng chọn ra một số đồ chơi mà chúng không chơi nữa.   Đứng nhìn hai anh sắp xếp mọi thứ, con gái tôi có vẻ nghĩ ngợi. Tôi nói với con:   "Mẹ sẽ giúp con tìm một thứ gì đó cho em bé trong ảnh”.\r\n </p>\r\n<p> Trong lúc hai anh   mình đặt những món đồ chơi cũ chúng đã chọn vào thùng, con gái tôi đi vào, tay   ôm chặt con búp bê cũ kỹ nhạt màu, tóc rối bù, nhưng là món đồ chơi nó yêu thích   nhất. Nó ôm hôn con búp bê lần chót trước khi bỏ vào thùng. Tôi nói: "Con không   cần phải cho nó, con thương nó lắm mà".</p>\r\n<p> Con gái tôi gật đầu nghiêm trang:   "Nó đem lại niềm vui cho con mẹ ạ, có lẽ nó cũng sẽ đem lại niềm vui cho bạn   kia”.</p>\r\n<p> Tôi nhìn sững con, chợt nhận ra rằng bất cứ ai cũng có thể đem cho   những thứ mình bỏ đi, nhưng lòng nhân ái thật sự là đem cho những gì mình yêu   quí nhất… </p>\r\n', 12, 4, NULL, 0, 1);
INSERT INTO `tin` VALUES (32, 'Số người chết vụ sập cầu Cần Thơ tăng liên tục', '(Dân trí) - Tai nạn sập cầu kinh hoàng và thảm khốc xảy ra sáng sớm nay tại Cần Thơ đã chôn vùi khoảng 200 công nhân đang làm việc phía dưới. Thông tin mới nhất, con số nạn nhân tử nạn đã lên tới 37, gần 100 công nhân khác vẫn trong tình trạng nguy kịch.\r\n', 'http://images7.dantri.com.vn/Uploaded/yennh/T9.07/sap-cau26907.jpg', '2007-09-26', 1, 7, '<p>Trời chạng vạng tối, 3 cần cẩu   vẫn miệt mài bóc dỡ từng tấm bê tông, sắt thép để tìm kiếm những nạn nhân còn   kẹt lại phía dưới. Theo dự đoán, vẫn còn khoảng hơn 10 người bị vùi lấp dưới   đống đổ nát. </p>\r\n<p> </p>\r\n<p>Trong buổi họp báo khẩn cấp vào   chiều nay, Thứ trưởng Thường trực Bộ GTVT Ngô Thịnh Đức đã chỉ đạo thành lập 4   ca cứu hộ trực 24/24, thắp thêm nhiều đèn cao áp để khẩn trương tiến hành công   tác cứu hộ, cứu nạn. UBND tỉnh Vĩnh Long và TP Cần Thơ huy động các lực lượng   công an, cứu hộ túc trực ứng cứu.</p>\r\n<p> </p>\r\n<p>Trong chiều nay, Sở Y tế TPHCM và   các bệnh viện TPHCM (BV Chợ Rẫy, BV Trưng Vương, BV Nhân dân 115, Trung tâm   chỉnh hình và BV Bình Dân) đã cử đoàn bác sĩ, y tá xuống Cần Thơ tiếp ứng, giúp   Cần Thơ tăng cường lực lượng cấp cứu hòng giành giật lại mạng sống cho các nạn   nhân.\r\n<TABLE cellSpacing="0" cellPadding="0" width="217" align="right" border="1">\r\n  <TBODY>\r\n    <TR>\r\n      <TD><p>Anh Nguyễn Ngọc Tuấn, quê Thái   Bình, người của Công ty TNHH Thăng Long sống sót nhờ kịp ôm được cái ống cốp-fa   kể lại giây phút rùng mình khủng khiếp khi cả một khối sắt thép khổng lồ đổ ụp   xuống. Anh thoát chết, nhưng chưa hết nỗi kinh hoàng khi nhìn mấy đồng nghiệp   đang nằm trong đống sắt thép.</p>\r\n          <p> </p>\r\n        <p>Cạnh đó, một người đàn bà nhỏ thó,   gầy guộc, đôi mắt đỏ hoe - chị là HuỳnhThị Thuỷ có chồng là Đặng Văn Bảy và em   trai là Huỳnh Quốc Thanh bị vùi lấp trong đống sắt thép mãi vẫn chưa tìm được.   Suốt cả buổi sáng chị đi lật tìm từng chiếc cáng cứu thương nhưng vô vọng. </p>\r\n        <p> </p>\r\n        <p>Chồng và em chị vẫn còn nằm kẹt đâu   đó, không hiểu đã chết hay đang còn thoi thóp chờ người đến cứu. Chị khóc la   thảm thiết mãi rồi lại đứng lặng im như trời trồng, và tiếng chị khản đặc   lại.<STRONG> (Phan Huy)</STRONG></p></TD>\r\n    </TR>\r\n  </TBODY>\r\n</TABLE>\r\n<p>Vụ sập cầu xảy ra vào   lúc 7 giờ 45 phút sáng nay, 26/9. Phần đường dẫn vào cầu Cần Thơ đang thi   công, phía bờ Vĩnh Long, dài 90m, nặng hàng trăm tấn, bất ngờ đổ sập xuống,   chôn vùi khoảng 200 công nhân đang làm việc phía dưới.</p>\r\n<p>Mấy phút sau sự cố   sập đổ mố cầu dẫn, phía bờ bắc Bình Minh, các đồng chí lãnh đạo TP Cần Thơ, Vĩnh   Long đã có mặt tại hiện trường. Chủ tịch UBND TP Cần Thơ Nguyễn Thanh Tòng đứng   lặng người khi nhìn thấy anh em cứu hộ liên tục khiêng cáng người chết, người bị   thương chuyển xuống canô đưa vào bệnh viện. </p>\r\n<p align="justify">Hai giờ sau thảm họa,   lực lượng cứu nạn đã tìm kiếm được hơn 100 người và đưa về các bệnh viện trung   tâm trong TP Cần Thơ cấp cứu. Hiện trường vụ tai nạn nhão nhoét bùn lầy, lán cứu   thương dã chiến chật ních, người chuyền máu, người hô hấp nhân tạo, người băng   bó sơ cứu vết thương, người khiêng tử thi... </p>\r\n<p>Lúc 15 giờ chiều nay, thông tin   từ lãnh đạo các bệnh viện ở Cần Thơ và Vĩnh Long cho <EM>Dân trí </EM>biết, hiện   đã có 38 nạn nhân thiệt mạng. Con số thương vong có thể chưa dừng ở đó. Tất cả   các nạn nhân đã tử vong sẽ được chuyển tập trung về Bệnh viện Quân y 121 để khám   nghiệm. </p>\r\n<TABLE align="middle">\r\n  <TBODY>\r\n    <TR>\r\n      <TD><IMG src="http://images4.dantri.com.vn/Uploaded/lantm/Thang09.07/xac-nan-nhan12.jpg" alt="2" border="0" align="middle"></TD>\r\n    </TR>\r\n  </TBODY>\r\n</TABLE>\r\n \r\nXác   các nạn nhân được chuyển về Bệnh viện 121. (Ảnh: N.Trường)\r\n</p>\r\n<p> Thông tin từ bệnh viện cho hay,   việc cấp cứu các nạn nhân đang gặp nhiều khó khăn do thiếu lượng máu lớn. Bệnh   viện 121 đang kêu gọi người dân hiến máu để khẩn cấp cứu sống các nạn nhân.</p>\r\n<p>Tất cả các bệnh viện của TP Cần   Thơ đều đã trở nên quá tải, Sở Y tế đã huy động toàn bộ lực lượng y, bác sĩ tham   gia cấp cứu nạn nhân. Ngân hàng máu của các bệnh viện đang được huy động tối đa   nhưng vẫn thiếu. Hàng trăm công nhân chấn thương rất nặng và phải mổ cấp cứu   khẩn cấp. Tại Bệnh viện Đa khoa Cần Thơ, 8 phòng mổ của bệnh viện này đã nêm   chặt người.</p>\r\n<p>Đến 14 giờ, việc tìm kiếm đang   trông chờ vào những người cứu trợ chuyên nghiệp ít ỏi. Người thân của nạn nhân   đứng nhìn trong đôi mắt tuyệt vọng. Tại cuộc họp báo lúc 14h30 Thành uỷ, UBND,   UBMT Tổ quốc TP Cần Thơ và Vĩnh Long kêu gọi các tầng lớp nhân dân, doanh   nghiệp… ủng hộ các gia đình nạn nhân. </p>\r\n<p> Trước mắt, Vĩnh Long đã chi ủng   hộ mỗi gia đình nạn nhân bị thiệt mạng 2 triệu đồng, bị thương 1 triệu đồng; TP   Cần Thơ cũng hỗ trợ mỗi nạn nhân 2 triệu đồng; Công ty Dược Hậu Giang hỗ trợ 3   triệu đồng/ nạn nhân. Còn Công ty bảo hiểm dầu khí chi 5 tỷ đồng để làm công tác   cứu hộ cứu nạn.</p>\r\n<p> </p>\r\n<p align="center"><IMG src="http://images4.dantri.com.vn/Uploaded/yennh/T9.07/sap-cau26907-2.jpg" alt="2"><BR>\r\nMột công nhân may mắn thoát chết trong gang tấc,   vẫn chưa hết bàng hoàng sau tai nạn khủng khiếp. (Ảnh:   N.Trường)</p>\r\n<p>Giữa trưa, hàng ngàn người dân   tập trung đông nghẹt bến Ninh Kiều mong ngóng những chuyến tàu chở các công nhân   bị thương vào bờ. Những công nhân may mắn thoát nạn ngồi bệt xuống nền đất,   những đôi mắt đỏ ngàu vô hồn nhìn về phía hai trụ cầu giữa sông. Tài, anh công   nhân đến từ Nam Định không đứng vững, bíu lấy lan   can bến tàu gào lên thảm thiết. </p>\r\n<p>Anh kể lại: “Đang làm việc phía   bên trên đường dẫn thì nghe đánh sầm một cái. Anh bị một khối bê tông rớt vào   đầu, ngất xỉu. Có hơn 150 anh em ở bên dưới anh” - Tài nấc nghẹn. Giữa sông,   những chiếc tàu lớn nhỏ quần thảo liên tục. Hàng trăm chiếc cáng cứu thương rỉ   máu chạy liên tục. </p>\r\n<p align="center"><IMG src="http://images4.dantri.com.vn/Uploaded/yennh/T9.07/sap-cau26907-5.jpg" alt="3"><BR>\r\nHàng ngàn người tập trung ở bến Ninh Kiều, lo lắng cho số phận những người gặp nạn. (Ảnh:   N.Trường)</p>\r\n<p>Bênh cạnh PV <em>Dân trí</em>, kỹ sư Nguyễn Tài Tập một tay   nghe điện thoại, một tay gạt nước mắt. Tiếng đầu dây bên kia: “Đã tìm được thằng   Hùng chưa em?”. Im lặng. Anh Tập chạy về phía bến tàu để nhìn người bị thương   mới được đưa lên. 60 công nhân của đội anh đang nằm trong đống đổ nát. </p>\r\n<p>Kỹ sư Nguyễn Tài Tập của nhà thầu   VSL, là người phụ trách giám sát một đội thi công đường dẫn vào cầu, nơi có hàng   trăm công nhân của 4 nhà thầu đang làm việc. Anh kể: Khi tất cả các công nhân   vào làm việc dưới thân đường dẫn được 15 phút thì tất cả phần bê tông trên mặt   đường, cốt thép đỡ và giàn giáo cùng đổ sập. Anh chỉ kịp nghe một tiếng “ầm”   chát chúa, toàn bộ đường dẫn đã đổ xuống. Phần đường dẫn từ bờ Vĩnh Long ra trụ   cầu chính được đổ bê tông từ 2 ngày trước. </p>\r\n<p align="center"><IMG src="http://images4.dantri.com.vn/Uploaded/yennh/T9.07/sap-cau26907-4.jpg" alt="3"><BR>\r\n  Nguyên nhân sập cầu có thể do giàn giáo đỡ quá yếu </p>\r\n<p align="center">và móng bị sụt lún do mưa nhiều. (Ảnh:   N.Trường) </p>\r\n<p>Anh Tập cho biết nguyên nhân có   thể là do giàn giáo đỡ quá yếu và mưa lớn trong ngày hôm qua làm sụt lún một   phần móng. Hiện tại, công tác cứu nạn vẫn đang được tiến hành. Do phần đổ nát   quá lớn, chính quyền 2 tỉnh Vĩnh Long và Cần Thơ đã huy động toàn bộ lực lượng   hàng ngàn người túc trực tại hiện trường. Thứ trưởng Bộ GT-VT Ngô Thịnh Đức hiện   cũng đang có mặt tại hiện trường vụ tai nạn.</p>\r\n<p>Công tác cứu hộ ngoài hiện trường cũng gặp nhiều vướng mắc do đống đổ nát   quá lớn. <SPAN lang="VI">Được biết, do ảnh hưởng của   vụ sập này, hai quán cà phê ở gần khu vực cầu cũng bị sập.</SPAN></p>\r\n<p align="center"><IMG src="http://images4.dantri.com.vn/Uploaded/yennh/T9.07/sap-cau26907-1.jpg" alt="2"><BR>\r\n  Hàng chục xe cấp cứu cùng hàng trăm bác sĩ, y tá, công an... túc trực tại   hiện trường. (Ảnh: N.Trường)</p>\r\n<p>Lúc 10 giờ sáng, 80 công nhân đã được chuyển đến các bệnh viện của 2 tỉnh   Vĩnh Long và Cần Thơ. </p>\r\n<p>Tại Cần Thơ, gần 30 xe cấp cứu, hàng trăm bác sĩ y tá và   các lực lượng công an, quân đội đang tham gia tìm kiếm cứu   nạn.</p>\r\n<p>Theo thông tin ban đầu, hiện vẫn chưa xác định được con số thương vong cụ   thể do vẫn còn gần 120 công nhân đang bị vùi trong đống đổ nát. </p>\r\n<DIV align="center">\r\n  <TABLE cellSpacing="0" cellPadding="0" width="90%" border="1">\r\n    <TBODY>\r\n      <TR>\r\n        <TD><p align="justify">Nhận định ban đầu về nguyên nhân sập cầu, nguồn tin của báo <em>Tuổi   Trẻ</em> cho biết, nguyên nhân sập nhịp cầu dẫn này là do hệ thống dàn giáo yếu.   Nhịp cầu này mới được đổ bê tông vài ba ngày nay. Còn theo một kĩ sư không cho   biết tên, thì nguyên nhân sập có thể do mấy ngày nay mưa nhiều quá nên đất bị   lún.</p>\r\n            <p align="justify"> </p>\r\n          <p align="justify"><SPAN lang="VI">Một số người cho biết tại   vị trí cầu sập có bình gas, do đó khi đang tập trung cứu hộ bỗng có tiếng nổ   lớn, khiến mọi người bỏ chạy tán loạn. <BR>\r\n          </SPAN></p>\r\n          <SPAN lang="VI">\r\n            <p align="center">  \r\n            <SPAN lang="VI">\r\n            <TABLE align="center">\r\n              <TBODY>\r\n                <TR>\r\n                  <TD><TABLE align="center">\r\n                      <TBODY>\r\n                        <TR>\r\n                          <TD><IMG src="http://images4.dantri.com.vn/Uploaded/huongnt/t907/260907cantho4.jpg" alt="2" hspace="0"></TD>\r\n                        </TR>\r\n                      </TBODY>\r\n                  </TABLE>\r\n                    Nhiều công nhân được đưa ra khỏi đống sắt thép bê tông\r\n                    <p align="center"><SPAN lang="VI">khi thân thể đã dập nát.   (Ảnh: N.Trường)</SPAN></p></TD>\r\n                </TR>\r\n              </TBODY>\r\n            </TABLE>\r\n          </SPAN> \r\n          <p align="justify"><SPAN lang="VI"><EM><STRONG>* </STRONG></EM>Ông Phạm Thái Hà, quê Thái   Bình, 31 tuổi, là công nhân thi công cầu, người vừa thoát ra khỏi đống bê tông   cho biết: Trong hầm ông làm việc có 4 khoang, ông đang làm thì có cảm giác như   rơi tự do, nón bảo hộ rơi ra. Người ông bị đè xuống bùn và cùng lúc nghe nhiều   tiếng kêu xung quanh. Sau khi trấn tĩnh, ông lồm cồm bò lên, thấy một cái lỗ và   chui ra. Ông Hà nói hiện còn nhiều người bị kẹt và bị đè trong đống bê tông   đó.</SPAN></p>\r\n            <p align="justify"><SPAN lang="VI"></SPAN> </p>\r\n            <p align="justify"><SPAN lang="VI"><STRONG><SPAN lang="VI"><EM><STRONG>* </STRONG></EM></SPAN></STRONG>Ông Nguyễn Đăng Toàn, làm ở   trụ cầu chính bên phía Vĩnh Long, kể lại: Ông đang làm thì nghe phía bên kia có   tiếng </SPAN>“<SPAN lang="VI">ầm</SPAN>”<SPAN lang="VI"> rất lớn, cứ tưởng là   tiếng xe đổ đất đá, nhưng quay lại nhìn thì chỉ trong mấy phút, toàn bộ cây cầu   đã sập mất, chỉ nhìn thấy một người đàn ông còn đứng trên trụ cầu. </SPAN></p>\r\n          </SPAN></TD>\r\n      </TR>\r\n    </TBODY>\r\n  </TABLE>\r\n</DIV>\r\n<SPAN lang="VI">\r\n<p align="left"><strong><SPAN lang="VI">Huy động toàn lực cứu người bị nạn</SPAN></strong></p>\r\n</SPAN><SPAN lang="VI">\r\n<p>Trả lời báo chí, bác sĩ Đặng Quang Tâm,   Giám đốc Bệnh viện đa khoa Cần Thơ, cho biết Sở Y tế Cần Thơ đã huy động toàn bộ   lực lượng gồm các bác sĩ, y tá các Bệnh viện đa khoa Cần Thơ. Bệnh viện Tây Đô   và Bệnh viện Quân Y 121 cùng 10 xe cấp cứu đến hiện trường trực tiếp cấp cứu tại   chỗ và tiếp nhận các bệnh nhân bị chấn thương và các nạn nhân đã tử vong đưa về   Bệnh viện đa khoa Cần Thơ.   </p>\r\n<p align="center"><IMG src="http://images4.dantri.com.vn/Uploaded/yennh/T9.07/sap-cau26907-6-sua.jpg" alt="33"><BR>\r\n  Toàn cảnh vụ sập cầu kinh hoàng. (Ảnh: <A href="http://www.canthoonline.com/">www.canthoonline.com</A>)</p>\r\n<p>Sở Y tế tỉnh Cần Thơ đã huy động   toàn bộ lượng máu, thuốc dự trữ để phục vụ công tác cấp cứu và điều trị nạn nhân   trong vụ tai nạn nghiêm trọng này. Bên cạnh đó, cũng có khoảng 100 nhân viên của   xí nghiệp dược Hậu Giang đến tình nguyện cho máu cấp cứu các nạn nhân.</p>\r\n<p><SPAN lang="VI">Lực lượng CSGT, cảnh sát cơ động Công an TP Cần   Thơ túc trực ở tất cả các tuyến đường từ bến phà Hậu Giang đến các bệnh viện để   mở đường cho xe cấp cứu. </SPAN></p>\r\n<p><SPAN lang="VI">Lãnh đạo hai tỉnh Vĩnh Long và Cần Thơ đang tập   trung chỉ đạo các lực lượng chức năng khẩn trương cứu hộ, cứu nạn, cấp cứu nạn   nhân trong vụ tai nạn nghiêm trọng này.</SPAN></p>\r\n<p align="center"><SPAN lang="VI"> <IMG src="http://admin.www.dantri.com.vn/Uploaded/lantm/Thang09.07/sap-cau-CT9.jpg" alt="1" width="350" height="260"><BR>\r\n  Tất cả chỉ còn một đống đổ nát ngổn   ngang. (Ảnh: N.Trường).</SPAN>\r\n</SPAN><SPAN lang="VI">\r\n<DIV align="center">\r\n<TABLE cellSpacing="0" cellPadding="0" width="90%" border="1">\r\n    <TBODY>\r\n      <TR>\r\n        <TD><p align="center"><strong>Vài nét về công trình cầu Cần   Thơ</strong></p>\r\n            <p> </p>\r\n          <p align="justify">* Vị trí: bắc qua sông Hậu, <SPAN lang="VI">là cầu dài   nhất khu vực Đồng bằng sông Cửu Long, dự kiến sẽ hoàn thành vào cuối năm 2008, </SPAN>nối liền tỉnh Vĩnh   Long và TP Cần Thơ, cách bến phà Cần Thơ hiện tại 3,2km về phía hạ lưu. </p>\r\n          <p align="justify"> * Chiều dài toàn bộ tuyến dự án là   15,85km; tổng chiều dài cầu 2.750m, trong đó cầu dây văng dài 1.010m, cầu dẫn   1.630m. </p>\r\n          <p align="justify"> * Khổ cầu rộng 23,1m trong đó có   bốn làn xe, mỗi làn 3,5m và hai lề bộ hành, mỗi lề 2,75m.</p>\r\n          <p align="justify"> * Khổ thông thuyền: 30mx300m và   39mx110m.</p>\r\n          <p align="justify"> * Tốc độ xe chạy theo thiết kế:   80km/g (qua các khu dân cư 60km/g). </p>\r\n          <p align="justify"> * Kỹ thuật: cầu được thiết kế vĩnh   cửu theo dạng dây văng, mặt cầu hỗn hợp dầm thép và bêtông cốt thép dự ứng lực. </p>\r\n          <p align="justify"> * Trụ tháp: dạng hình chữ Y ngược,   cao 164,8m tính từ bệ cọc.</p>\r\n          <p align="justify"> * Vốn đầu tư: khoảng 300 triệu USD,   tương đương 4.841 tỉ đồng.</p>\r\n          <p align="justify"> * Thời gian thực hiện:   2004-2008.</p>\r\n        </TD>\r\n      </TR>\r\n    </TBODY>\r\n  </TABLE>\r\n</DIV>\r\n</SPAN>\r\n<p><strong>Nhóm PV Cần Thơ</strong>', 9, 0, NULL, 0, 1);
INSERT INTO `tin` VALUES (33, 'Sập cầu Cần Thơ', 'Khoảng 8h sáng nay, cầu Cần Thơ (đang xây) đã bị sập nhịp cầu dẫn dài 90m phía bờ Vĩnh Long. Tại thời điểm này, dưới nhịp cầu này có khoảng 100 công nhân đang làm việc. Theo thông tin ban đầu, khoảng 20 thi thể đã được kéo ra.', 'http://www.ngoisao.net/News/Thoi-cuoc/2007/09/3B9C112D/cau.jpg', '2007-09-26', 1, 7, '<p>Phía trên nhịp cầu có khoảng 150 công nhân đang thi công cũng   đều bị thương. Hiện chưa xác nhận được có bao nhiêu người bị kẹt trong đống đổ   nát, nhưng theo quan sát bước đầu của phóng viên, đến nay đã có hàng chục thi   thể được khiêng ra, cùng rất nhiều người bị thương được cứu và mang ra khỏi đống   đổ nát. </p>\r\n<p align="left">Công tác cứu hộ đang được thực hiện khẩn trương tại hiện trường.   Tuy nhiên chưa thấy cần cẩu xuất hiện để dỡ bỏ đống bê tông sắt thép và việc cứu   hộ hiện chỉ thực hiện bằng tay. Hiện các bệnh viện trên địa bàn thành phố Cần   Thơ đang trở nên quá tải sau tai nạn này.</p>\r\n<p>Một số người cho biết tại vị trí cầu sập có bình gas, do đó, khi   đang tập trung cứu hộ bỗng có tiếng nổ lớn, khiến mọi người bỏ chạy tán loạn. </p>\r\n<p>Theo thông tin ban đầu, nguyên nhân sập nhịp cầu dẫn này là do   hệ thống dàn giáo yếu. Nhịp cầu này mới được đỗ bê tông vài ba ngày nay. Còn   theo một kĩ sư không cho biết tên, thì nguyên nhân sập có thể do mấy ngày nay   mưa nhiều quá nên đất bị lún. </p>\r\n<p>Ông Phạm Thái Hà, quê Thái Bình, 31 tuổi, là công nhân thi công   cầu, người vừa thoát ra khỏi đống bê tông cho biết: trong hầm ông làm việc có 4   khoang, ông đang làm thì có cảm giác như rơi tự do, nón bảo hộ rơi ra. Người ông   bị đè xuống bùn và cùng lúc nghe nhiều tiếng kêu xung quanh. Sau khi trấn tỉnh,   ông lồm cồm bò lên, thấy 1 cái lỗ thì chui ra. Ông Hà nói hiện còn nhiều người   bị kẹt và bị đè trong đống bê tông đó.</p>\r\n<p>Ông Nguyễn Đăng Toàn, làm ở trụ cầu chính bên phía Vĩnh Long kể   lại ông đang làm thì nghe phía bên kia có tiếng ầm rất lớn, cứ tưởng là tiếng xe   đổ đất đá, nhưng quay lại nhìn thì chỉ trong mấy phút, toàn bộ cây cầu đã sập   mất, chỉ nhìn thấy 1 người đàn ông còn đứng trên trụ cầu. Theo quan sát, do ảnh   hưởng của vụ sập này, hai quán cà phê ở gần đó cũng bị sập.</p>\r\n<p>Lãnh đạo hai tỉnh Vĩnh Long và Cần Thơ hiện đang tập trung chỉ   đạo các lực lượng chức năng khẩn trương cứu hộ, cứu nạn, cấp cứu nạn nhân trong   vụ tai nạn nghiêm trọng này.</p>\r\n<p>Cầu Cần Thơ bắc qua Sông Hậu, là cầu dài nhất khu vực Đồng bằng   Sông Cửu Long, dự kiến sẽ hoàn thành vào cuối năm 2008.</p>\r\n', 9, 3, NULL, 0, 1);
INSERT INTO `tin` VALUES (34, 'Máu vẫn chảy trên bến Ninh Kiều', '22 giờ đêm 26/9, bến Ninh Kiều vẫn có hàng trăm người tập trung nghe ngóng tình hình cứu nạn bên kia sông. Trên bến, những chiếc băng ca cứu thương oằn mình nằm ngổn ngang. Màu xanh của những chiếc băng ca đã chuyển sang đỏ bã trầu vì máu khô dính lại. \r\n\r\n', 'http://images7.dantri.com.vn/Uploaded/lantm/Thang09.07/bang-ca-mau260907.jpg', '2007-09-26', 2, 4, '<p>Xung quanh đại công đường đổ nát, khoảng 20 chiến sĩ công an thay nhau   túc trực suốt đêm. Các y, bác sĩ Bệnh viện Quân y 121 cũng chia thành 2 ca sẵn   sàng ứng cứu nạn nhân. Hai chiếc xe cứu thương của bệnh viện luôn trong tư thế   chờ đón những người công nhân xấu số đang bị vùi lấp dưới những bê tông, cốt sắt   ngổn ngang.</p>\r\n<p>Một y sĩ cho <em>Dân trí </em>biết, có   lẽ vẫn còn hơn 10 người kẹt sâu trong đống đổ nát. Công tác cứu nạn gặp rất   nhiều khó khăn vì phải cắt xén từng miếng nhỏ của khối bê tông nặng hàng nghìn   tấn.</p>\r\n<p>Cạnh công trường, cơm hộp, bánh mì, nước uống chất thành đống. Chẳng ai   còn tâm trạng nào để ăn uống dù cả ngày đói lả. Anh y sĩ chống tay vào hàng lan   can giọng xa xăm, vô định: “Chắc chẳng ai còn sống sót. Đêm nay hơn 10 linh hồn   không được ngủ!”  </p>\r\n<TABLE align="center">\r\n  <TBODY>\r\n    <TR>\r\n      <TD><IMG src="http://images4.dantri.com.vn/Uploaded/lantm/Thang09.07/ngong-cho260907.jpg" alt="3" border="0" align="middle"></TD>\r\n    </TR>\r\n  </TBODY>\r\n</TABLE>\r\n \r\nĐêm đã khuya,   người dân vẫn tụ tập trên bến chờ tin cứu nạn. (Ảnh: Nhật Trường).\r\n</p>\r\n<p>Trên bờ, hàng chục người dân túc trực bên cạnh lực lượng cứu hộ, sẵn sàng   giúp đỡ bất kỳ việc gì. Tuy nhiên, hiện thời họ cũng không có việc gì ngoài việc   chờ đợi. Chị Thảo vừa xếp các chai nước vừa nói: “Từ chiều tới giờ, người nào   được đưa lên bờ cũng quấn khăn kín mít anh ạ, chắc họ chết cả rồi”. Chị tiếp tế   thức ăn và nước uống từ sáng cho đến giờ, không quản nhọc nhằn, tốn kém. </p>\r\n<p>“Bà con xung quanh tốt lắm, đồ ăn nước uống chỉ cho chứ không bán. Chắc   đêm nay bà con cũng thức trắng chờ tin”- chị Thảo bảo chỉ cần nhắm mắt lại là   thấy máu, chị chỉ cho tôi con đường đen ngòm vết máu khô dưới chân mình. </p>\r\n<p>Tôi rời bến Ninh Kiều, sau lưng chiếc xe cứu thương chớp đèn rú lên một   hồi còi thảm thiết. Thêm một người nữa được tìm thấy? Không. Thêm một người đã   chết!</p>\r\n', 9, 0, NULL, 0, 1);
INSERT INTO `tin` VALUES (35, 'Nghĩ ngợi sau nỗi bàng hoàng vụ sập cầu Cần Thơ', 'Tối qua, nghe bản tin thời tiết, nhiều người khấp khởi mừng vì cơn bão số 4 đã tạm “rút lui” khỏi vùng đất liền bắc miền Trung. Vậy mà sáng nay, lại bàng hoàng rơi nước mắt trước thông tin hàng chục người thiệt mạng trong vụ sập cầu Cần Thơ, và con số thương vong vẫn đang tiếp tục tăng lên từng giờ.\r\n\r\n', 'http://images7.dantri.com.vn/Uploaded/yennh/T9.07/sap-cau26907-7.jpg', '2006-09-27', 2, 4, '<p>Việt Nam - một đất nước mà mấy chữ “thiên   tai dịch họa” không còn gì lạ lẫm. Người Việt đã sống quen với những cơn thịnh   nộ của thiên nhiên và sự đỏng đảnh của thời tiết. Nhưng việc tự con người gây   nên, lại khiến chính con người phải chịu đau đớn, chỉ vì sự vô trách nhiệm   ở một nơi nào đó, thì có lẽ, chẳng ai, và chẳng bao giờ, ta có thể “quen”   được.\r\n<SPAN id="lbBody">\r\n<p>Vội ngoái lại mấy năm trước, hẳn nhiều người sẽ còn nhớ những thảm   kịch:</p>\r\n<p>Vụ hỏa hoạn ngày 29/10/2002 tại Trung tâm thương mại quốc tế ITC (TPHCM)   làm khoảng 60 người chết, 70 người bị thương, thiệt hại hàng ngàn tỉ đồng. </p>\r\n<p>Vụ nổ xe khách ở Bắc Ninh, xảy ra ngày 2/5/2003, làm 46 người thiệt mạng   và hơn 30 người bị thương.</p>\r\n<p>Vụ chìm tàu Diễm Tính (Cà Mau) ngày 30/4/2004, khiến 39 hành khách tử   nạn, mười người khác mất tích. </p>\r\n<p>Vụ tai nạn tàu E1 xảy ra ngày 12/3/2005 tại Lăng Cô, làm 11 người chết,   hàng chục người bị thương, thiệt hại tài sản lên đến hàng tỷ đồng.</p>\r\n<p>Vụ chìm đò ở bến Chôm Lôm (Con Cuông, Nghệ An) xảy ra ngày   7/10/2006 khiến 19 học sinh thiệt mạng.</p>\r\n<p>Cũng trong cơn bàng hoàng, ta chợt thấy ấm lòng hơn khi biết ở nơi đó,   mỗi người đều đang gắng làm một việc có thể cho những nạn nhân của vụ sập cầu: </p>\r\n<p>Ngay sau khi hay tin vụ tai nạn nghiêm trọng xảy ra, Công ty Dược Hậu   Giang đã huy động 100 cán bộ, nhân viên tổ chức hiến máu nhân đạo để cấp cứu   những nạn nhân mất nhiều máu. Hàng chục y tá, sinh viên y đang thực tập tại BV   Đa khoa Trung ương Cần Thơ và rất nhiều người dân cũng tham gia hiến   máu.</p>\r\n<p>Thứ trưởng GTVT Ngô Thịnh Đức có mặt; các y bác sĩ BV đa khoa Cần Thơ,   Tây Đô túc trực tại hiện trường và trong bệnh viện để xử lí gấp các bệnh nhân;   công an, quân đội 2 tỉnh Vĩnh Long, TP Cần Thơ đến ứng cứu... Và hàng triệu   người dân cả nước đang hướng về phía Nam tổ quốc - nơi có những đồng bào   đang trong cơn nguy cấp.</p>\r\n<p>Nhìn con số thương vong của vụ sập cầu tăng lên không ngừng, chúng   ta lại nhớ đến những con số khác. Theo báo cáo đầu tháng 2 năm nay của   Thanh Tra Lao động (Bộ LĐ-TB&amp;XH), trong năm 2006, cả nước đã xảy ra gần   5.900 vụ tai nạn lao động với hơn 500 vụ tai nạn nghiêm trọng, làm hơn 530   người thiệt mạng và hơn 1.100 người bị thương nặng. </p>\r\n<p>Sao cho khỏi chua xót khi nghĩ đến những con số trên? Và sao cho khỏi   không đau đớn với một điều: chính con người đã tự gây ra những thảm họa đó cho   đồng bào mình.</p>\r\n<p>Những con số giật mình nói trên cần phải được nhắc đi nhắc lại bao nhiêu   lần nữa, thì mới đủ sức lay động lương tâm, trách nhiệm, và sự cẩn trọng tối đa   trong mỗi người lao động?</p>\r\n<p>Sự đầu tư lớn chỉ có thể tạo nên những toà nhà cao tầng, những con đường   cao tốc,  những con cầu dài bắc qua sông   rộng... nhưng  chưa thể tạo nên một môi   trường làm việc công nghiệp, hiện đại và an toàn. </p>\r\n</SPAN>', 9, 0, NULL, 0, 1);
INSERT INTO `tin` VALUES (36, 'Giá gạo tiếp tục giảm', 'Ngày 29-4, giá gạo tiếp tục giảm thêm nhưng nhiều người dân vẫn mong muốn giá gạo giảm hơn nữa... Gạo ê hề trên thị trường nhưng giá còn khá cao. Người dân vẫn cần rất nhiều điểm bán gạo theo giá thấp, vì vậy họ kiên nhẫn xếp hàng ở các siêu thị. \r\n', 'http://www.tuoitre.com.vn/tianyon/ImageView.aspx?ThumbnailID=257990', '2008-04-30', 3, 5, '<p>TP.HCM: giá gạo dần trở lại bình thường</p>\r\n<p>Ngày 29-4 tại TP.HCM, giá gạo tiếp tục giảm thêm 2.000-3.000đ/kg   so với ngày 28-4, nhưng so với những ngày trước khi xảy ra cơn sốt gạo, giá vẫn   còn cao hơn 5.000-6.000đ/kg. </p>\r\n<p>Tại chợ đầu mối Trần Chánh Chiếu (Q.5), lượng gạo về chợ chỉ còn   150-160 tấn/ngày, giảm do ít người mua. Tại các chợ nhỏ hoạt động mua bán gạo đã   trở lại bình thường, có niêm yết. Giá gạo thấp nhất 11.000đ/kg, gạo đặc sản   17.000đ/kg. </p>\r\n<p>Trong ngày 29-4, người dân vẫn xếp hàng mua gạo ở siêu thị vì giá   bán nơi đây rẻ hơn nhiều so với các điểm bán ở chợ. Hệ thống siêu thị Co.op Mart   không còn hạn chế số lượng mua, giá gạo vẫn giữ như cũ 10.780 đồng/kg gạo trắng   hạt dài. Do nhu cầu mua lớn nên nhân viên của siêu thị đóng gói gạo vào các bao   xốp với trọng lượng 5kg/bịch.</p>\r\n<TABLE borderColor="#ecf2fe" height="100" cellSpacing="5" borderColorDark="#456ae1" cellPadding="5" width="200" align="right" borderColorLight="#4792d9" border="0">\r\n  <TBODY>\r\n    <TR>\r\n      <TD vAlign="center" bgColor="#cfe6f9"><p>\r\n        <TABLE cellSpacing="0" cellPadding="0" width="40" align="center" border="0">\r\n            <TBODY>\r\n              <TR>\r\n                <TD><IMG src="ImageView.aspx?ThumbnailID=257991" alt="j" width="200" height="150" hspace="0" border="1" onclick="return showImage(this.src)" Hyperlink></TD>\r\n              </TR>\r\n              <TR>\r\n                <TD>Niềm vui mua được gạo đúng giá - Ảnh: T.C.N.</TD>\r\n              </TR>\r\n            </TBODY>\r\n        </TABLE>\r\n        Đem   gạo đến tận tay công nhân\r\n        </p>\r\n          <p>Lúc 17g ngày 29-4, đội bán gạo lưu động góp phần bình ổn thị   trường do Đoàn thanh niên các khu công nghiệp - khu chế xuất TP.HCM phối hợp với   Liên hiệp hợp tác xã thương mại TP.HCM đã đến Khu chế xuất Tân Thuận (Q.7) bán 2   tấn gạo tận tay công nhân. Với thẻ công nhân, mỗi người được mua tối đa 10kg gạo   với giá 11.300đ/kg. Đội bán gạo lưu động sẽ lần lượt có mặt tại các khu công   nghiệp Tân Tạo, Tân Bình, Linh Xuân và Vĩnh Lộc để bán gạo trực tiếp cho công   nhân.</p>\r\n        <p>Trong ngày 29-4, đội bán hàng lưu động của Saigon Co.op đã thực   hiện sáu chuyến bán hàng lưu động tại năm điểm trên địa bàn TP. Theo bà Quỳnh   Chi - phó giám đốc Saigon Co.op, lịch bán hàng lưu động sẽ diễn ra trong năm   ngày từ 29-4 đến 3-5, mỗi ngày năm điểm, dự kiến bao gồm 20 xã vùng sâu vùng xa   và năm KCX-KCN thuộc TP nhằm đưa gạo tới tận tay người tiêu dùng. Ngoài ra, hơn   40 tấn gạo đã được chuyển đến hệ thống 63 cửa hàng Saigon Co.op thông qua các   HTX thành viên tại các quận huyện của TP và nhiều điểm bán tỏa khắp các khu dân   cư. </p>\r\n        <p>Saigon Co.op cho biết đảm bảo mỗi ngày sẽ có khoảng 500 tấn gạo   được rót vào các siêu thị trong hệ thống Co.op   Mart.</p></TD>\r\n    </TR>\r\n  </TBODY>\r\n</TABLE>\r\nTheo báo cáo   nhanh của ban quản lý thị trường các quận, huyện, đến chiều 29-4 thị trường gạo   đã trở lại bình thường.\r\n</p>\r\n<p>Tại Bình Dương sáng 29-4, hầu hết giá gạo tại các chợ và đại lý   đã trở lại bình thường, người dân không còn mua gạo để tích trữ như vài ngày   trước. Tuy nhiên tại một số điểm bán lẻ, giá gạo vẫn còn cao hơn 1.000-3.000đ/kg   so với tuần trước. Tỉnh đang chú trọng vào việc cung ứng loại gạo 25% (gạo trắng   nở) bởi nhu cầu mua loại gạo này của công nhân lao động rất lớn.</p>\r\n<p>Nhiều nơi giá gạo đang dần về mức cũ</p>\r\n<p>Ngày 29-4, giá gạo tại Hà Nội và các tỉnh phía Bắc đồng loạt   giảm. Người mua thưa thớt hẳn. Tại chợ Mơ, các tiểu thương kháo nhau về chuyện   các kho gạo dự trữ của Nhà nước sẽ được mở cửa bán giá thấp nên các cửa hàng gạo   bỗng trở nên ế ẩm. </p>\r\n<p>Chị Hồng, cửa hàng gạo chợ Mơ, cho biết: "Sau hai ngày bán hàng   dồn dập dù giá tăng cao, đến hôm nay đã thưa thớt người mua và giá trở lại mức   một tuần trước đây. Gạo loại trung bình có giá 11.000-13.500đ/kg. Gạo tẻ thơm,   gạo tám các loại cũng giảm xuống ở mức 16.000-17.000đ/kg". </p>\r\n<p>Tình trạng vắng vẻ cũng phổ biến ở hầu hết các chợ, cửa hàng gạo   trên địa bàn Hà Nội. Do không tăng giá theo thị trường nên gạo tại các siêu thị   ở Hà Nội tạm thời hết. Các siêu thị cũng là địa chỉ vẫn còn nhiều khách hàng tìm   hỏi mua vì giá cả không thay đổi. Đại diện siêu thị Intimex cho biết siêu thị sẽ   nhập gạo trong 1-2 ngày tới và vẫn giữ nguyên mức giá cũ. </p>\r\n<p>Tại TP Cần Thơ, hai ngày qua giá gạo liên tục giảm mạnh. Gạo đông   xuân mấy hôm trước không có hàng thì hai ngày qua được các nhà máy chào bán với   giá 10.500đ/kg. Bán chạy nhất tại các sạp là loại gạo mới (đông xuân) với giá   11.000đ/kg. Tuy nhiên, các tiểu thương cho biết giá này vẫn còn cao hơn so với   thời điểm bình thường trước đây. Ông Đỗ Văn Dũng - chi cục trưởng Chi cục Quản   lý thị trường Cần Thơ -  cho biết ngày 29-4 giá gạo đã giảm bình quân 5.000đ/kg   so với ngày 27-4 nhưng vẫn còn cao so với lúc chưa tăng.</p>\r\n<p>Duy trì nguồn cung dồi dào kéo giá giảm thêm</p>\r\n<p>Sáng 29-4, tại cuộc họp thường kỳ về xuất khẩu gạo, ông Trương   Thanh Phong - chủ tịch Hiệp hội Lương thực VN - cho biết đến hết ngày 29-4 đã   cung ứng cho TP.HCM 2.000 tấn gạo, gần đạt một nửa so với con số dự kiến 4.700   tấn. Hiện Tổng công ty Lương thực miền Nam có nguồn hàng dự phòng 9.000 tấn gạo   ở kho của Xí nghiệp lương thực Sài Gòn - Satake (Bình Chánh), có thể chủ động và   nhanh chóng cung cấp cho nhu cầu của thị trường TP.HCM trong những ngày tới. </p>\r\n<p>Với nhu cầu của thị trường TP.HCM chỉ vào khoảng 200 tấn/ngày,   trong khi nguồn cung gạo khá lớn, giá gạo tại thị trường tự do sẽ tiếp tục giảm   trong thời gian tới. Giám đốc một doanh nghiệp cũng cho rằng giá gạo ngoài thị   trường tự do có thể chưa giảm mạnh và trở về mức giá trước thời điểm sốt, do một   số người kinh doanh đã mua gạo ở giá cao và còn đang nghe ngóng. Tuy nhiên, với   nguồn hàng dồi dào, người tiêu dùng quay lưng với những điểm bán gạo giá cao,   chắc chắn giá sẽ phải giảm. </p>\r\n<p>Các doanh nghiệp đề nghị cần phải xây dựng hệ thống phân phối vì   đợt biến động vừa rồi có nguyên nhân từ khâu phân phối.</p>\r\n<p>\r\n<TABLE borderColor="#ecf2fe" cellSpacing="5" borderColorDark="#456ae1" cellPadding="5" width="100%" align="center" borderColorLight="#4792d9" border="0">\r\n  <TBODY>\r\n    <TR>\r\n      <TD vAlign="center" bgColor="#cfe6f9"><p>Thứ trưởng Bộ NN&amp;PTNT Diệp Kỉnh   Tần:</p>\r\n          <p>Gạo đủ ăn, còn dư để xuất khẩu 4,5 triệu   tấn</p>\r\n        <p>"Nếu không có thiên tai phức tạp, năm 2008 chúng ta có thể đạt và   vượt mốc 36 triệu tấn lúa như kế hoạch đề ra, đảm bảo an ninh lương thực và xuất   khẩu" - Thứ trưởng Bộ NN&amp;PTNT Diệp Kỉnh Tần khẳng định với báo chí hôm 29-4. </p>\r\n        <p>Theo tính toán, năm 2008 cả nước sản xuất 36,55 triệu tấn lúa.   Nhu cầu cho tiêu dùng trong nước khoảng 27,8 triệu tấn (gồm để làm giống khoảng   1 triệu tấn, để ăn 21 triệu tấn, hao hụt và chăn nuôi khoảng 5,8 triệu tấn). Sau   khi trừ tiêu dùng nội địa, lúa hàng hóa dành cho xuất khẩu còn khoảng 8,75 triệu   tấn (tương đương 4,5 triệu tấn gạo). Định hướng của Thủ tướng Chính phủ về xuất   khẩu gạo năm 2008 từ 3,5-4 triệu tấn là mức an toàn cho tiêu dùng trong nước và   xuất khẩu. </p>\r\n        <p>Theo Tổng cục Hải quan, tính hết tháng 4-2008, xuất khẩu gạo đạt   khoảng 1,6 triệu tấn. Vì vậy, lượng gạo hàng hóa còn lại trong nước vào thời   điểm hiện nay khoảng 1,23 triệu tấn. </p>\r\n        <p>Được biết năm 2007, sản lượng lúa cả nước đạt 35,87 triệu tấn,   trừ chi dùng cho trong nước 27,5 triệu tấn, lúa hàng hóa còn lại khoảng 8,37   triệu tấn (tương đương 4,6 triệu tấn gạo).</p></TD>\r\n    </TR>\r\n  </TBODY>\r\n</TABLE>\r\n</p>\r\n<p>NHÓM PV <EM>TUỔI TRẺ</EM></p>\r\n', 9, 0, NULL, 0, 1);
INSERT INTO `tin` VALUES (37, 'Khủng hoảng lương thực, cơ hội phục hồi nông nghiệp', 'TT - Tổng giám đốc Tổ chức Lương nông Liên Hiệp Quốc (FAO) Jacques Diouf khẳng định việc giá lương thực tăng cao cũng là một cơ hội để ngành nông nghiệp thế giới phát triển. \r\n\r\n', 'http://www.tuoitre.com.vn/tianyon/ImageView.aspx?ThumbnailID=258232', '2008-05-01', 3, 5, '<p>Theo Alterinfonet, trong bài viết có tựa đề Giá lương thực tăng   phi mã: đe dọa hay cơ hội?, đăng tải trên mạng của FAO ngày 30-4, ông Diouf nhấn   mạnh thế giới phải biết tận dụng cơ hội này để trợ giúp nông dân ở các nước đang   phát triển, những đối tượng từng phải gánh chịu tình trạng giá lương thực rẻ   mạt, tránh rơi vào hoàn cảnh tương tự trong tương lai. Theo ông, đây là thời   điểm khởi động lại ngành nông nghiệp và thế giới không thể bỏ lỡ cơ hội này. </p>\r\n<p>Trong khi đó, nhật báo The Nation cho biết Chính phủ Thái Lan sẽ   thu mua gạo trực tiếp từ nông dân để bán cho người tiêu dùng mà không để thương   lái làm trung gian. Việc này nhằm đảm bảo đối tượng trực tiếp sản xuất nâng thu   nhập cho dù giá gạo được điều chỉnh giảm.  </p>\r\n', 9, 0, NULL, 0, 1);
INSERT INTO `tin` VALUES (38, 'Giá và chất lượng gạo, ai đi đến cùng với người dân?', 'TTO - Tôi vừa mua 5kg gạo giá 56.500đ tại siêu thị Coop Mart Tân Phú. Theo thông tin trên các phương tiện thông tin đại chúng thì gạo tại siêu thị có giá thấp hơn và cũng đảm bảo chất lượng hơn, nhưng sự thật không phải vậy, gạo mua về nấu lên mà khô như cơm nguội, không thể nào nuốt nổi. ', NULL, '2008-05-06', 1, 5, 'Qua bài viết của báo Tuổi trẻ tôi được biết thêm không phải chỉ mình tôi bị lừa mà còn nhiều khách hàng của hệ thống Siêu thị Coop Mart cũng bị lừa như tôi. Không hiểu nhân viên cũng như ban giám đốc hệ thống Siêu thị Coop Mart có bao giờ thưởng thức gạo do chính mình bán ra cho những người tiêu dùng đã tin tưởng Coop Mart bấy lâu nay hay không?\r\n\r\n NGUYỄN THỊ MAI ANH \r\n\r\nHiện tôi đang ở đường Hà Huy Giáp - Quận 12, TP.HCM. Tại khu vực này giá gạo bán mỗi chỗ mỗi khác. Tuy nhiên cùng 1 loại gạo giá tiền khác nhau đến đau đầu. VD : Gạo thơm Thái có chỗ bán 12.000đ/kg, có chỗ bán với giá 14.000 -16.000đ/kg. Tuy nhiên các chỗ này cách không xa nhau lắm, cùng chung 1 cái chợ Thạnh Xuân. \r\n\r\nĐiều đáng nói ở đây là không có cơ quan nào đứng ra giải quyết tình trạng bất thường này (chỉ xảy ra trầm trọng từ sau "sự kiện" tăng giá gạo), gây mất lòng tin của người dân. \r\n\r\nMong các cơ quan chức năng có những biện pháp thiết thực để người dân ổn định đời sống.\r\n\r\nNGUYỄN THANH ANH\r\n\r\nVới diễn biến mới nhất là giá gạo tăng đột biến như trong những ngày qua, dù Chính Phủ cũng như các cấp ngành có vào cuộc, song giá gạo vẫn ở mức cao. Còn chất lượng gạo thì ...chỉ có người bán mới biết. VD một kg gạo Đài Loan thơm trước lúc tăng giá là 10.000đ/kg, bây giờ sau khi giá đã giảm vẫn còn 14.000đ/kg nhưng về nấu thì không giống như gạo lần trước. \r\n\r\nNgười dân đang tự hỏi tại sao một nước xuất khẩu gạo đứng thứ 2 thế giới lại để giá gạo cao như thế, nhà nước không có biện pháp nào để xử lý thích đáng hành vi tăng giá này? Gạo là nhu cầu thiết yếu số một mà người dân không thể thiếu, vậy mà nhà nước không bình ổn được giá thì làm sao ổn định được đời sống người dân, nhất là người dân nghèo?\r\n\r\n HÀ MINH ĐỨC\r\n', 9, 236, NULL, 0, 1);
INSERT INTO `tin` VALUES (39, 'Mạng lưới bán lẻ đông, nhưng rời rạc', 'TT - Với một tổ chức thị trường như hiện nay - đông nhưng không có tổ chức, manh mún và rời rạc - thị trường rất dễ tổn thương khi có những biến động, như vừa xảy ra với cơn sốt giá gạo. Đó là nhận định của ông Hoàng Thọ Xuân (ảnh), vụ trưởng Vụ Thị trường trong nước Bộ Công Thương. \r\n', 'http://www.tuoitre.com.vn/tianyon/ImageView.aspx?ThumbnailID=258199', '2008-05-01', 3, 5, '<p>Ông Xuân nói:</p>\r\n<p>- Không chỉ khâu phân phối gạo có vấn đề mà khâu phân phối rất   nhiều mặt hàng khác cũng vậy. Mạng lưới yếu kém không có nghĩa là ít, mà nó   không được tổ chức, thiết kế để trở thành những hệ thống chuyên nghiệp. Thị   trường của chúng ta hết sức manh mún, tản mác, rời rạc, chẳng có liên hệ gì với   nhau. Cả tổ chức và hoạt động của nó nằm ngoài sự kiểm soát. Một thị trường mà   toàn người dân bán cho nhau, rồi tiểu thương tự mua tự bán thì việc quản lý,   điều tiết giá nhanh là điều cực khó. Cái này một phần do lỗi của Nhà nước chưa   đưa ra được một kịch bản tốt cho sự hình thành một thị trường hợp lý, lành mạnh. </p>\r\n<p>* Trong một thị trường như vậy rất dễ dàng cho hoạt động đầu   cơ?</p>\r\n<p>- Có hai điểm yếu lớn nhất của hệ thống này. Do không có những   rường cột lớn nên hệ thống phân phối trên rất dễ bị tổn thương. Yếu tố tâm lý   tác động rất nhiều vì chỉ cần nghe tin giá sẽ lên, ai cũng muốn lãi cao nên tâm   lý người bán là dừng lại chờ xem. Yếu tố chờ xem có thể khiến tạo nên cơn sốt   giả tạo, từ đó dễ đẩy giá lên. Chính điều này tạo nên điểm yếu thứ hai là dễ nảy   sinh đầu cơ. </p>\r\n<p>* Như vậy, nếu không chấn chỉnh thì thị trường sẽ còn phải   chịu những cơn biến động như đã từng xảy ra với gạo?</p>\r\n<p>\r\n<TABLE cellSpacing="0" cellPadding="0" width="40" align="right" border="0">\r\n  <TBODY>\r\n    <TR>\r\n      <TD><IMG src="ImageView.aspx?ThumbnailID=258200" alt="5" width="200" height="150" hspace="0" border="1" onclick="return showImage(this.src)" Hyperlink></TD>\r\n    </TR>\r\n    <TR>\r\n      <TD>VN cần phát triển thêm nhiều siêu thị - Ảnh: Minh   Đức</TD>\r\n    </TR>\r\n  </TBODY>\r\n</TABLE>\r\n- Hiện có thể nói hệ thống phân phối ximăng tạm   được, còn phân bón, thép, phôi thép đều có vấn đề. Anh chỉ làm ra sản phẩm, còn   sản phẩm ra ngoài nhà máy anh không nắm được nữa, đó không phải hệ thống phân   phối tốt.\r\n</p>\r\n<p>Các doanh nghiệp phải có đại lý nhưng cách hiểu đại lý ở VN nhiều   nơi còn méo mó. Đại lý thì chỉ ăn hoa hồng, không có quyền quyết giá, không được   phép dừng bán hoặc bán theo ý của mình. Đại lý của các mặt hàng phân bón, thép   nói thế nhưng thực chất không phải là đại lý. Chính điều này làm thị trường   thép, phân bón thời gian qua biến động. Nếu thị trường thế giới biến động tám   phần thì khâu phân phối không chuẩn đẩy biến động thêm hai phần nữa, gây thiệt   hại không đáng có cho người tiêu dùng.</p>\r\n<p>* Hiện các siêu thị thường không có kho dự trữ khiến các   doanh nghiệp bán lẻ không thể phản ứng kịp với tình hình thị trường. Đây là điều   phải khắc phục ngay?</p>\r\n<p>- Một số doanh nghiệp nói là có nhà kho, có bến bãi nhưng thực   chất không phải. Trước đây nhiều đơn vị có lợi thế rất lớn về đất đai, kho bãi   nhưng hơn mười năm qua do chúng ta "thả nổi" cho doanh nghiệp tự lo, tự chủ, tự   quyết nên phần lớn diện tích ấy đã bị thế chấp, cho thuê, làm nhà hàng, khách   sạn rồi. Đến nay, khi muốn phát triển, doanh nghiệp nào cũng kêu thiếu đất,   thiếu vị trí.</p>\r\n<p>\r\n<TABLE borderColor="#ecf2fe" height="100" cellSpacing="5" borderColorDark="#456ae1" cellPadding="5" width="200" align="right" borderColorLight="#4792d9" border="0">\r\n  <TBODY>\r\n    <TR>\r\n      <TD vAlign="center" bgColor="#cfe6f9"><p>*   Theo ông, mô hình hệ thống phân phối của VN sắp tới phải phát triển theo hướng   nào?</p>\r\n          <p>-   Hiện đã có mô hình khá tốt về hệ thống bán lẻ như Hapro, Satra, Intimex,   Fivimex… Đó là hướng đi đúng mà chúng ta sẽ phải theo. Tuy nhiên, phải nói ngay   sự phát triển của các doanh nghiệp trên mới là bước đầu, còn rất nhiều điều phải   hoàn thiện về công nghệ, qui mô cũng như trình độ quản lý. Nếu nói các doanh   nghiệp bán lẻ vừa kể mạnh chưa thì phải khẳng định là chưa. Trong các biến động   gần đây như đợt rét đậm kéo dài hay ngay trong trường hợp sốt gạo này, vai trò   của các doanh nghiệp trên khá mờ   nhạt.</p></TD>\r\n    </TR>\r\n  </TBODY>\r\n</TABLE>\r\n* Về mặt Nhà nước, việc   phát triển hệ thống bán lẻ sẽ được thúc đẩy ra sao, thưa ông?\r\n</p>\r\n<p>- Chúng tôi đang hoàn thiện đề án giải pháp phát triển và quản lý   các hệ thống phân phối chủ lực đảm bảo sự ổn định, phát triển bền vững thị   trường trong nước. Theo đề án này, Bộ Công thương kiến nghị củng cố và phát   triển ba hệ thống chủ lực gồm: hệ thống phân phối hàng hóa vật tư chiến lược,   thiết yếu với đời sống như xăng dầu, thép, phân bón, thuốc chữa bệnh; hệ thống   phân phối tổng hợp các mặt hàng tiêu dùng và hệ thống phân phối các mặt hàng   lương thực thực phẩm, mà trọng tâm là hệ thống bán lẻ tại các tỉnh thành. Ba hệ   thống này sẽ được tổ chức lại, tạo nhân tố mạnh và tăng cường sự quản lý của Nhà   nước. </p>\r\n<p>* Nói tạo rường cột cho thị trường bán lẻ, liệu đây có đồng   nghĩa với việc giúp các doanh nghiệp nhà nước đứng ra thâu tóm thị trường?</p>\r\n<p>- Rường cột trong khâu bán lẻ sẽ không phân biệt thành phần.   Chính sách phải là chính sách chung để mọi thành phần kinh tế nếu có hướng đầu   tư đều được tạo thuận lợi với mức giống nhau. Khi nói đến đầu tư, tháo gỡ khó   khăn, ưu đãi thường dành cho sản xuất. Điều này không sai nhưng không hoàn toàn   đúng. Bây giờ khâu năng động, linh hoạt, sung yếu nhất lại là thị trường, là lưu   thông. Do VN chưa phát huy tốt vai trò tổ chức kinh doanh nên dẫn đến tình trạng   rất đông nhưng rời rạc, cô lập lẫn nhau. Không có tổ chức đủ sức mạnh chi phối,   kiểm soát được tình hình thì khi có biến động sẽ rất khó kiểm soát. Nay cần phải   đầu tư tốt cho hệ thống phân phối bằng chính sách, hỗ trợ cụ thể... </p>\r\n<p>CẦM VĂN KÌNH</p>\r\n', 9, 0, NULL, 0, 1);
INSERT INTO `tin` VALUES (40, 'Chợ ế, siêu thị đông khách do bán đúng giá', 'TT (TP.HCM, Đà Nẵng) - Ngày 30-4, sức mua gạo trên địa bàn TP.HCM đã hạ nhiệt rõ rệt so với những ngày trước. Trời mưa cộng với yếu tố giá gạo vẫn đứng ở mức cao đã làm sức mua gạo trên thị trường cũng như tại các chợ đầu mối trong ngày 30-4 rất thấp. ', 'http://www.tuoitre.com.vn/tianyon/ImageView.aspx?ThumbnailID=258201', '2008-05-01', 2, 5, '<p>Nhiều nơi các sạp gạo đóng cửa sớm hơn mọi ngày do chỉ lác đác   vài người đến mua. Giá các loại gạo phổ biến như nàng hương, thơm Thái, thơm Đài   Loan… đều về dưới mức 20.000 đồng/kg. Giá gạo tiếp tục giảm thêm 500-1.500   đồng/kg song vẫn còn cao so với tuần trước. </p>\r\n<p>Tại hệ thống Co.op Mart, Vinatex… lượng gạo bán ra giảm nhẹ so   với hôm 29-4 nhưng sức tiêu thụ vẫn ở mức cao. Mặt hàng bán chạy là loại gạo   đóng bao 5kg tại siêu thị, giá 53.900 đồng/bao (trắng hạt dài Tiền Giang hoặc   Long An) hoặc 56.500 đồng/bao (gạo xuất khẩu Vinh Phát). </p>\r\n<p>Để tăng thêm kênh mua bán trong ngày 30-4, 45 cửa hàng của Vissan   cũng tham gia bán gạo cho khách hàng. Cùng ngày, bà Nguyễn Thị Hồng Hương, giám   đốc điều hành Vinatex, cho biết đơn vị đang tiến hành đóng gói bao 5kg và 2kg để   kịp tung ra thị trường ngày hôm nay (1-5). Khoảng 200 tấn gạo/ngày được Tổng   công ty Lương thực miền Nam cung cấp sẽ đáp ứng hết nhu cầu của người dân. </p>\r\n<p>Trong khi đó, ngày 30-4, đội bán hàng lưu động của Saigon Co.op   tiếp tục đến Bà Điểm (Hóc Môn), Hiệp Phước, Phú Xuân, Nhơn Đức (Nhà Bè), KCN Tân   Tạo (Bình Chánh) với số lượng 2 tấn gạo/điểm.</p>\r\n<p>* Sáng 30-4, giá gạo các loại tại chợ Bà Chiểu, Q.Bình Thạnh,   TP.HCM đã đồng loạt giảm 5.000-7.000 đồng/kg. Chị Nguyễn Thị Thu Thảo, chủ đại   lý gạo số 414, nói: "Tất cả đã hạ giá, đặc biệt gạo trắng thường (loại gạo giá   trung bình, nhiều người mua nhất), từ 18.000 đồng/kg đã hạ xuống còn 12.000   đồng/kg vào hôm qua và sáng nay xuống còn 11.000 đồng/kg bằng với giá cũ - giá   trước khi xảy ra cơn "sốt" gạo sáng 26-4 (ảnh).</p>\r\n<p>* Ngày 30-4, với việc Đà Nẵng tung hàng loạt điểm bán và giá ổn   định, người dân mua không hạn chế, giá gạo ở Đà Nẵng đã giảm đáng kể. Nhiều   người dân đem gạo mua giá cao trước đó trả lại các đại lý gạo. Giá gạo thường từ   11.000-11.500 đồng/kg giảm xuống còn 9.500-10.000 đồng/kg; giá gạo loại 2 từ   15.000 đồng còn 12.500-13.000 đồng/kg. Theo ông Trần Văn Đạm - chi cục trưởng   Chi cục Quản lý thị trường Đà Nẵng, giá gạo trong những ngày qua đã giảm   1.000-3.000 đồng/kg tại các chợ lớn. Giá gạo 9.500 đồng/kg bán không hạn chế số   lượng, TP tiếp tục bán đến khi giá trở lại bình ổn. </p>\r\n<p>NHƯ BÌNH - VIỆT HÙNG</p>\r\n', 9, 0, NULL, 0, 1);
INSERT INTO `tin` VALUES (41, 'Bữa cơm nghèo trong cơn sốt gạo', 'TT - Túi tiền mỏng manh của sinh viên (SV), công nhân (CN) vốn bình thường đã vất vả. Nay, trong những ngày diễn ra cơn sốt giá gạo, lại càng khiến những trí thức trẻ, những người thợ nghèo thêm khốn khó trong cuộc sống.\r\n', 'http://www.tuoitre.com.vn/tianyon/ImageView.aspx?ArticleID=255181', '2008-04-30', 2, 5, '<p>Với những gia đình khá giả, chuyện gạo tăng giá cao dù sao cũng   chỉ chiếm một phần rất nhỏ trong các chi phí sinh hoạt hằng ngày. Nhưng đối với   giới SV, CN thì việc một bữa cơm bỗng dưng tăng lên vài ngàn đồng cũng là điều   hệ trọng.</p>\r\n<p>Cơm lên...</p>\r\n<p>Thật chua chát làm sao khi nhiều SV tếu táo đố chúng tôi rằng:   trong thời điểm hiện nay, những trí thức trẻ như SV sợ nhất từ gì? Họ cười phá   lên khi thấy chúng tôi ngơ ngác, và trả lời: "SV chúng tôi sợ nhất là từ: cơm   lên"!</p>\r\n<p>Mà đúng như vậy thật. Chạy dọc theo những quán cơm san sát trước   cổng KTX ĐHQG TP.HCM đến Trường ĐH Khoa học tự nhiên (ĐHQG TP.HCM) cơ sở Thủ Đức   đều thấy để bảng "cơm lên 10.000 đồng", "cơm 8.000 đồng, cơm thêm 1.000   đồng/đĩa", "cơm lên 8.000-10.000 đồng". Không chỉ ngoại thành, ở căngtin các   trường ĐH trong nội thành cũng "cơm lên"! </p>\r\n<p>Chủ một quán cơm phân bua: "Trước đây một ngày tôi bán 2-3 tạ gạo   giá 7.800 đồng/kg với khoảng 2 triệu đồng, nhưng bây giờ cũng số gạo đó tôi phải   trả 7 triệu đồng, không tăng giá làm sao chịu được". </p>\r\n<p>Đau một nỗi, giá cả mỗi đĩa cơm tăng cao song cả chất lẫn lượng   thì lại teo tóp so với trước. "Sức của mình ăn phải bốn đĩa cơm thêm mới đủ no,   nay chỉ dám ăn một đĩa nên học nửa buổi là bụng cứ cồn cào không chịu được" -   bạn Đức Huy (SV ĐH Bách khoa TP.HCM) nói.</p>\r\n<p>Để chống chọi với cơn sốt giá gạo, mấy ngày nay rất nhiều SV đi   mua bếp dầu, xoong nồi về để nấu mì gói ăn thay cơm. Đinh Bảo Trung (SV năm 1   Khoa kinh tế) lo lắng: "Do không đủ tiền ăn nên mình đã mua sẵn một thùng mì   gói, nhưng cũng sợ mấy ngày nữa SV ăn nhiều nên giá mì gói sẽ tăng...". </p>\r\n<p>"Ước gì giá gạo xuống mau để giá cơm và chất lượng bữa cơm trở   lại như cũ” - bạn Hòa, SV năm 2 khoa CNTT, ĐH Khoa học tự nhiên (ĐHQG TP.HCM),   ước ao.</p>\r\n<p>Lại mì gói tiếp!</p>\r\n<p>\r\n<TABLE cellSpacing="0" cellPadding="0" width="40" align="right" border="0">\r\n  <TBODY>\r\n    <TR>\r\n      <TD><IMG src="ImageView.aspx?ThumbnailID=257966" alt="s" width="200" height="150" hspace="0" border="1" onclick="return showImage(this.src)" Hyperlink></TD>\r\n    </TR>\r\n    <TR>\r\n      <TD>Công nhân ăn cơm trưa 29-4 tại một nhà ăn tập thể trong Khu chế xuất Tân   Thuận </TD>\r\n    </TR>\r\n  </TBODY>\r\n</TABLE>\r\nMặc dù đến hôm qua (29-4) giá gạo đã giảm đôi   chút nhưng tại một điểm bán gạo trên đường Phạm Văn Chiêu, Q.Gò Vấp, TP.HCM,   chúng tôi vẫn bắt gặp những cái lắc đầu ngán ngẩm của nhiều CN. Sau khi vào tiệm   hỏi giá gạo, một nữ CN Công ty Huê Phong buồn thiu trở ra: "Lại mì gói tiếp. Giá   gạo hôm nay vẫn còn cao gấp rưỡi".\r\n</p>\r\n<p>Tại một khu bán cơm cho CN thuộc Công ty TNHH dịch vụ Khu chế   xuất Tân Thuận, Q.7, TP.HCM, anh Nguyễn Văn Lợi, CN vệ sinh, ngán ngẩm: "Hai   ngày qua, những quán cơm bình dân bên ngoài đã từ 8.000 lên 10.000 đồng/đĩa".   Nghe nói tại khu này giá cơm vẫn chưa lên nên anh và bạn mới chịu khó đạp xe vào   khu chế xuất ăn. </p>\r\n<p>Trong khi đó, ông chủ quán cơm này "méo mặt" cho biết: "Mỗi ngày   chúng tôi cung cấp 2.500 suất ăn, nấu hết 500kg gạo. Vì vậy, giá gạo tăng đột   biến khiến chúng tôi đau đầu. Trước kia loại gạo chúng tôi thường mua chỉ   8.500-9.000 đồng/kg. Vậy mà hôm chủ nhật tuần này giá gạo nhảy dựng lên 17.500   đồng/kg, đến thứ hai là 16.000 đồng/kg, và cho đến thứ ba vẫn còn 13.000   đồng/kg. </p>\r\n<p>Giá gạo tăng cộng thêm giá thức ăn tăng, tuy nhiên chúng tôi   không thể tăng giá suất ăn. Vì vậy trong ba ngày qua, mỗi ngày thu nhập của   chúng tôi bị giảm 5 triệu đồng". </p>\r\n<p>Ông Nguyễn Văn Bé - phó giám đốc Khu chế xuất Tân Thuận - cho   biết các doanh nghiệp thường phân tiêu chuẩn sáu CN/kg gạo. Như vậy, nếu mỗi ký   gạo tăng 10.000 đồng thì mỗi bữa ăn của CN phải tăng ít nhất gần 1.200 đồng. </p>\r\n<p>Theo báo cáo sau một khảo sát về đời sống CN của Liên đoàn Lao   động TP.HCM vào cuối tháng 2-2008, trung bình mỗi tháng một CN chỉ có thể dành   600.000 đồng (tức 20.000 đồng/ngày) cho tiền ăn hai buổi sáng chiều. Như vậy,   nếu với giá gạo "trên trời" như vừa qua, mỗi ngày CN chỉ đủ tiền mua 1kg gạo. Và   như vậy, họ hoàn toàn không còn tiền để mua khí đốt, cá, thịt... cũng đang trên   đà nhảy vọt. </p>\r\n<p>NHÓM PV <EM>TUỔI TRẺ</EM></p>\r\n', 9, 3, NULL, 0, 1);
INSERT INTO `tin` VALUES (42, 'Giá gạo tăng là do đầu cơ!', 'Ông Trương Thanh Phong, Chủ tịch Hiệp hội Lương thực VN khẳng định : hiện tượng giá lúa gạo đã tăng rất mạnh hiện nay không phải  do thiếu hụt lương thực mà chủ yếu là do đầu cơ.', 'http://images7.dantri.com.vn/Uploaded/tungpx/gao061106.jpg', '2008-06-11', 3, 5, '<p><EM>Giá gạo đang tăng chóng mặt. Đâu là nguyên nhân của hiện tượng này, thưa   ông?</EM></p>\r\n<p><EM> </EM>- Quả thật giá lúa gạo đã tăng rất mạnh trong thời gian   gần đây, làm ảnh hưởng đến đời sống của nhiều người tiêu dùng nội địa, nhất là   những người nghèo. Tuy nhiên, tôi khẳng định hiện tượng này không phải do chúng   ta thiếu hụt lương thực mà chủ yếu xuất phát từ tình trạng đầu cơ. </p>\r\n<p>Theo tìm hiểu của chúng tôi, có rất nhiều đối tượng đã và đang   tham gia đầu cơ gạo, đẩy giá mặt hàng này tăng lên. Trong đó, hầu hết các cơ sở   xay xát, các doanh nghiệp cung ứng gạo đều tham gia. Đặc biệt, nhiều doanh   nghiệp trước nay chủ yếu kinh doanh các mặt hàng nông sản khác như hạt tiêu hay   cà phê, chưa từng tham gia kinh doanh gạo, nay cũng chuyển hướng đầu tư vốn thu   gom gạo để đầu cơ. </p>\r\n<p>Và theo như một số địa phương phản ảnh, một số "đại gia" chứng   khoán cũng bắt đầu chuyển hướng đổ vốn vào đầu cơ gạo. Tại một số địa phương có   hoạt động đánh bắt xa bờ, nhiều chủ tàu cá tranh thủ thu gom gạo, mỗi chuyến   biển đem theo 5-10 tấn gạo, đưa ra bán cho các tàu cá của một số nước khác trong   khu vực với giá cao để hưởng chênh lệch...</p>\r\n<p><EM>Nhưng liệu các doanh nghiệp kinh doanh gạo xuất khẩu cũng sẽ   tham gia gom hàng để giao hàng và để đầu cơ chờ giá lên?</EM></p>\r\n<p>- Trong tuần tới, VFA sẽ họp với các doanh nghiệp thành viên để   bàn biện pháp ổn định thị trường gạo nội địa. Tuy nhiên, tôi cho rằng các doanh   nghiệp kinh doanh gạo xuất khẩu không có nhu cầu mua gạo bằng mọi giá vào thời   điểm này. </p>\r\n<p>Như chúng ta đều biết chỉ tiêu xuất khẩu gạo của VN năm nay chỉ   khoảng 3,5-4 triệu tấn, trong đó đến hết tháng 9-2008 cũng chỉ được ký hợp đồng   không quá 3,2 triệu tấn. Cho đến thời điểm này, các doanh nghiệp đã ký hợp đồng   xuất khẩu với khối lượng hơn 2,2 triệu tấn và đã giao được khoảng 1,2 triệu tấn.   Theo số liệu kiểm tra của VFA, lượng hàng tồn kho của các doanh nghiệp hiện còn   hơn 1,1 triệu tấn, hoàn toàn đảm bảo đủ số lượng giao hàng theo hợp đồng từ nay   đến hết tháng 6-2008. </p>\r\n<p>Như vậy, so với cùng thời điểm này mọi năm, sản lượng gạo ký hợp   đồng cũng như giao hàng đều ít hơn, do đó có thể khẳng định hoạt động xuất khẩu   không phải là yếu tố gây ảnh hưởng nhiều đến cung cầu ở thị trường nội địa. Cũng   cần nói thêm là so với mọi năm, vụ đông xuân năm nay tại ĐBSCL trúng mùa hơn,   nhiều nơi lúa đạt năng suất cao hơn năm trước khoảng 2 tạ/ha. Tuy nhiên, cũng   phải thừa nhận rằng thông tin về giá gạo trúng thầu xuất khẩu khá cao mới đây   tác động ít nhiều đến giá tại thị trường nội địa, dù sản lượng tham dự thầu đợt   này (17-4) rất ít, chỉ khoảng 80.000 tấn. </p>\r\n<p><EM>Vậy VN hoàn toàn không có nguy cơ thiếu gạo trong thời gian   tới, nhưng phải làm gì trước cơn sốt ảo hiện nay?</EM></p>\r\n<p>- Sản lượng gạo được phép ký hợp đồng xuất khẩu năm nay thấp hơn   nhiều so với mọi năm, trong khi ĐBSCL lại trúng mùa nên nguy cơ thiếu gạo hoàn   toàn không thể xảy ra. Ngoài ra, theo thông tin kiểm tra ban đầu của chúng tôi,   nhiều khả năng lúa hè thu năm nay tại khu vực này cũng được mùa. Trong đó lúa hè   thu sớm, bắt đầu thu hoạch vào đầu tháng sáu tới, được dự báo sẽ đạt năng suất   khá cao. Do đó người dân không có gì phải lo lắng.</p>\r\n<p>Để ổn định giá gạo tại thị trường nội địa, tôi cho rằng ngoài   việc hạn chế xuất khẩu, các cơ quan chức năng phải phối hợp kiểm tra, xử lý   nghiêm các hiện tượng đầu cơ làm giá và xuất gạo lậu. Về phía VFA, trong buổi   làm việc với các doanh nghiệp tới đây, chúng tôi sẽ bàn bạc để đưa ra một số   giải pháp bình ổn giá gạo tại thị trường nội địa.</p>\r\n<p align="right">Theo <STRONG>Đình Phúc</STRONG><BR>\r\n    <EM>Tuổi   trẻ</EM></p>\r\n<TABLE cellSpacing="0" cellPadding="7" width="100%" align="center" border="0">\r\n  <TBODY>\r\n    <TR>\r\n      <TD bgColor="#e8eefa"><p>Siêu thị bán gạo theo định mức</p>\r\n          <p>Chiều 26-4, ông Ngô Văn Hải - phó giám đốc kinh doanh Công ty   TNHH Đông Hưng, chủ đầu tư chuỗi hệ thống siêu thị Citimart - xác nhận trong số   hai nhà cung cấp gạo cho chuỗi hệ thống siêu thị Citimart, nhà cung cấp gạo mang   thương hiệu Rồng Vàng đã từ chối cung cấp gạo với lý do "không có hàng". Với nhà   cung cấp mang thương hiệu gạo Công Nhân, dù có hàng để giao nhưng số lượng chỉ   khoảng vài trăm ký, thay vì 1-2 tấn như đơn đặt hàng lâu nay từ phía siêu thị. </p>\r\n        <p>Bà Lê Thị Quỳnh Chi, phó giám đốc marketing của Saigon Co-op, xác   nhận đã có một số nhà cung cấp gạo gửi thông báo tăng giá, "nhưng chúng tôi vẫn   đang xem xét". Theo bà Chi, do có lượng gạo dự trữ khá tốt nên siêu thị vẫn đang   bán với mức giá bình thường. Tuy nhiên, để đảm bảo được lượng gạo bán ra đến tận   tay người tiêu dùng, siêu thị sẽ áp dụng hình thức bán 10kg/người/lần mua, bắt   đầu từ tối 26-4. </p>\r\n        <p>Trong khi đó, bà Nguyễn Thị Thanh Hải, giám đốc siêu thị Hà Nội,   cũng cho biết đã nhận được thông báo điều chỉnh giá tăng của một số nhà cung   cấp, nhưng thời gian áp dụng từ 1-5, với mức tăng khoảng 15% so với trước.   "Chúng tôi vẫn chưa đồng ý và đề nghị thương thảo lại vì trước đó họ đã tăng hai   lần trong tháng tư” - bà Hải nói. </p></TD>\r\n    </TR>\r\n  </TBODY>\r\n</TABLE>\r\n</p>\r\n', 9, 0, NULL, 0, 1);
INSERT INTO `tin` VALUES (43, 'Mặt bằng giá mới sau cơn sốt gạo', 'Dù giá gạo đã qua cơn sốt, nhưng hàng loạt sản phẩm, dịch vụ ăn uống vẫn không hạ giá mà có xu hướng hình thành mặt bằng giá mới.', 'http://www.tienphongonline.com.vn/tianyon/ImageView.aspx?ThumbnailID=152357', '2008-05-07', 2, 5, '<p>Đồng loạt tăng giá 15-20%</p>\r\n<p>Tại TPHCM, ngay sau đợt bùng phát giá gạo ngày 27.4, lập tức các   quán cơm, bún, phở, những món ăn liên quan đến nguyên liệu gạo đều điều chỉnh   giá bán tăng thêm 1.000 - 5.000 đồng/phần. </p>\r\n<p>Việc điều chỉnh giá này diễn ra trên diện rộng, từ các hàng quán   bình dân đến các quán ăn lớn, nhà hàng. Biểu giá trên thực đơn của các quán ăn   lớn, nhà hàng tăng lên thêm từ 15-20%/món ăn. </p>\r\n<p>Lý do được các điểm kinh doanh ăn uống đưa ra đều chỉ xoay quanh   việc giá gạo và các mặt hàng lương thực - thực phẩm để chế biến leo thang. Thế   nhưng, sau gần 10 ngày lên cơn sốt giá, hiện nay giá gạo đã giảm 8.000 - 10.000   đồng/kg nhưng vẫn chưa trở về bằng mức giá trước khi lên cơn sốt ảo, còn cao hơn   khoảng 2.000 - 5.000 đồng/kg. </p>\r\n<p>Thế nhưng, điều đáng nói hơn là dù giá gạo đã giảm và dần dần ổn   định trở lại, nhưng giá nhiều sản phẩm, dịch vụ liên quan với gạo vẫn không có   chiều hướng giảm trở lại.</p>\r\n<p>Đang hình thành mặt bằng giá mới</p>\r\n<p>Trong khoảng 1 tuần nay, lần lượt các điểm kinh doanh ăn uống từ   những quán cơm bình dân đến các quán bún, phở đều tăng giá, dù từ dịp Tết nguyên   đán đến nay đã điều chỉnh giá 1-2 lần tuỳ nơi. </p>\r\n<p>Tại các chợ, giá các loại nguyên liệu chế biến từ gạo như bún,   bánh cuốn, bánh phở... hiện đều tăng thêm 1.000 đồng/kg. Các quán phở, bún cũng   lên giá theo 1.000 - 3.000 đồng/phần, thậm chí có những quán khu vực trung tâm   TP tăng lên 5.000 đồng/phần, nhất là các quán cơm. </p>\r\n<p>Sinh viên Nguyễn Ngọc Hiền -Trường ĐH KHXH &amp; NV TPHCM - tâm   sự: "Trong mấy ngày nay, đồng loạt các quán cơm bình dân, cơm sinh viên đều đã   tăng giá bán thêm, ít nhất là 1.000 đồng/phần, nâng giá cơm bình dân lên dao   động từ 9.000 - 13.000 đồng/phần, có nơi lên đến 15.000 đồng/phần. Một số quán   còn tăng giá cả phần cơm gọi thêm hoặc tuy không tăng giá phần cơm thêm, nhưng   lượng cơm bị bớt lại hơn trước đây". Có thể thấy, mức tăng của dịch vụ ăn uống   hiện nay cao hơn so với mức tăng 2.000 - 3.000 đồng của giá gạo. </p>\r\n<p>Thậm chí, một số mặt hàng không liên quan đến gạo cũng tăng giá   theo như bánh mì thịt bình dân tại TPHCM hiện nay cũng được nâng giá lên 7.000 -   8.000 đồng/ổ. </p>\r\n<p>Nhận định về tình trạng mặt bằng giá mới có dấu hiệu hình thành,   ông Đinh Sơn Hùng - Phó Viện trưởng Viện kinh tế - cho rằng: "Biến động giá gạo   vừa qua đã tác động mạnh đến đời sống người dân và khiến các sản phẩm liên quan   cũng như giá ở các hàng quán nhanh chóng tăng vọt, nhưng không có cách gì kéo   xuống được. </p>\r\n<p>Trong thời gian ngắn, khung giá này khó trở về bằng với mức cũ".   Việc hình thành mặt bằng giá mới này sẽ khiến đời sống người dân, nhất là CB -   CNV, người lao động, sinh viên... thêm chật vật, bởi không có giải pháp nào khác   hơn là cố gắng chịu và tiết kiệm chi phí. Điều này lại tác động dây chuyền đến   các ngành hàng khác, ảnh hưởng đến tình trạng lạm phát. </p>\r\n', 9, 7, NULL, 0, 1);
INSERT INTO `tin` VALUES (46, 'Việt nam đông tỷ phú nhất', NULL, NULL, '2008-05-04', 1, 0, NULL, 22, 0, NULL, 0, 0);
INSERT INTO `tin` VALUES (47, 'Việt nam vô địch world cup ', NULL, NULL, '2008-05-04', 1, 0, NULL, 22, 0, NULL, 0, 0);
INSERT INTO `tin` VALUES (48, 'Bão mạnh hình thành ngoài khơi biển đông', NULL, NULL, '2008-05-05', 1, 0, NULL, 22, 0, NULL, 0, 0);
INSERT INTO `tin` VALUES (49, 'Sữa độc Trung Quốc đã đến TPHCM', NULL, NULL, '2008-05-05', 1, 0, NULL, 22, 0, NULL, 0, 0);
INSERT INTO `tin` VALUES (50, 'Mười bí quyết cho hạnh phúc', 'Các chuyên gia phát biểu rằng: 1/2 mức độ hạnh phúc của bạn có thể được định hình ngay từ lúc bạn vừa mới chào đời, và thêm 10% nữa là do các hoàn cảnh khách quan quyết định. Có nghĩa là chúng ta còn tớ những 40% cơ hội để tự xoay sở hạnh phúc cho mình. Vậy thì tại sao chúng ta lại không bắt đầu năm bắt khả năng ngay từ bây giờ? Và đây là 10 điều kiện mà mỗi chúng ta đều cần có được nhằm mưu cầu một hạnh phúc thực sự cho mình.', 'http://www.xitrum.net/images/gau.jpg', '2008-05-05', 2, 0, '\r\n<div align="center"><img alt="" src="http://www.xitrum.net/images/gau.jpg" border="0" /></div>\r\n<br />\r\n<strong>1. Một niềm   tin rằng bạn xứng đáng được hưởng hạnh phúc: </strong><br />\r\n<br />\r\nNhững con người hạnh   phúc nhất đời luôn tin tưởng rằng, những điều tốt đẹp sẽ tìm đến họ bởi lẽ họ   khôn ngoan và đáng được trân trọng, họ luôn tin trong rằng các nhân tố tự thân   thường trực luôn nằm trong tầm kiểm soát của họ. Còn ngược lại, họ sẽ đổ hết mọi   bực tức khó chịu của những sự cố bất như ý cho ngoại cảnh - một ngày xui xẻo hay   một kỳ nghỉ tồi tệ chẳng hạn... <br />\r\n<br />\r\n<strong>2. Những bông hoa:</strong><br />\r\n<br />\r\nBạn   chẳng cần phải có được cho mình cả một bó tulip màu tím lộng lẫy đâu... Thậm chí   cũng chẳng cần thiết phải là hoa tilip nữa, mà có thể là một bánh xà phòng với   mùi hoa kim ngân thơm dịu. Hoặc cũng có thề là một cuộc trò chuyện thân mật với   một bằng hữu bên những tách trà bạc hà cay ấm nóng. &quot;Chính trong những niềm vui   nho nhỏ hằng ngày, con người lại thường tìm được cho mình nhiều hạnh phúc hơn là   nhũng món quà trời cho thật hậu hĩnh nhưng lại chẳng thường xuyên có được.&quot; <br />\r\n<br />\r\n<strong>3. Một sách lược không quá cầu toàn:</strong><br />\r\n<br />\r\nBạn hãy làm tính cộng   với những niềm vui của mình, hãy tự chủ rằng mình rất tuyệt vời - và chớ có vấn   vương với những điều bất như ý. “Quá cầu toàn” là một từ rất dở trong thế giới   của niềm hạnh phúc. <br />\r\n<br />\r\n<strong>4. Một tấm lòng nhân ái chân   thật:</strong><br />\r\n<br />\r\nViệc thực hiện những hành xử tốt đẹp một cách có ý thức, theo   như nghiên cứu của Lyubomirsky, sẽ làm gia tăng giá trị của niềm hạnh phúc, đặc   biệt là khi những việc tốt ấy được hướng đến những người mà bạn quen biết, và   những người thân quen của bạn có thể đáp trả lại cho bạn những giá trị cực kỳ   hạnh phúc. <br />\r\n<br />\r\n<strong>5. Nói không với &quot;nhiều tiền&quot;:</strong><br />\r\n<br />\r\nĐa số chúng ta   vẫn thường mơ ước có được cuộc sống hạnh phúc lâu dài. Thế nhưng, theo một   nghiên cứu chung của trường Đại học Dartmouth và trường Đại học Warwick ở Anh,   việc kiếm được tiền bạc nhiều hơn còn lâu mới làm gia tăng mức độ hạnh phúc của   bạn bằng việc có được một công việc như ý hay một tình yêu thật sự. Cho nên, bạn   cần có một thái độ đúng múc về tiền bạc không quá phụ thuộc và cũng chẳng nên   xem thường giá trị của nó, cộng thêm vào đấy bạn cần phải am hiểu và đánh giá   cao những giá trị không thể mua được bằng tiền. <br />\r\n<br />\r\n<strong>6. Có được ai đó để   yêu trong cuộc sống:</strong><br />\r\n<br />\r\nSự cộng tác trong mối quan hệ vợ chồng sẽ mang   đến cho bạn một cộng sự quý giá, một người có thể cùng bạn chia sẻ những nhiệm   vụ, bổn phận cũng như những niềm vui và hạnh phúc trong cuộc đời này. <br />\r\n<br />\r\n<strong>7. Ba người bạn thân thiết:</strong><br />\r\n<br />\r\nViệc có được những mối quan hệ   xã hội tốt đẹp là thành tố quan trọng nhất trong quan niệm về hạnh phúc cuộc   đời. Chắc chắn bạn sẽ cảm thấy hài lòng dẫu chỉ với một người bạn tâm đầu ý hợp   và sẽ ngập tràn niềm vui và hạnh phúc với cả một tá bạn thân, thế nhưng con số   ba người bạn là lý tưởng nhất. Tại sao lại là 3... Là bởi, bạn cân một người bạn   luôn kiên trì bền bỉ khiến bạn có được cảm giác bạn là người tuyệt vời, người   thứ 2 luôn để cho bạn thực sự là chính mình và người thứ 3 luôn luôn và mãi mãi   cho bạn biết được những điều gì là sự thực. <br />\r\n<br />\r\n<strong>8. Một giấc mơ   đẹp:</strong><br />\r\n<br />\r\nDiener nhận xét: &quot;Tất cả chúng ta đều cần có những mục tiêu   trong cuộc sống, và nếu các mục tiêu ấy được xếp gần với tiềm lực và tài năng   thực tế của chúng ta bao nhiêu thì chúng ta sẽ càng trở nên hạnh phúc bấy   nhiêu”. Khi bạn là một người có chất giọng tốt thì mơ ước trở thành một ngôi sao   nhạc Rock là hoàn toàn đáng khích lệ. Đối với Tara Toras - Whitehill, một nhiếp   ảnh gia nổi tiếng ở New York cho biết, việc theo đuổi giấc mơ nghề nghiệp luôn   mang lại cho cô cảm giác phập phồng bất an, mãi cho đến khi cô có được bằng   chứng về tài năng của mình. Cô nhớ lại: &quot;Khi ấy, tôi vừa từ Ấn Độ trở về. Sau   khi làm công việc tráng rọi các bức ảnh, tôi bàng hoàng nhận ra rằng chúng chính   là những tác phẩm tốt nhất của mình từ trước đến giờ. Tôi có cảm giác như mơ ước   của tôi đã dần thành hiện thực. Những bức ảnh ấy đã cho phép tối biến giấc mơ   thành sự thật trong tầm tay&quot;. <br />\r\n<br />\r\n<strong>9. Khả năng biết giả vờ cho đến khi hoá   thành sự thật</strong>:<br />\r\n<br />\r\nBạn mơ ước mình sẽ dần trở nên hạnh phúc hơn... Tiến   sĩ Rosenthal khuyên: &quot;Hãy thử giả vờ có được điều ấy trong một thời gian, rồi   bạn sẽ thực sự tạo ra những thói quen mới tốt đẹp. Nếu như bạn luôn chào đón mọi   người với nụ cười nở trên môi, họ sẽ mỉm cười lại với bạn. Bạn hãy làm ra vẻ tự   tin đi và bạn sẽ đáng được tôn trọng trước mắt mọi người. Niềm “hạnh phúc giả   vờ” không phải là một sự tự phủ nhận. Nó sẽ điều chỉnh hành vi mà bạn bộ lộ ra   thế giới bên ngoài, một môi trường có ảnh hưởng đến những nhũng gì sẽ trở lại   với chính bạn. Chúng ta có khả năng lèo lái chính mình đến bên bờ hạnh phúc. Hãy   luôn vận động hết sức mình hướng về phía trước, và thế giới sẽ thực sự trở nên   một thiên đàng có thật. Bạn chính là “vị chủ nhân của từng giây phút làm nên   cuộc đời mơ ước của bạn&quot;. <br />\r\n<br />\r\n<strong>10. Điều quan trọng hơn hết: hãy hưởng thụ   hạnh phúc ngay bây giờ. </strong><br />\r\n<br />\r\nBạn tự pha chế lấy thức uống cho mình trong   niềm vui thú trò chuyện với bạn bè hay khi cảm nhận ánh nắng ấm áp của mặt trời   đang rọi trên tấm lưng trần của mình. Vào những giây phút khì niềm vui kém rõ   ràng hơn, bạn có thể tự mày mò kiểm tra xem trong thế giới này còn có niềm hạnh   phúc nào mà mình có thể nắm bắt nữa hay không. Cần phải tận hưởng những gì mình   có, hãy cư xử nhân ái với mọi người và hãy luôn lạc quan yêu đời trong từng   ngày, từng ngày một&quot;. <br />\r\n<br />\r\n', 12, 50, NULL, 0, 1);
INSERT INTO `tin` VALUES (51, 'Hạnh phúc là gì ?', 'Hạnh phúc là một khái niệm rất trừu tượng. Lắm lúc hạnh phúc lớn lao như vừa đạt được một điều gì đó rất lớn trong cuộc sống nhưng có lúc hạnh phúc rất đỗi bình dị… như một tách trà ấm giữa đêm đông giá lạnh hay một bàn tay nhẹ lau giùm những giọt nước mắt đang ngấn dài trên má. Hạnh phúc là vậy, đến bất ngờ và ra đi cũng thật nhanh chóng khiến cho người ta luôn có cảm giác hụt hẫng để rồi cái phút giây hạnh phúc ngắn ngủi đó trở thành một kỉ niệm thật khó quên…', 'http://www.impe-qn.org.vn/impe-qn/vn/upload/info/image/1209347450609_1.jpg', '2008-05-05', 2, 0, '\r\n<p align="center">Câu hỏi muôn đời loài người hằng khắc khoải <br />\r\n  Bởi lẽ đôi khi   trong dòng trôi miết mải <br />\r\n  Ai nhận ra mình hạnh phúc riêng tư ? <br />\r\n  <br />\r\n  Với   tuổi thơ, <br />\r\n  Hạnh phúc là chiếc áo mới <br />\r\n  Là que kem, cục kẹo <br />\r\n  Là mật ngọt   cuộc đời <br />\r\n  Hạnh phúc đến, và đi, cùng nụ cười <br />\r\n  Tuổi thơ ai vốn chẳng từng   nghịch dại ? </p>\r\n<p align="center">&nbsp; </p>\r\n<table cellspacing="2" cellpadding="2" align="center" border="0">\r\n  <tbody>\r\n    <tr>\r\n      <td> <img src="http://www.impe-qn.org.vn/impe-qn/vn/upload/info/image/1209347503828_212224427297c0521f1b.jpg" align="baseline" /></td>\r\n    </tr>\r\n  </tbody>\r\n</table>\r\n</p>\r\n<p align="center"><br />\r\n    <br />\r\n  Hạnh phúc là những buổi mai <br />\r\n  Cặp sách tung tăng trên   đường đi học <br />\r\n  Là khi oà khóc <br />\r\n  Cô giáo dỗ dành mãi chẳng chịu thôi <br />\r\n  <br />\r\n  Hạnh phúc là khi mẹ trở về <br />\r\n  Với gói quà nhỏ thơm lừng hương cốm <br />\r\n  Hạnh phúc là mơ được thành người lớn <br />\r\n  Nên con trẻ chơi lấy chồng vợ <br />\r\n  Nuôi búp bê... <br />\r\n  <br />\r\n  Khi trai trẻ, <br />\r\n  Hạnh phúc là lời hẹn <br />\r\n  Em gửi lọn   tóc thề mãi mãi <br />\r\n  Hạnh phúc là bài hát mang theo những tháng ngày <br />\r\n  Để những   lúc bận lòng ta dừng chân nhớ lại <br />\r\n  Hạnh phúc là thất bại <br />\r\n  Vấp ngã rồi ta   tự mình đứng lên <br />\r\n  <br />\r\n  Hạnh phúc là niềm tin vững bền <br />\r\n  Khao khát sống và   tràn trề mơ ước <br />\r\n  Tưởng chừng mình sẽ luôn luôn đạt được <br />\r\n  Những đích đến   cuối cùng ta đã tự đặt ra <br />\r\n  <br />\r\n  Hạnh phúc là lúc ở xa <br />\r\n  Ta nhận được lá thư   bè bạn <br />\r\n  Hạnh phúc là khi hoạn nạn <br />\r\n  Vẫn thấy xung quanh chẳng riêng lẻ một   mình <br />\r\n  Hạnh phúc là một mối tình <br />\r\n  Phút rung động đầu đời em có nhớ <br />\r\n  Là   cơn mưa nhỏ giữa một chiều trên phố <br />\r\n  Hai người nắm tay lặng lẽ con đường dài <br />\r\n  <br />\r\n  Và đến khi, <br />\r\n  Mái tóc dần mờ phai, <br />\r\n  Hạnh phúc là ở một nơi tĩnh   lặng <br />\r\n  Với đất trời <br />\r\n  Với cỏ cây <br />\r\n  Để ôn lại nỗi lòng sâu nặng <br />\r\n  Những   vị ngọt, đắng cay mà ta nếm qua <br />\r\n  Hạnh phúc là khi thấy tất cả đã qua <br />\r\n  Vinh   nhục vốn chỉ là cơn gió thoảng <br />\r\n  Thói tị hiềm với bao dung làm bạn <br />\r\n  Day dứt   với đời dẫu có được bao nhiêu ? <br />\r\n  <br />\r\n  Để rồi khi ngày tháng đã ngả chiều, <br />\r\n  Hạnh phúc là được mỉm cười nằm xuống <br />\r\n  Ta thanh thản với những gì có được <br />\r\n  Và cả những gì chưa làm nổi hôm qua... <br />\r\n  Để phải phiền xung quanh khóc cho   ta <br />\r\n  Tức là vẫn còn yêu thương nhiều lắm <br />\r\n  Hạnh phúc với đời được trở về cõi   vắng <br />\r\n  Trong nỗi nhớ mong của những người thân quen... <br />\r\n  <br />\r\n  Hạnh phúc là gì   ? <br />\r\n  Ai sẽ chỉ cho xem ? <br />\r\n  Ai dám tự bảo rằng mình hạnh phúc ? <br />\r\n  Ai từng   yêu mà được yêu mọi lúc ? <br />\r\n  Ai thành công mà chẳng bại đôi lần ? <br />\r\n  Nhắn nhủ   rằng, <br />\r\n  Trong những bài thơ, bài ca, chúng ta đi tìm hạnh phúc <br />\r\n  Vẫn cứ ngẩn   ngơ với hạnh phúc người đời <br />\r\n  Vẫn cứ thấy hạnh phúc trong tiếng cười <br />\r\n  (Mà   chẳng tự mình biết thương yêu tiếng khóc?) <br />\r\n  <br />\r\n  Hạnh phúc của riêng ai <br />\r\n  Trong mỗi người là thế, <br />\r\n  Vốn đơn sơ, bình lặng và nhỏ bé <br />\r\n  Trong mỗi   chúng ta <br />\r\n  Ai được thoả nỗi khát khao về hạnh phúc ? <br />\r\n</p>\r\n', 12, 45, NULL, 0, 1);
INSERT INTO `tin` VALUES (52, 'Người suốt đời gặp may', 'Buổi sáng đi làm, chị nhìn thấy bánh trước của chiếc xe máy bị xẹp hoàn toàn, chị nghĩ: "May quá, nếu xe xẹp lốp trên đường cao tốc thì không biết hậu quả sẽ ra sao"', 'http://songdep.xitrum.net/images/chicken/2/tyt.jpg', '2008-06-12', 1, 0, NULL, 0, 0, NULL, 0, 1);

-- --------------------------------------------------------

-- 
-- Table structure for table `user`
-- 

CREATE TABLE `user` (
  `idUser` int(11) NOT NULL auto_increment,
  `HoTen` varchar(100) NOT NULL default '',
  `Username` varchar(50) NOT NULL default '',
  `Password` varchar(50) NOT NULL,
  `Email` varchar(255) NOT NULL default '',
  `NgayDangKy` date NOT NULL default '0000-00-00',
  `idGroup` int(11) NOT NULL default '0',
  `NgaySinh` date default NULL,
  `GioiTinh` tinyint(1) default NULL,
  `Active` int(11) default NULL,
  `RandomKey` varchar(255) default NULL,
  `LoginNumber` int(11) default '0',
  PRIMARY KEY  (`idUser`),
  UNIQUE KEY `Username` (`Username`)
) ENGINE=MyISAM DEFAULT CHARSET=utf8 AUTO_INCREMENT=6 ;

-- 
-- Dumping data for table `user`
-- 

INSERT INTO `user` VALUES (1, 'Nguyen Van Teo', 'teonv', '123', 'teo@yahoo.com', '2008-01-01', 1, NULL, 0, NULL, NULL, 0);
INSERT INTO `user` VALUES (2, 'Le Van Ty', 'a', 'a', 'a@gomeo.com', '2008-01-01', 0, NULL, 0, NULL, NULL, 0);
INSERT INTO `user` VALUES (3, 'Trần  văn Lượm', 'b', 'b', 'luom@gomeo.com', '2008-01-01', 1, NULL, 0, NULL, NULL, 0);
INSERT INTO `user` VALUES (4, 'Nguyen Van Gia Hu', 'GiaHu', 'huhu', 'huhu@giahu.com', '0000-00-00', 0, '2008-04-30', NULL, NULL, NULL, 0);

-- --------------------------------------------------------

-- 
-- Table structure for table `userlog`
-- 

CREATE TABLE `userlog` (
  `id` int(11) NOT NULL auto_increment,
  `idUser` int(11) NOT NULL,
  `IPAddress` varchar(50) NOT NULL,
  `LastLoginDate` datetime NOT NULL,
  `LastAvtiveDate` datetime NOT NULL,
  `Session` varchar(100) NOT NULL,
  PRIMARY KEY  (`id`)
) ENGINE=MyISAM DEFAULT CHARSET=utf8 AUTO_INCREMENT=1 ;

-- 
-- Dumping data for table `userlog`
-- 


-- --------------------------------------------------------

-- 
-- Table structure for table `users_online`
-- 

CREATE TABLE `users_online` (
  `visitor` varchar(15) NOT NULL,
  `lastvisit` int(14) NOT NULL
) ENGINE=MyISAM DEFAULT CHARSET=utf8;

-- 
-- Dumping data for table `users_online`
-- 

INSERT INTO `users_online` VALUES ('127.0.0.1', 1223540636);

-- --------------------------------------------------------

-- 
-- Table structure for table `webnhac_baihat`
-- 

CREATE TABLE `webnhac_baihat` (
  `idBH` int(11) NOT NULL auto_increment,
  `TenBH` varchar(255) NOT NULL default '',
  `LoiBH` text,
  `urlBH` varchar(255) NOT NULL default '',
  `idCS` int(11) NOT NULL,
  `NgayCapNhat` date NOT NULL default '0000-00-00',
  `SoLanNghe` int(11) NOT NULL default '0',
  `idNS` int(11) NOT NULL default '0',
  `idTL` int(11) NOT NULL default '0',
  `SoLanDown` int(11) NOT NULL default '0',
  PRIMARY KEY  (`idBH`)
) ENGINE=MyISAM DEFAULT CHARSET=utf8 AUTO_INCREMENT=106 ;

-- 
-- Dumping data for table `webnhac_baihat`
-- 

INSERT INTO `webnhac_baihat` VALUES (1, 'Tiếng Gà Trưa', 'Về trong phố xưa tôi nằm <br />\r\nCó lần nghe tiếng ru bên vườn <br />\r\nChợt như xác thân không còn <br />\r\nVà cạnh tôi là đồng vắng <br />\r\n<br />\r\nVề trên phố cao nguyên ngồi <br />\r\nTiếng gà trưa gáy khan   bên đồi <br />\r\nChợt như phố kia không người <br />\r\nCòn lại tôi bước   hoài <br />\r\n<br />\r\nLòng ta có khi tựa như vắng ai <br />\r\nNhiều khi đã   vui cười nhiều khi đứng riêng ngoài <br />\r\nNhiều đêm muốn đi về con phố xa <br />\r\nNhiều đêm muốn quay về ngồi yên dưới mái nhà <br />\r\n<br />\r\nGiòng   sông trước kia tôi về <br />\r\nBỗng giờ đây đã khô không ngờ <br />\r\nLòng tôi có khi mơ hồ <br />\r\nTưởng mình đang là cơn gió <br />\r\n<br />\r\nVề chân núi thăm nấm mồ <br />\r\nGiữa đường trưa có tôi bơ   phờ <br />\r\nChợt tôi thấy thiên thu <br />\r\nLà một đường không bến bờ <br />\r\n', '2/TiengGaTrua.mp3', 4, '2008-07-01', 58, 2, 2, 110);
INSERT INTO `webnhac_baihat` VALUES (2, 'Biển nhớ', '<p>Ngày mai em đi, biển nhớ tên em gọi về <br />\r\n  Gọi hồn liễu rủ lê   thê, gọi bờ cát trắng đêm khuya <br />\r\n  Ngày mai em đi, đồi núi nghiêng nghiêng đợi   chờ<br />\r\n  Sỏi đá trông em từng giờ, nghe buồn nhịp chân bơ vơ <br />\r\n  Ngày mai em đi,   biển nhớ em quay về nguồn <br />\r\n  Gọi trùng dương gió ngập hồn, bàn tay chắn gió mưa   sang <br />\r\n  Ngày mai em đi, thành phố mắt đêm đêm mờ <br />\r\n  Hồn lẽ nghiêng vai gọi   buồn, nghe ngoài biển động buồn hơn <br />\r\n  <br />\r\n  Hôm nào em về, bàn tay buông lối ngõ <br />\r\n  Đàn lên cung phím chờ sầu lên dây hoang vu <br />\r\n  Ngày mai em đi, biển nhớ tên   em gọi về <br />\r\n  Chiều sương ướt đẫm cơn mê <br />\r\n  Trời cao níu bước sơn khê <br />\r\n  <br />\r\n  Ngày mai em đi, cồn đá rêu phong rũ buồn <br />\r\n  Đèn phố nghe mưa tủi hồn,   nghe ngoài trời giăng mây luôn <br />\r\n  Ngày mai em đi, biển có bâng khuâng gọi thầm <br />\r\n  Ngày mưa tháng nắng còn buồn, bàn tay nghe ngóng tin sang <br />\r\n  Ngày mai em   đi, thành phố mắt đêm đèn vàng <br />\r\n  Nửa bóng xuân qua ngập ngừng, nghe trời gió   lộng mà thương </p>\r\n', '', 0, '2008-07-08', 4, 2, 2, 6);
INSERT INTO `webnhac_baihat` VALUES (3, 'Cát bụi', 'Hạt bụi nào hóa kiếp thân tôi<br />\r\nĐể một mai vươn hình hài lớn dậy<br />\r\nÔi cát bụi   tuyệt vời!<br />\r\nMặt trời soi một kiếp rong chơi.<br />\r\nHạt bụi nào hóa kiếp thân   tôi,<br />\r\nĐể một mai tôi về làm cát bụi.<br />\r\nÔi cát bụi mệt nhoài!<br />\r\nTiếng động   nào gõ nhịp không nguôi.<br />\r\n<br />\r\nBao nhiêu năm làm kiếp con người,<br />\r\nChợt một   chiều tóc trắng như vôi<br />\r\nLá úa trên cao rụng đầy<br />\r\nCho trăm năm vào chết một   ngày.<br />\r\n<br />\r\nMặt trời nào soi sáng tim tôi<br />\r\nĐể tình yêu xay mòn thành đá   cuội<br />\r\nXin úp mặt bùi ngùi<br />\r\nTừng ngày qua mỏi ngóng tin vui.<br />\r\nCụm rừng nào   lá xác xơ cây<br />\r\nTừ vực sâu nghe lời mời đã dậy<br />\r\nÔi cát bụi phận này<br />\r\nVết   mực nào xóa bỏ không hay.<br />\r\n', '2/CatBui.mp3', 4, '2008-09-01', 3, 2, 2, 9);
INSERT INTO `webnhac_baihat` VALUES (4, 'Còn ai với ai', '<p>Không có em còn tôi với ai <br />\r\n  Không có em lạnh giá đường vui <br />\r\n  Không có em ngồi đứng nơi này <br />\r\n  Không có em còn ai có ai <br />\r\n  Em đã đi chìm   khuất đã theo, em đã như ngọn gió quạnh hiu <br />\r\n  Không có em đường cũ tiêu điều   em đã xa lìa trong nỗi đau <br />\r\n  Em đi biền biệt muôn trùng quá <br />\r\n  Từng cơn gió   và từng cơn gió <br />\r\n  Em đi gió lạnh bến xa bờ <br />\r\n  Từng nỗi nhớ trùng trùng nỗi   nhớ <br />\r\n  ... À ...a... ơi ...í .. a <br />\r\n  Không có em đường xa quá xa <br />\r\n  Em đã   thôi cười giữa chiều mưa <br />\r\n  Em đã đi đời có đâu ngờ , mang trái tim mùa xuân   héo khô <br />\r\n  Không có em buồn vui với ai <br />\r\n  Không có em lụa gấm nhạt phai <br />\r\n  Ai   đã chia người mãi xa người <br />\r\n  Ai giết đi tình đang lứa đôi </p>\r\n', '', 0, '2008-07-09', 1, 2, 2, 4);
INSERT INTO `webnhac_baihat` VALUES (5, 'Diễm xưa', '<p>Mưa vẫn bay bay trên tầng tháp cổ <br />\r\n  Dài tay em mấy thuở mắt   xanh xao <br />\r\n  Nghe lá thu mưa reo mòn gót nhỏ <br />\r\n  Đường dài hun hút cho mắt thêm   sâu<br />\r\n  Mưa vẫn hay mưa trên hàng lá nhỏ <br />\r\n  Buổi chiều ngồi ngóng những chuyến   mưa qua <br />\r\n  Trên bước chân em âm thầm lá đổ <br />\r\n  Chợt hồn xanh buốt cho mình xót   xa <br />\r\n  Chiều nay còn mưa sao em không lại <br />\r\n  Nhớ mãi trong cơn đau vùi <br />\r\n  Làm   sao có nhau hằn lên nỗi đau <br />\r\n  Bước chân em xin về mau <br />\r\n  Mưa vẫn hay mưa cho   đời biến động <br />\r\n  Làm sao em biết bia đá không đau<br />\r\n  Xin hãy cho mưa qua miền   đất rộng <br />\r\n  Ngày sau sỏi đá cũng cần có nhau<br />\r\n  Mưa vẫn hay mưa cho đời biến   động <br />\r\n  Làm sao em nhớ những vết chim di<br />\r\n  Xin hãy cho mưa qua miền đất   rộng <br />\r\n  Để người phiêu lãng quên mình lãng du</p>\r\n', '2/DiemXua.mp3', 4, '2008-07-08', 5, 2, 2, 0);
INSERT INTO `webnhac_baihat` VALUES (6, 'Để gió cuốn đi', 'Sống trong đời sống cần có một tấm lòng <br />\r\nĐể làm gì em biết không ?<br />\r\nĐể gió   cuốn đi , để gió cuốn đi <br />\r\nGió cuốn đi cho mây qua dòng sông <br />\r\nNgày vừa lên   hay đêm xuống mêng mông <br />\r\nÔi trái tim đang bay theo thời gian <br />\r\nLàm chiếc   bóng đi rao lời dối gian<br />\r\n \r\n<br />\r\nNhững khi chiều tới cần có một tiếng cười <br />\r\nĐể ngậm ngùi theo lá bay <br />\r\nRồi nước cuốn trôi , rồi nước cuốn trôi <br />\r\n<br />\r\nHãy nghiêng đời xuống nhìn hết một mối tình<br />\r\nChỉ lặng nhìn không nói   năng <br />\r\nĐể buốt trái tim để buốt trái tim<br />\r\nTrong trái tim con chim đau nằm   yên <br />\r\nNgủ dài lâu mang theo vết thương sâu <br />\r\nVà sớm mai chim bay đi triền   miên <br />\r\nVà tiếng hót vang trong trời gió lên <br />\r\n<br />\r\nHãy yêu ngày tới dù quá   mệt kiếp người <br />\r\nCòn cuộc đời ta cứ vui <br />\r\nDù vắng bóng ai , dù vắng bóng ai\r\n', '2/DeGioCuonDi-TruongThanh.mp3', 0, '2008-07-08', 0, 2, 2, 0);
INSERT INTO `webnhac_baihat` VALUES (7, 'Hạ trắng', 'Gọi nắng trên vai em gầy đường xa áo bay <br />\r\nNắng qua mắt buồn , lòng hoa bướm   say <br />\r\nLối em đi về trời không có mây <br />\r\nĐường đi suốt mùa nắng lên thắp đầy <br />\r\n<br />\r\nGọi nắng cho cơn mê chiều nhiều hoa trắng bay <br />\r\nCho tay em dài gầy   thêm nắng mai <br />\r\nBước chân em về nào anh có hay <br />\r\nGọi em cho nắng chết trên   sông dài.<br />\r\n<br />\r\nThôi xin ơn đời trong cơn mê này gọi mùa thu tới <br />\r\nTôi đưa em   về chân em bước nhẹ trời buồn gió cao <br />\r\nĐời xin có nhau dài cho mãi sau nắng   không gọi sầu <br />\r\nÁo xưa dù nhàu cũng xin bạc đầu gọi mãi tên nhau <br />\r\n<br />\r\nGọi   nắng cho tóc em cài loài hoa nắng rơi<br />\r\nNắng đưa em về miền cao gió bay<br />\r\nÁo   em bây giờ mờ xa nẻo mây<br />\r\nGọi tên em mãi suốt cơn mê này.\r\n', '2/Hatrang-KhanhLy.mp3', 3, '2008-07-09', 2, 2, 2, 0);
INSERT INTO `webnhac_baihat` VALUES (8, 'Hoa vàng mấy độ', '<p>Em đến bên đời hoa vàng một đóa<br />\r\n  một thoáng hương bay bên trời   phố hạ<br />\r\n  nào có ai hay ta gặp tình cờ<br />\r\n  nhưng là cơn gió em còn cứ mãi bay   đi</p>\r\n<p>em đến bên đời hoa vàng rực rỡ<br />\r\n  nào dễ chóng phai trong lòng   nỗi nhớ<br />\r\n  ngày tháng trôi qua cơn đau mịt mù</p>\r\n<p>xin cho bốn mùa<br />\r\n  đất trời lặng gió<br />\r\n  đường trần em đi<br />\r\n  hoa   vàng mấy độ<br />\r\n  những đường cỏ lá<br />\r\n  từng giọt sương thu<br />\r\n  yêu em thật thà</p>\r\n<p>em đến nơi này bao điều chưa nói<br />\r\n  lặng lẽ chia xa sao lòng quá   vội<br />\r\n  một cõi bao la ta về ngậm ngùi<br />\r\n  em cười đâu đó trong lòng phố xá đông   vui</p>\r\n<p>em đến nơi này vui buồn đi nhé<br />\r\n  đời sẽ trôi xuôi qua ghềnh qua   suối<br />\r\n  một vết thương thôi riêng cho một người</p>\r\n', '', 0, '2008-07-09', 0, 2, 2, 1);
INSERT INTO `webnhac_baihat` VALUES (9, 'Một cõi đi về', '<p>Bao nhiêu năm rồi còn mãi ra đi <br />\r\n  Đi đâu loanh quanh cho đời   mỏi mệt <br />\r\n  Trên hai vai ta đôi vầng nhật nguyệt <br />\r\n  Rọi suốt trăm năm một cõi   đi về <br />\r\n  Lời nào của cây lời nào cỏ lạ <br />\r\n  Một chiều ngồi say một đời thật nhẹ   ngày qua <br />\r\n  Vừa tàn mùa xuân rồi tàn mùa hạ <br />\r\n  Một ngày đầu thu nghe chân ngựa   về chốn xa <br />\r\n  Mây che trên đầu và nắng trên vai <br />\r\n  Đôi chân ta đi sông còn ở   lại <br />\r\n  Con tinh yêu thương vô tình chợt gọi <br />\r\n  Lại thấy trong ta hiện bóng con   người <br />\r\n  Nghe mưa nơi nầy lại nhớ mưa xa <br />\r\n  Mưa bay trong ta bay từng hạt nhỏ <br />\r\n  Trăm năm vô biên chưa từng hội ngộ <br />\r\n  Chẳng biết nơi nao là chốn quê nhà <br />\r\n  Đường chạy vòng quanh một vòng tiều tụy <br />\r\n  Một bờ cỏ non một bờ mộng mị   ngày xưa <br />\r\n  Từng lời tà dương là lời mộ địa <br />\r\n  Từng lời bể sông nghe ra từ độ   suối khe <br />\r\n  Trong khi ta về lại nhớ ta đi <br />\r\n  Đi lên non cao đi về biển rộng <br />\r\n  Đôi tay nhân gian chưa từng độ lượng <br />\r\n  Ngọn gió hoang vu thổi suốt xuân   thì <br />\r\n  Hôm nay ta say ôm đời ngủ muộn <br />\r\n  Để sớm mai đây lại tiếc xuân thì</p>\r\n', '2/MotCoiDiVe.mp3', 0, '2008-07-10', 0, 2, 2, 0);
INSERT INTO `webnhac_baihat` VALUES (10, 'Ru tình', '<div>Ru em đầu cơn   gió, em hong tóc bên hồ <br />\r\n  Khi sen hồng mới nở, nụ đời ôi thơm quá <br />\r\n  Ru em   tình khi nhớ, ru em tình lúc xa <br />\r\n  Ru cho bầy lá nhỏ, rụng đầy một mùa Thu <br />\r\n  <br />\r\n  Ru khi mùa mưa tới, ru em mãi yêu người <br />\r\n  Ru em hoài bé dại, một hồn   thơm cây trái <br />\r\n  Ru em chờ em nói, trên môi tình thoát thai <br />\r\n  Ru em ngồi yên   đấy, ru tình à ..ơi <br />\r\n  <br />\r\n  Ru người ngồi mãi cùng tôi <br />\r\n  Ru người ngồi mãi   cùng tôi <br />\r\n  <br />\r\n  Ru em hài nhung gấm, ru em gót sen hồng <br />\r\n  Ru bay tà áo rộng,   vượt tình tôi chấp cánh <br />\r\n  Ru trên đường em đến, xôn xao từng tiếng chim <br />\r\n  Ru   em là cánh nhạn, miệng ngọt hạt từ tâm <br />\r\n  <br />\r\n  Ru em tình như lá, trăm năm vẫn   quay về <br />\r\n  Môi em là đốm lửa, cuộc đời đâu biết thế <br />\r\n  Xin em còn đâu đó, cho   tôi còn tiếng ru <br />\r\n  Ru em ngồi yên đấy, tôi tìm cuộc tình cho</div>\r\n', '', 0, '2008-07-15', 0, 2, 2, 0);
INSERT INTO `webnhac_baihat` VALUES (11, 'Tình xa', '', '', 0, '2008-07-16', 0, 2, 2, 1);
INSERT INTO `webnhac_baihat` VALUES (12, 'Tình nhớ', '<p>Tình ngỡ đã quên đi như lòng cố lạnh lùng <br />\r\n  Người ngỡ đã xa   xăm bỗng về quá thênh thang <br />\r\n  Ôi áo xưa lồng lộng đã xô dạt trời chiều <br />\r\n  Như   từng cơn nước rộng xóa một ngày đìu hiu </p>\r\n<p>Tình ngỡ đã phôi pha nhưng tình vẫn còn đầy <br />\r\n  Người ngỡ đã đi   xa nhưng người vẫn quanh đây <br />\r\n  Những bước chân mềm mại đã đi vào đời người <br />\r\n  Như từng viên đá cuội rớt vào lòng biển khơi </p>\r\n<p>Khi cơn đau chưa dài thì tình như chút nắng <br />\r\n  Khi cơn đau lên   đầy thì tình đã mênh mông <br />\r\n  Một người về đỉnh cao, một người về vực sâu <br />\r\n  Để   cuộc tình chìm mau như bóng chim cuối đèo </p>\r\n<p>Tình ngỡ chết trong nhau nhưng tình vẫn rộn ràng <br />\r\n  Người ngỡ   đã quên lâu nhưng người vẫn bâng khuâng <br />\r\n  Những ngón tay ngại ngùng đã ru lại   tình gần <br />\r\n  Như ngoài khơi gió động hết cuộc đời lênh đênh </p>\r\n<p>Người ngỡ đã xa xưa nhưng người bỗng lại về <br />\r\n  Tình ngỡ sóng xa   đưa nhưng còn quá bao la <br />\r\n  Ôi trái tim phiền muộn đã vui lại một giờ <br />\r\n  Như   bờ xa nước cạn đã chìm vào cơn mưa. <br />\r\n</p>\r\n', '', 0, '2008-07-16', 0, 2, 2, 0);
INSERT INTO `webnhac_baihat` VALUES (13, 'Ướt mi', '<p>Ngoài hiên mưa rơi rơi.Lòng ai như chơi vơi <br />\r\n  Người ơi nước   mắt hoen mi rồi <br />\r\n  Đừng khóc trong đêm mưa.Đừng than trong câu ca<br />\r\n  Buồn ơi   trong đêm thâu. Ôm ấp giùm ta nhé <br />\r\n  Người em thương mưa ngâu hay khóc sầu nhân   thế <br />\r\n  Tình ta đêm về có ấm từng cơn mơ em chưa.<br />\r\n  <br />\r\n  Mưa lạnh lùng rơi rớt   giữa đêm về<br />\r\n  Nghe não nề<br />\r\n  Mưa kéo dài lê thê những đêm khuya <br />\r\n  Lạnh ướt mi <br />\r\n  Ai còn nhìn mưa mãi rớt bên sông thêm lạnh lùng<br />\r\n  Ai còn buồn khi lá rớt   rơi trong một cuối đông<br />\r\n  <br />\r\n  Ngoài hiên mưa rơi rơi. Buồn dâng lên đôi môi <br />\r\n  Buồn đau hoen ướt mi ai rồi <br />\r\n  Buồn đi trong đêm khuya. Buồn rơi theo đêm   mưa <br />\r\n  Còn mưa trong đêm nay, lòng em buồn biết mấy <br />\r\n  Trời sao chưa thôi mưa   để mắt người em ấy <br />\r\n  Từ đây thôi mờ, nước mắt buồn mi em ngây thơ</p>\r\n', '', 0, '2008-07-16', 0, 2, 2, 0);
INSERT INTO `webnhac_baihat` VALUES (14, 'Ru đời đi nhé', '<div>Có khi mưa   ngoài trời <br />\r\n  là giọt nước mắt em. <br />\r\n  Đã nương theo vào đời <br />\r\n  làm từng nỗi   ưu phiền... <br />\r\n  <br />\r\n  Ngoài phố mùa Đông <br />\r\n  đôi môi em là đốm lửa hồng. <br />\r\n  <br />\r\n  Ru đời đi nhé <br />\r\n  cho ta nương nhờ lúc thở than <br />\r\n  Chân đi nằng nặng <br />\r\n  hoang mang ta nghe tịch lặng <br />\r\n  rơi nhanh dưới khe im lìm. <br />\r\n  <br />\r\n  Ru đời   đi nhé <br />\r\n  ôi môi ngon này giữa trần gian. <br />\r\n  Ru từng chiếc bóng <br />\r\n  lênh đênh   vào giấc ngủ ngon. <br />\r\n  Cho tôi tay gối mong manh, <br />\r\n  cho tôi ôm lấy vai   thon</div>\r\n', '', 0, '2008-07-16', 0, 2, 2, 0);
INSERT INTO `webnhac_baihat` VALUES (15, 'Ru ta ngậm ngùi', '<p>Môi nào hãy còn thơm, cho ta phơi cuộc tình.<br />\r\n  Tóc nào hãy còn   xanh, cho ta chút hồn nhiên<br />\r\n  Tim nào có bình yên, ta rêu rao đời mình<br />\r\n  Xin   người hãy gọi tên.</p>\r\n<p>Khi tình đã vội quên, tim lăn trên đường mòn<br />\r\n  Trên giọt máu   cuồng điên, con chim đứng lặng câm<br />\r\n  Khi về trong mùa đông, tay rong rêu muộn   màng.<br />\r\n  Thôi chờ những rạng đông..</p>\r\n<p>Xin chờ những rạng đông<br />\r\n  Đời sao im vắng<br />\r\n  Như đồng lúa gặt   xong<br />\r\n  Như rừng núi bỏ hoang<br />\r\n  Người về soi bóng mình.<br />\r\n  Giữa tường trắng   lặng câm.</p>\r\n<p>Có đường phố nào vui, cho ta qua một ngày<br />\r\n  Có sợi tóc nào bay,   trong trí nhớ nhỏ nhoi<br />\r\n  Không còn, không còn ai, ta trôi trong cuộc   đời<br />\r\n  Không chờ, không chờ aị</p>\r\n<p>Em về, hãy về đi, ta phiêu du một đờị<br />\r\n  Hương trầm có còn đây,   ta thắp nốt chiều nay<br />\r\n  Xin ngủ trong vòng nôi, ta ru ta ngậm ngùi,<br />\r\n  Xin ngủ   dưới vòm cây ... </p>\r\n', '', 0, '2008-07-17', 0, 2, 2, 0);
INSERT INTO `webnhac_baihat` VALUES (16, 'Còn ai với ai', '', '', 0, '2008-07-15', 0, 2, 2, 0);
INSERT INTO `webnhac_baihat` VALUES (17, 'Xin trả nợ người', 'Hai mươi năm xin trả nợ người <br />\r\n<br />\r\n<br />\r\nTrả nợ một thời em đã bỏ ai <br />\r\nHai   mươi năm xin trả nợ dài <br />\r\nTrả nợ một đời em đã phụ tôi <br />\r\n<br />\r\nEm phụ tôi một   đời bé dại <br />\r\nThơ dại ra đi không nhớ gì tôi <br />\r\n<br />\r\n<br />\r\nThơ dại ra đi quên hết   tình tôi <br />\r\n<br />\r\nHai mươi năm em trả lại rồi <br />\r\nTrả nợ một đời xa vắng vòng tay <br />\r\nHai mươi năm vơi cạn lại đầy <br />\r\nTrả nợ một thời môi <br />\r\n<br />\r\nvắng vòng môi. <br />\r\n<br />\r\nBao nhiêu năm em nợ ngọt ngào <br />\r\nTrả nợ một đời chưa hết tình sâu <br />\r\nBao nhiêu năm em nợ bạc đầu <br />\r\nTrả nợ một đời không hết tình đâu <br />\r\n<br />\r\n<br />\r\n<br />\r\nEm phụ tôi một đời bé dại <br />\r\nThơ dại ra đi không nhớ gì tôi <br />\r\nThơ dại ra đi quên hết tình tôi <br />\r\n<br />\r\nBao nhiêu năm bỗng lại nhiệm mầu <br />\r\nTrả nợ một <br />\r\n<br />\r\nlần quên hết tình đau <br />\r\nHai mươi năm vẫn là thuở nào <br />\r\nNợ lại lần này trong cõi đời nhau.\r\n', '', 0, '2008-07-21', 0, 2, 2, 0);
INSERT INTO `webnhac_baihat` VALUES (18, 'Như cánh vạc bay', '<p>Nắng có hồng bằng đôi môi em <br />\r\n  Mưa có buồn bằng đôi mắt em <br />\r\n  Tóc em từng sợi nhỏ <br />\r\n  Rớt xuống đời làm sóng lênh đênh <br />\r\n  <br />\r\n  Gió sẽ mừng   vì tóc em bay <br />\r\n  Cho mây hờn ngủ trên trên vai <br />\r\n  Vai em gầy guộc nhỏ <br />\r\n  Như   cánh vạc về chốn xa xôi <br />\r\n  <br />\r\n  Nắng có còn hờn ghen môi em <br />\r\n  Mưa có còn buồn   trong mắt em <br />\r\n  Từ lúc đưa em về <br />\r\n  Là biết xa nghìn trùng <br />\r\n  <br />\r\n  Suối đón   từng bàn chân em qua <br />\r\n  Lá hát từ bàn tay thơm tho <br />\r\n  Lá khô vì đợi chờ <br />\r\n  Cũng như đời người mãi âm u <br />\r\n  <br />\r\n  Nơi em về ngày vui không em <br />\r\n  Nơi em   về trời xanh không em <br />\r\n  Ta nghe từng giọt lệ <br />\r\n  Rớt xuống thành hồ nước long   lanh</p>\r\n', '2/HongNhung-NhuCanhVacBay.mp3', 5, '2008-08-09', 1, 2, 2, 20);
INSERT INTO `webnhac_baihat` VALUES (19, 'Ru em', '<div>Ru em ngủ   những đêm khuya<br />\r\n  Ru em ngủ tháng âm u<br />\r\n  Ru em cùng những u mê<br />\r\n  Ru em, ru em   dù đã chia xa<br />\r\n  <br />\r\n  Ru em về những đêm xưa<br />\r\n  Ru em phụ rẩy trong ta<br />\r\n  Ru em   quì gối vong nô<br />\r\n  Ru em, ru em vì dáng kiêu sa<br />\r\n  <br />\r\n  Ru từng ngọt bùi đã   qua<br />\r\n  Ru người lận đận héo khô<br />\r\n  Yêu em, yêu thêm tình phụ<br />\r\n  Yêu em lòng chợt   từ bi bất ngờ<br />\r\n  <br />\r\n  Ru em thèm khát xa hoa<br />\r\n  Ru em đầy những đam mê<br />\r\n  Ru em   tình nghĩa vu vơ<br />\r\n  Ru em, ru em chìm dưới phong ba<br />\r\n  <br />\r\n  Ru em mệt lã cơn   đau<br />\r\n  Ru em về giữa chiêm bao<br />\r\n  Ru em bồng bế con theo<br />\r\n  Ru em, ru em gầy yếu   hư hao<br />\r\n  <br />\r\n  Thôi rồi còn gì nữa đâu<br />\r\n  Đã tàn mộng mị khát khao<br />\r\n  Đôi khi con   tim hò hẹn<br />\r\n  Ngậm ngùi vì một ngày mưa bắt đầu ...<br />\r\n</div>\r\n', '2/HongNhung-RuEm.mp3', 5, '2008-09-04', 0, 2, 2, 0);
INSERT INTO `webnhac_baihat` VALUES (20, 'Cho đời chút ơn', '<p>Hôm chợt thấy em đi về bên kia phố<br />\r\n  Trong lòng bỗng vui như   đời rất lạ<br />\r\n  Tôi tìm thấy tôi theo từng gót xa<br />\r\n  Làm lời hát ca trên đường   đi<br />\r\n  Tôi tìm thấy tôi như giọt nắng kia<br />\r\n  Làm hồng chút môi cho em nhờ</p>\r\n<p>Môi thiên đường hót chim khuyên<br />\r\n  Ôi tóc trầm ướp vai   thơm<br />\r\n  Ta nghe đời rất mênh mông<br />\r\n  Trong chân người bước chậm chậm.</p>\r\n<p>Hãy còn bước đi cho bình minh lên sớm<br />\r\n  Cho đời chút ơn biết tà   áo nọ<br />\r\n  Em là phấn thơm cho rừng chút hương<br />\r\n  Làm lời hát ca cho trần   gian<br />\r\n  Dưới đường phố kia có người nhớ em<br />\r\n  Nằm mộng suốt đêm trong thiên   đường</p>\r\n', '', 0, '2008-09-07', 0, 2, 2, 0);
INSERT INTO `webnhac_baihat` VALUES (21, 'Cỏ xót xa đưa', '<div>Trên đời   người trổ nhánh hoang vu <br />\r\n  Trên ngày đi mọc cành lá mù <br />\r\n  Những tim đời đập   lời hoang phế. <br />\r\n  <br />\r\n  Dưới mặt trời ngồi hát hôn mê <br />\r\n  Dưới vòng nôi mọc từng   nấm mộ <br />\r\n  Dưới chân ngày cỏ xót xa đưa. <br />\r\n  <br />\r\n  Người đã đến và người sẽ về bên   kia núi <br />\r\n  Từng câu nói là từng cánh buồm giong cuối trời. <br />\r\n  Còn lại tiếng   cười khóc giữa đời. <br />\r\n  <br />\r\n  Dưới ngọn đèn một bóng chim qua <br />\r\n  Giữa đường đi   một người đứng gọi <br />\r\n  Có biết gì về ngày chưa tới. <br />\r\n  Những ngày ngồi rủ tóc   âm u <br />\r\n  Nghe tiền thần về chào bóng lạ <br />\r\n  Những mai hồng ngồi nhớ thiên   thu</div>\r\n', '2/HongNhung-CoXotXaDua.mp3', 5, '2008-09-05', 0, 2, 2, 0);
INSERT INTO `webnhac_baihat` VALUES (22, 'Đêm thấy ta là thác đổ', '<p>Một đêm bước chân về gác nhỏ <br />\r\n  Chợt nhớ đóa hoa Tường Vi <br />\r\n  Bàn tay ngắt hoa từ phố nọ <br />\r\n  Giờ đây đã quên vườn xưa <br />\r\n  Một hôm bước qua   thành phố lạ <br />\r\n  Thành phố đã đi ngủ trưa <br />\r\n  Đời ta có khi tựa lá cỏ <br />\r\n  Ngồi   hát ca rất tự do <br />\r\n  Nhiều khi bỗng như trẻ nhớ nhà <br />\r\n  Từ những phố xưa tôi về <br />\r\n  Ngày xuân bước chân người rất nhẹ <br />\r\n  Mùa xuân đã qua bao giờ <br />\r\n  Nhiều đêm   thấy ta là thác đổ <br />\r\n  Tỉnh ra có khi còn nghe </p>\r\n<p>Một hôm bước chân về giữa chợ <br />\r\n  Chợt thấy vui như trẻ thơ <br />\r\n  Đời ta có khi là đóm lửa <br />\r\n  Một hôm nhóm trong vườn khuya <br />\r\n  Vườn khuya   đóa hoa nào mới nở <br />\r\n  Đời tôi có ai vừa qua <br />\r\n  Nhiều khi thấy trăm nghìn nấm   mộ <br />\r\n  Tôi nghĩ quanh đây hồ như <br />\r\n  Đời ta hết mang điều mới lạ <br />\r\n  Tôi đã sống   rất ơ hờ <br />\r\n  Lòng tôi có đôi lần khép cửa <br />\r\n  Rồi bên vết thương tôi quì <br />\r\n  Vì   em đã mang lời khấn nhỏ <br />\r\n  Bỏ tôi đứng bên đời kia </p>\r\n', '2/DemThayTalaThacDo.mp3', 0, '2008-07-16', 0, 2, 2, 0);
INSERT INTO `webnhac_baihat` VALUES (23, 'Tuổi đá buồn', '<p>Trời còn làm mưa<br />\r\n  Mưa rơi mênh mang <br />\r\n  Từng ngón tay   buồn<br />\r\n  Em mang em mang <br />\r\n  Đi về giáo đường ngày chủ nhật buồn <br />\r\n  Còn ai còn   ai <br />\r\n  Đóa hoa hồng cài lên tóc mây <br />\r\n  Ôi đường phố dài <br />\r\n  Lời ru miệt mài <br />\r\n  Ngàn năm ngàn năm <br />\r\n  Ru em nồng nàn <br />\r\n  Ru em nồng nàn</p>\r\n<p>Trời còn làm mây <br />\r\n  Mây trôi lang thang <br />\r\n  Sợi tóc em bồng <br />\r\n  Trôi nhanh trôi nhanh <br />\r\n  Như giòng nước hiền <br />\r\n  Ngày chủ nhật buồn <br />\r\n  Còn   ai còn ai <br />\r\n  Đóa hoa hồng vùi quên trong tay <br />\r\n  Ôi đường phố dài <br />\r\n  Lời ru   miệt mài <br />\r\n  Ngàn năm ngàn năm <br />\r\n  Ru em giận hờn <br />\r\n  Ru em giận hờn </p>\r\n<p>Trời còn làm mưa <br />\r\n  Mưa rơi mưa rơi <br />\r\n  Từng phiến băng dài <br />\r\n  Trên hai tay xuôi <br />\r\n  Tuổi buồn em mang <br />\r\n  Đi trong hư vô <br />\r\n  Ngày qua hững   hờ <br />\r\n  Trời còn làm mưa <br />\r\n  Mưa rơi mưa rơi <br />\r\n  Từng phiến mây hồng <br />\r\n  Em mang   trên vai <br />\r\n  Tuổi buồn như lá <br />\r\n  Gió mãi cuốn đi <br />\r\n  Quay tận cuối trời </p>\r\n<p>Trời còn làm mưa <br />\r\n  Mưa rơi thênh thang <br />\r\n  Từng gót chân trần <br />\r\n  Em quên em quên <br />\r\n  Ôi miền giáo đường <br />\r\n  Ngày chủ nhật buồn <br />\r\n  Còn ai còn   ai <br />\r\n  Đóa hoa hồng tàn hôn lên môi <br />\r\n  Em gầy ngón dài <br />\r\n  Lời ru miệt mài <br />\r\n  Ngàn năm ngàn năm <br />\r\n  Ru em muộn phiền <br />\r\n  Ru em bạc lòng</p>\r\n', '', 0, '2008-07-15', 0, 2, 2, 0);
INSERT INTO `webnhac_baihat` VALUES (24, 'Trong nỗi đau tình cờ', '<p>Tôi đã yêu em bao ngày nắng <br />\r\n  Tôi đã yêu em bao ngày mưa <br />\r\n  Yêu em bên đời lặng lẽ <br />\r\n  Tôi đã đưa em qua nhiều phố <br />\r\n  Những sáng mênh   mông tôi ngồi nhớ <br />\r\n  Yêu em trái tim thật thà <br />\r\n  <br />\r\n  Yêu đầy mùa nắng mùa mưa <br />\r\n  Yêu trong nỗi vui đợi chờ <br />\r\n  Đâu ngờ tình như lá úa <br />\r\n  Khiến tôi chia lìa   từng giấc mơ <br />\r\n  <br />\r\n  Tôi đã yêu em trong mùa gió <br />\r\n  Khi lá cây khô bay đầy ngõ <br />\r\n  Yêu em không cần vội vã <br />\r\n  Tôi đã yêu em như trẻ thơ <br />\r\n  Đâu biết đôi khi   có lìa xa <br />\r\n  Yêu trong nỗi đau tình cờ</p>\r\n', '', 0, '2008-07-14', 0, 2, 2, 0);
INSERT INTO `webnhac_baihat` VALUES (25, 'Em đến từ nghìn xưa', '<div>Tôi vẫn nhìn   thấy em <br />\r\n  Giữa đám đông xa lạ <br />\r\n  Vì em mang trong mắt <br />\r\n  Nỗi yêu đời thiết   tha <br />\r\n  Tôi vẫn nhìn thấy em <br />\r\n  Giữa đám dông xa lạ <br />\r\n  Vì trong đôi mắt đó <br />\r\n  Có quê hương bạn bè <br />\r\n  <br />\r\n  Em đã đến giữa quê hương <br />\r\n  Có những nghìn năm   xưa <br />\r\n  Hoá thân em bây giờ <br />\r\n  Nên tôi vẫn nhìn thấy em <br />\r\n  Giữa đám đông xa lạ <br />\r\n  Vì em như chim trắng <br />\r\n  Giữa trống đồng bước ra <br />\r\n  Tôi vẫn nhìn thấy em <br />\r\n  Giữa đám đông xa lạ <br />\r\n  Vì em như hoa lá <br />\r\n  Giữa thiên nhiên hiền hòa</div>\r\n', '2/Emdentunghinxua-ThanhThuy.mp3', 0, '2008-09-04', 0, 2, 2, 0);
INSERT INTO `webnhac_baihat` VALUES (26, 'Tôi ơi đừng tuyệt vọng', '', '', 0, '2008-09-06', 0, 2, 2, 0);
INSERT INTO `webnhac_baihat` VALUES (27, 'Con mắt còn lại', 'Còn hai con mắt khóc người một con. <br />\r\nCòn hai con mắt một con khóc   người. <br />\r\nCon mắt còn lại nhìn cuộc đời tôi. <br />\r\nNhìn tôi lên cao nhìn tôi   xuống thấp. <br />\r\nCon mắt còn lại nhìn cuộc tình \r\nphai. <br />\r\nTình trong hai   tay một hôm biến mất. <br />\r\nCon mắt còn lại là con mắt ai. <br />\r\nCon mắt còn lại   nhìn tôi thở dài. <br />\r\nCòn hai con mắt khóc người một con \r\n<br />\r\n<br />\r\nCòn hai con   mắt một con khóc người. <br />\r\nCon mắt còn lại nhìn một thành hai <br />\r\nNhìn em yêu   thương nhìn em thú dữ. <br />\r\nCon mắt còn lại ngờ vực tình tôi. \r\n<br />\r\n<br />\r\nCuồng   điên yêu thương cuồng điên nỗi nhớ <br />\r\nCon mắt còn lại nhìn mây trắng bay <br />\r\nCon mắt còn lại nhìn tôi bùi ngùi. <br />\r\nCòn hai con mắt khóc người một con \r\n<br />\r\n<br />\r\nCòn hai con mắt một con khóc người. <br />\r\nCon mắt còn lại nhìn đời là   không <br />\r\nNhìn em hư vô nhìn em bóng nắng <br />\r\nCon mắt còn lại nhẹ nhàng từ tâm. <br />\r\nNhìn \r\nem ra đi lòng em xa vắng. <br />\r\nCon mắt còn lại là đêm tối tăm <br />\r\nCon mắt còn lại là đêm nồng nàn.\r\n', '2/Conmatconlai-TrinhCongSon.mp3', 7, '2008-09-05', 0, 2, 2, 0);
INSERT INTO `webnhac_baihat` VALUES (28, 'Sóng về đâu', '<div>Biển sóng   biển sóng đừng xô tôi<br />\r\n  Đừng xô tôi ngã dưới chân người<br />\r\n  Biển sóng biển sóng   đừng xô nhau<br />\r\n  Ta xô biển lại sóng về đâu?<br />\r\n  <br />\r\n  Sóng bạc đầu và núi chìm   sâu<br />\r\n  Ta về đâu đó<br />\r\n  Về chốn nào mây phủ chiêm bao<br />\r\n  Cạn suối nguồn bốn bề   nương dâu<br />\r\n  Ta tìm em nơi đâu?<br />\r\n  <br />\r\n  Biển sóng biển đừng xô nhau<br />\r\n  Ta xô biển   lại sóng nằm đau<br />\r\n  Biển sóng biển sóng đừng xô tôi<br />\r\n  Đừng xô ngã tôi giữa tim   người.<br />\r\n  <br />\r\n  Biển sóng biển sóng đừng xô tôi<br />\r\n  Đừng cho tôi thấy hết tim   người<br />\r\n  Biển sóng biển sóng đừng xô nhau<br />\r\n  Ta xô biển lại sóng về   đâu?<br />\r\n  <br />\r\n  Giấc ngủ nào giường chiếu quạnh hiu<br />\r\n  Trăng mờ quê cũ<br />\r\n  Người đứng   chờ gió đông<br />\r\n  Vạt nắng vàng nhắc lời thiên thu<br />\r\n  Nhớ ngàn năm trôi   qua.<br />\r\n  <br />\r\n  Biển sóng biển sóng đừng trôi xa<br />\r\n  Bao năm chờ đợi sóng gần   ta<br />\r\n  Biển sóng biển sóng đừng âm u<br />\r\n  Đừng nuôi trong ấy trái tim   thù.<br />\r\n  <br />\r\n  Biển sóng... biển sóng... đừng xô nhau.</div>\r\n', '', 0, '2008-10-01', 0, 2, 2, 0);
INSERT INTO `webnhac_baihat` VALUES (29, 'Em đi bỏ lại con đường', '<p>Bỏ mặc căn nhà, bỏ mặc tôi<br />\r\n  Bỏ mặc nơi đây, bỏ mặc người<br />\r\n  Bỏ   trăm năm sau, ngàn năm nữa<br />\r\n  Bỏ mặc tôi là, tôi là ai</p>\r\n<p>Em đi bỏ lại con đường<br />\r\n  Bờ xa cỏ dại, vô thường nhớ em<br />\r\n  Ra   đi,em đi bỏ lại dậm trường<br />\r\n  Ngàn dâu cố quạnh, muôn trùng nhớ thêm</p>\r\n<p>Bỏ mặc đêm dài, bỏ mặc tôi<br />\r\n  Bỏ mặc gian nan, bỏ mặc   người<br />\r\n  Bỏ xa xôi yêu và gần gũi<br />\r\n  Bỏ mặc tôi buồn giữa cuộc vui</p>\r\n<p>Bỏ mặc mưa về, bỏ chiều phai<br />\r\n  Bỏ mặc hư vô, bỏ ngậm ngùi<br />\r\n  Bỏ   đêm chưa qua, ngày chưa tới<br />\r\n  Bỏ mặc tay buồn không bàn tay</p>\r\n<p>Bỏ mặc vui buồn, bỏ mặc ai<br />\r\n  Bỏ mặc chân không, bỏ mặc   người<br />\r\n  Bỏ tôi hoang vu và nhỏ bé<br />\r\n  Bỏ mặc tôi ngồi giữa đời tôi</p>\r\n', '', 0, '2008-09-02', 0, 2, 2, 0);
INSERT INTO `webnhac_baihat` VALUES (30, 'Bèo giạt mây trôi', 'Bèo dạt mây trôi, chốn xa xôi,<br />\r\nAnh   ơi, em vẫn đợi... í i ì... bèo dạt<br />\r\nMây í i ì... trôi,<br />\r\nchim sa, tang tính   tình... í i ì..., cao vời<br />\r\nNgậm một tin trông, hai tin đợi, ba bốn tin chờ<br />\r\nsao   chẳng thấy anh...<br />\r\n<br />\r\nMột mảnh trăng treo, suốt năm canh,<br />\r\nAnh ơi, trăng đã   ngã... a á à... ngang đầu<br />\r\nThương nhớ... ờ ơ... ai, sao rơi... đêm sắp tàn...   í i ì...<br />\r\ntrăng tà,<br />\r\nNgười ra đi có nhớ, (hay người xa có nhớ)<br />\r\nlà nhớ ai   ngồi trông cánh chim trời,<br />\r\nsao chẳng thấy anh...<br />\r\n<br />\r\nMòn mỏi thâu đêm,   suốt năm canh<br />\r\nAnh ơi, em vẫn đợi... í i ì... mỏi   mòn<br />\r\nThương nhớ... ờ ơ... ai<br />\r\nSao rơi, trăng sắp tàn .. í i ì... trăng   tà<br />\r\nCành tre đu trước ngõ<br />\r\nLà gió la đà em vẫn mong chờ, sao chẳng thấy   anh...<br />\r\n<br />\r\nThương nhớ.. ờ ơ... ai<br />\r\nSao rơi, trăng sắp tàn .. í i ì... trăng   tà<br />\r\nCành tre đu trước ngõ<br />\r\nLà gió la đà em vẫn mong chờ, sao chẳng thấy   anh....\r\n', '1/Beodatmaytroi-ThuHien.mp3', 11, '2008-09-01', 2, 1, 1, 42);
INSERT INTO `webnhac_baihat` VALUES (31, 'Bông bí vàng', '<p>Bông bí vàng ngoài giàn, công em trồng anh không hái<br />\r\n  Trời sa   mưa bông kết trái, từ đó buồn, em buồn.<br />\r\n  Hum hum hum .... hum<br />\r\n  Trời mưa trên   khóm mía lau<br />\r\n  Trời rụng giọt mưa, xao xuyến xuyến xao<br />\r\n  Nhà em, dậu đổ bìm   leo<br />\r\n  Mà nhà anh mẹ cha rào mấy lượt rào<br />\r\n  Hỏi chớ con đường mòn nào, mà hai   đứa để gặp nhau<br />\r\n  Xui nên ta làm việc nhiều<br />\r\n  Kiếm đồng tiền dành mua sắm trầu   cau.<br />\r\n  Trâu cày ruộng cạn, trâu thở liền vô con trâu ơi thương dùm cuộc tình họ   đang cần có đôi bạn làm ăn<br />\r\n  Hum hum hum .... hum.<br />\r\n  Bây giờ trầu xanh vườn   trầu, cau trổ quày cau<br />\r\n  Mà mẹ cha không ngó xuống!<br />\r\n  Gió thổi năm non mà mẹ   cha chưa mát trong lòng<br />\r\n  Hái bông bí anh trồng anh đem luộc cầu xin.<br />\r\n  Bây   giờ trời mưa ngập ruộng, thương muộn còn thương<br />\r\n  Cuộc tình duyên trôi theo   dòng nước<br />\r\n  Bí trổ bông thơm một giàn bông không muốn hái bông nào<br />\r\n  Nhớ   thương nửa cuộc tình sao nghe ruột quặn đau .</p>\r\n', '1/Bongbivang-PhiNhung.mp3', 12, '2008-09-01', 0, 3, 1, 22);
INSERT INTO `webnhac_baihat` VALUES (32, 'Bông điên điển', 'Hò ơ! Má ơi đừng gả con xa, <br />\r\nChim \r\nkêu vượn hú.... Hò ơ! <br />\r\nChim kêu   vượn hú, Biết đâu má tìm!&quot; <br />\r\n<br />\r\nEm đi lấy chồng về nơi xứ xa, <br />\r\nĐêm ru điệu   hát câu hò trên môi. <br />\r\nMiền Tây xanh sắc mây trời, <br />\r\nPhù sa nước nổi   người ơi đừng về! <br />\r\nVới màu điên điển say mê, <br />\r\nvàng trong ánh mắt vỗ về gót   chân. <br />\r\nTrót thương tình nghĩa vợ chồng, <br />\r\nNên bông  điên điển nở cho   lòng vấn vương. <br />\r\nTình thương em khó mà lường. <br />\r\n<br />\r\nChồng gần không lấy, em   lấy chồng xa, <br />\r\nGiờ đây nhớ mẹ thương cha, <br />\r\nCòn đâu mà thong  thả đi   về nhà thăm. <br />\r\nXa xăm nơi chốn bưng biền, <br />\r\nĂn bông mà điên điển, <br />\r\nNghiêng mình nhớ đât quê. <br />\r\nChồng xa em khó mà về. <br />\r\nHò ơ, ơi hò! Chồng   xa em  khó mà dzề <br />\r\n', '1/BongDiendien-PhiNhung.mp3', 12, '2008-09-01', 0, 7, 1, 17);
INSERT INTO `webnhac_baihat` VALUES (33, 'Bông bưởi hoa cau', '<p>Tóc con dài mẹ cài bông hoa lý<br />\r\n  Mẹ lượm từng bông bưởi trắng   con gội đầu<br />\r\n  Mẹ kể chuyện xưa bông bưởi hoa cau<br />\r\n  Mẹ dạy từng câu hò lý ca   dao</p>\r\n<p>Nắng thu buồn nhuộm vàng ngõ trúc vắng<br />\r\n  Từng nhịp võng đưa mẹ   hát tiếng nghe buồn<br />\r\n  Chừng lưng lửng cơm mẹ gói mo cau<br />\r\n  Mẹ lên ruộng sâu gặt   hái nuôi con</p>\r\n<p>Con chợt nhớ vườn cau trước cửa<br />\r\n  Rồi con chợt nhớ vườn bưởi   sau hè<br />\r\n  Mẹ không còn, lượm từng bông bưởi trắng<br />\r\n  Cơn nhẹ gió bông bưởi rụng   đầy sân</p>\r\n<p>Con sẽ nhớ vườn cau ấy mãi<br />\r\n  Và con sẽ nhớ vườn bưởi trọn   đời<br />\r\n  Để khi nào mùa thu rụng lá<br />\r\n  Con lại nhớ bông bưởi rụng đầy sân ...</p>\r\n<p>Bông bưởi thơm vườn bưởi<br />\r\n  Đâu nữa để gội đầu<br />\r\n  Nhớ câu hò   điệu lý<br />\r\n  Mang giai điệu lời ru</p>\r\n<p>Đừng bay .... mà mòn mỏi sức chim<br />\r\n  Rồi bơ vơ cảnh la.<br />\r\n  Sợ   con tìm về cây xưa<br />\r\n  Sợ con tìm ... con tìm về cây xưa, .... cây xưa<br />\r\n  Sợ con   tìm ... con tìm về cây xưa, .... cây xưa...</p>\r\n', '1/BongBuoiHoaCau.mp3', 0, '2008-09-02', 0, 3, 1, 5);
INSERT INTO `webnhac_baihat` VALUES (34, 'Lý con sáo', '', '1/Lyconsao-PhiNhung.mp3', 12, '2008-09-02', 0, 1, 1, 4);
INSERT INTO `webnhac_baihat` VALUES (36, 'Đường về hai thôn', 'Đường về thôn \r\nem duyên dáng bên ven sông con thuyền xuôi mái <br />\r\nNhịp   cầu băng qua men lối đi quanh co, cỏ hoa nối dài <br />\r\nNhà em cuối xóm ghép đôi   mái tranh nâu trăng cài \r\ntrước sau <br />\r\nCó tằm mến thương dâu, Có trầu vấn   vương cau <br />\r\nvà đào tơ thơm ngát, ngát hương trinh ban đầu <br />\r\nĐường về thôn   anh con sáo ru êm êm trên đồng xanh lúa <br />\r\nNhịp cầu băng qua đưa lối   sân rêu xưa thắm hoa bốn mùa <br />\r\nNhà anh mái lá tháng năm vẫn chưa nghe duyên   tròn ước mơ <br />\r\nCó giàn mướp xanh lơ, Có hồ cá nên \r\nthơ <br />\r\nmà lòng quê   vẫn hát hát bao câu mong chờ <br />\r\nMỗi đêm trăng thanh ngà hội mùa lên tiếng ca   góp tay cần lao <br />\r\nÔi hai thôn giao đầu nhịp cầu tre bước chung \r\nêm vui   dường bao <br />\r\nTình ta lên men rồi còn chi ngăn cách lòng mà chưa trao giấc mơ   xuân cùng nhau <br />\r\nChày dâng lên trăng màu, bà con đang mong cầu \r\nrằng \r\nđôi ta sớm nên duyên ban đầu <br />\r\nĐường về hai thôn mai mốt đôi uyên ương   qua cầu soi bóng <br />\r\nNhủ thầm sông ơi gương nước chưa phôi pha ta còn vui hoài <br />\r\nTrời \r\nquê bát ngát sẽ trông thấy tương lai qua tình lứa đôi <br />\r\nLúa   đồng mãi xanh tươi, mướp cà thắm nơi nơi <br />\r\nvà vành môi trai gái góp bao câu ca   yêu đời <br />\r\nNhịp cầu \r\nđưa lối, chung bước hai thôn ta đón trăng về mừng   duyên quê\r\n', '1/Duongvehaithon-ThuHien.mp3', 11, '2008-09-03', 0, 8, 1, 1);
INSERT INTO `webnhac_baihat` VALUES (37, 'Cát bụi', '', '4/catbui.mp3', 0, '2008-09-03', 0, 2, 4, 3);
INSERT INTO `webnhac_baihat` VALUES (38, 'Tuổi đá buồn', '', '4/tuoida.mp3', 0, '2008-09-03', 0, 2, 4, 1);
INSERT INTO `webnhac_baihat` VALUES (39, 'Nối vòng tay lớn', '', '4/noivong.mp3', 0, '2008-09-03', 0, 2, 4, 1);
INSERT INTO `webnhac_baihat` VALUES (40, 'Hạ trắng', '', '4/hatrang.mp3', 0, '2008-09-03', 0, 2, 4, 0);
INSERT INTO `webnhac_baihat` VALUES (41, 'Chiều một mình qua phố', '', '4/chieumot.mp3', 0, '2008-09-03', 0, 2, 4, 0);
INSERT INTO `webnhac_baihat` VALUES (42, 'Huyền thoại mẹ', '', '4/huyenthoai.mp3', 0, '2008-09-03', 0, 2, 4, 0);
INSERT INTO `webnhac_baihat` VALUES (43, 'Lời mẹ', '', '4/loime.mp3', 0, '2008-09-03', 0, 2, 4, 0);
INSERT INTO `webnhac_baihat` VALUES (44, 'Mưa hồng', '', '4/muahong.mp3', 0, '2008-09-04', 0, 2, 4, 0);
INSERT INTO `webnhac_baihat` VALUES (45, 'Quỳnh hương', '', '4/quynhhuong.mp3', 0, '2008-09-04', 0, 2, 4, 3);
INSERT INTO `webnhac_baihat` VALUES (46, 'Hoa vàng mấy độ', '', '4/hoavang.mp3', 0, '2008-09-04', 0, 2, 4, 0);
INSERT INTO `webnhac_baihat` VALUES (47, 'Mộng đẹp ngày xưa', '', '8/Mongdepngayxua.mp3', 0, '2008-09-05', 0, 1, 8, 19);
INSERT INTO `webnhac_baihat` VALUES (48, 'Lòng mẹ', '', '8/Longme.mp3', 0, '2008-09-05', 0, 1, 8, 3);
INSERT INTO `webnhac_baihat` VALUES (49, 'Làng tôi', '', '8/Langtoi.mp3', 0, '2008-09-05', 0, 1, 8, 2);
INSERT INTO `webnhac_baihat` VALUES (50, 'Hương thầm', '', '8/Huongtham.mp3', 0, '2008-09-05', 0, 1, 8, 0);
INSERT INTO `webnhac_baihat` VALUES (51, 'Xóm đêm', '', '8/Xomdem.mp3', 0, '2008-09-05', 0, 1, 8, 1);
INSERT INTO `webnhac_baihat` VALUES (52, 'Lệ đá', '', '8/Leda.mp3', 0, '2008-09-05', 0, 1, 8, 0);
INSERT INTO `webnhac_baihat` VALUES (53, 'Mười năm tình cũ', '', '8/Muoinamtinhcu.mp3', 0, '2008-09-05', 0, 1, 8, 3);
INSERT INTO `webnhac_baihat` VALUES (54, 'Khúc tình ca xứ Huế', '', '8/KhuctinhcaxuHue.mp3', 0, '2008-09-05', 0, 1, 8, 0);
INSERT INTO `webnhac_baihat` VALUES (55, 'Hình bóng quê nhà', '', '8/Hinhbongquenha.mp3', 0, '2008-09-05', 0, 1, 8, 1);
INSERT INTO `webnhac_baihat` VALUES (56, 'Lý cây bông', '', '8/Lycaybong.mp3', 0, '2008-09-05', 0, 1, 8, 1);
INSERT INTO `webnhac_baihat` VALUES (57, 'Lý mười thương', '', '8/Lymuoithuong.mp3', 0, '2008-09-06', 0, 1, 8, 0);
INSERT INTO `webnhac_baihat` VALUES (58, 'Lý cái mơn', '', '8/Lycaimon.mp3', 0, '2008-09-06', 0, 1, 8, 0);
INSERT INTO `webnhac_baihat` VALUES (59, 'Con đò dòng sông', '', '9/CONDODONGSONG(NGOCSON).MP3', 13, '2008-09-04', 0, 1, 9, 0);
INSERT INTO `webnhac_baihat` VALUES (60, 'Con kênh xanh xanh', '<p>Con kênh xanh xanh những chiều êm ả lướt trôi <br />\r\n  Đêm đêm trăng   lên theo dòng buồm căng gió xuôi. <br />\r\n  Con kênh xanh xanh những mùa sen nở khắp   nơi <br />\r\n  Bao câu tơ duyên dạt dào tim ai thắm tươi </p>\r\n<p>Thuyền ai lướt qua hàng chuối với bờ kênh <br />\r\n  Thuyền ai lướt qua   bông lúa thướt tha <br />\r\n  Tiếng ai hò khoan vẳng đưa những câu tình ca <br />\r\n  Ngả   nghiêng hàng tràm vang hòa tiếng hò xa xa <br />\r\n  Chiến khu bừng vui ấm bao lòng dân   quê tôi <br />\r\n  Tiếng ai giã bàng nhịp nhàng như tiếng lòng tôi</p>\r\n<p>Con kênh xanh xanh những chiều êm ả nước trôi <br />\r\n  Ghi sâu nơi   tôi bao ngày chiến đấu nổi sôi <br />\r\n  Con kênh xanh ơi dập tàn chinh chiến khắp nơi <br />\r\n  Bên nhau ta xây trọn bài tình ca thắm tươi</p>\r\n', '9/Conkenhxanhxanh-NgoHuynh.mp3', 0, '2008-09-05', 0, 6, 9, 0);
INSERT INTO `webnhac_baihat` VALUES (61, 'Còn thương rau đắng mọc sau hè', '<p>Nắng hạ đi<br />\r\n  Mây trôi lang thang cho hạ buồn<br />\r\n  Coi khói đốt   đồng, để ngậm ngùi chim nhớ lá rừng</p>\r\n<p>Ai biết mẹ buồn vui khi mẹ kêu cậu tới gần<br />\r\n  Biểu cậu ngồi mẹ   nhổ tóc sâu, hai chị em tóc bạc như nhau</p>\r\n<p>Đôi mắt cậu buồn hiu phiêu lưu<br />\r\n  Rong chơi những ngày đầu chừa   ba vá miếng dừa<br />\r\n  Đường mòn xưa, dãi nắng dầm mưa</p>\r\n<p>Ai cách xa cội nguồn,<br />\r\n  Ngồi một mình<br />\r\n  Nhớ lũy tre xanh dạo   quanh khung trời kỷ niệm<br />\r\n  Chợt thèm rau đắng nấu canh</p>\r\n<p>Xin được làm mây mà bay khắp nơi giang hồ<br />\r\n  Ghé chốn quê hương   xa rời từ cất bước ly hương<br />\r\n  Xin được làm gió dập dìu đưa điệu ca dao<br />\r\n  Chái   bếp hiên sau cũng ngọt ngào một lời cho nhau</p>\r\n<p>Xin sống lại tình yêu đơn sơ,<br />\r\n  Rong chơi những ngày đầu chừa   ba vá miếng dừa<br />\r\n  Đường mòn xưa, dãi nắng dầm mưa</p>\r\n<p>Xin nắng hạ thổi buồn để mình ngồi nhớ lũy tre xanh<br />\r\n  Dạo   quanh, khung trời kỷ niệm<br />\r\n  Chợt thèm rau đắng nấu canh   ... </p>\r\n', '9/Conthuongraudangmocsauhe-NhuQuynh.mp3', 14, '2008-09-06', 0, 3, 9, 0);
INSERT INTO `webnhac_baihat` VALUES (62, 'Chùm bông hoa khế', '<p>Cây khế xưa em trồng bỏ một mình trước sân đình<br />\r\n  Nay nó vẫn   trổ bông<br />\r\n  Em có chăng một lần đứng lặng thầm trước sân thềm<br />\r\n  Nhìn qua nẻo cố   hương<br />\r\n  Anh vẫn sống một mình, một mình<br />\r\n  Một mái nhà tranh bụi tầm vông trước   ngõ<br />\r\n  Ngó qua sân đình đau lòng cơn gió<br />\r\n  Bông khế rụng, rụng mỗi hoàng   hôn</p>\r\n<p>Em về làm dâu nhà người lìa xa cố thổ<br />\r\n  Quên bụi chuối sau hè   bụi tre trước ngõ<br />\r\n  Tóc em rối bù gương lược biếng săm soi<br />\r\n  Gió vẫn mây trôi   ngồi buồn một mình</p>\r\n<p>Nơi quê xưa thung đường ương yếu nhớ thương mà nhìn<br />\r\n  Chỉ ngậm   ngùi<br />\r\n</p>\r\n', '9/CHUMBONGHOAKHE(HUONGLAN).MP3', 9, '2008-09-06', 0, 3, 9, 0);
INSERT INTO `webnhac_baihat` VALUES (63, 'Chuyện tình Mimosa', '', '9/CHUYENTINHMIMOSA(NGOCSON).MP3', 13, '2008-09-06', 0, 1, 9, 0);
INSERT INTO `webnhac_baihat` VALUES (64, 'Đám cưới trên đường quê', 'Ô ! ô ! sáng hôm nay trên quê hương tôi, <br />\r\nQuê hương xinh xinh quê hương hữu   tình, <br />\r\nQuê hương xinh xinh quê hương hòa bình, <br />\r\nĐường nở hoa trắng, xanh,   vàng, tím, <br />\r\nĐẹp làm sao bướm bay chập chờn. <br />\r\nĐàn chim non véo von ngọn   tre, <br />\r\nKhăn mầu son, áo mầu vàng, <br />\r\nƠi, bà con đến xem mùa cưới ! <br />\r\nChân   hài cong, tay dù hồng. <br />\r\nLâu thật lâu mới thấy được một ngày vui ! <br />\r\n<br />\r\nÔ !   ô ! sáng hôm nay quê tôi ra xem <br />\r\nCô dâu con con y trang mỹ miều. <br />\r\nCô dâu   non non dung nhan mặn mà. <br />\r\nChà ! nhà ai có ông rể quý. <br />\r\nChà ! nhà ai có cô   dâu hiền. <br />\r\nỒ ! ngộ thay có con lợn quay, <br />\r\nXôi đầy mâm, cau đầy buồng. <br />\r\nĐây nguồn vui hiếm hoi ngày cưới. <br />\r\nTrông thật hay, trông buồn cười. <br />\r\nRa mà xem mới thấy được cả niềm vui ! <br />\r\n<br />\r\nAnh anh ơi ! Người tình tôi ơi   ! <br />\r\nAnh anh ơi ! Xem người ta họ cưới nhau rồi ! <br />\r\nEm em ơi ! Người tình tôi   ơi ! <br />\r\nEm em ơi ! Chuyện chúng mình đã tính sao chưa ? <br />\r\nAnh anh ơi ! Người   tình tôi ơi ! <br />\r\nAnh anh ơi ! Xem người ta họ cưới nhau rồi ! <br />\r\nEm em ơi !   Người tình tôi ơi ! <br />\r\nEm em ơi ! Chuyện chúng mình cũng tính đi thôi !\r\n', '9/Damcuoitrenduongque-HuongLan.mp3', 9, '2008-09-06', 0, 9, 9, 0);
INSERT INTO `webnhac_baihat` VALUES (65, 'Điệu buồn phương nam', '<p>Về phương Nam lắng nghe cung đàn <br />\r\n  thổn thức vọng dưới trăng   mơ màng <br />\r\n  Rồi theo sông Cửu Long nhớ nhung dâng tràn. <br />\r\n  Chợt thương con sáo   bay xa bầy <br />\r\n  sương khói buồn để lại lòng ai <br />\r\n  Con Sáo sang sông <br />\r\n  Sáo đã   xổ lồng <br />\r\n  Bay về Bạc Liêu, con sáo bay theo phương người <br />\r\n  Bay về Trà Vinh,   con sáo bay qua đời tôi. <br />\r\n  Câu hát ngân nga <br />\r\n  Tiếng tơ giao hòa <br />\r\n  Cháy lên   trong dạ muôn ngàn tâm sự <br />\r\n  Hát lên một lần để một đời xa nhau sáo ơi ! <br />\r\n  Đàn thiên thu đứt dây tơ rồi, theo sóng vàng cát lỡ sông bồi. <br />\r\n  Còn chi   nữa biển dâu đã bao đổi dời. <br />\r\n  Về phương Nam ngắm sông ngậm ngùi, <br />\r\n  Thương   những đời như lục bình trôi... </p>\r\n', '9/DIEUBUONPHUONGNAM(NGOCSON).MP3', 13, '2008-09-06', 0, 10, 9, 0);
INSERT INTO `webnhac_baihat` VALUES (66, 'Dịu dàng sắc xuân', '<p>Nắng xuân ấm thơm môi hồng <br />\r\n  Gió xuân đến em bên em ngồi <br />\r\n  Cùng mùa xuân em hát câu tình ca <br />\r\n  <br />\r\n  Đóa cúc trắng bên hiên nhà <br />\r\n  Ngỡ   như dáng ai đang về <br />\r\n  Ngọt ngào hương xuân thắm trên bờ môi (vai) <br />\r\n  <br />\r\n  Nhịp   nhàng đàn chim én bay <br />\r\n  Ô kìa mùa về bao đắm say <br />\r\n  Một mùa xuân bao thắm   tươi! <br />\r\n  Quê hương với bao niềm vui! <br />\r\n  <br />\r\n  Rộn ràng đàn em bé thơ <br />\r\n  Tưng   bừng một mùa xuân mới sang <br />\r\n  Dịu dàng bao hương sắc xuân <br />\r\n  Hát cùng em khúc   tình ca <br />\r\n  <br />\r\n  Cánh mai thắm tươi xuân nồng <br />\r\n  Ấm đôi má em thêm hồng <br />\r\n  Cùng   mùa xuân em đến giữa đời vui ! <br />\r\n  <br />\r\n  Tiếng chim hót vui cho đời <br />\r\n  Tiếng em   hát thêm yêu người <br />\r\n  Đẹp mùa xuân đất nước trong lòng tôi ! <br />\r\n  <br />\r\n  Nhịp nhàng   đàn chim én bay <br />\r\n  Ô kìa mùa về bao đắm say <br />\r\n  Một mùa xuân bao thắm tươi! <br />\r\n  Quê hương với bao niềm vui! <br />\r\n  <br />\r\n  Rộn ràng đàn em bé thơ <br />\r\n  Tưng bừng một   mùa xuân mới sang <br />\r\n  Dịu dàng bao hương sắc xuân <br />\r\n  Hát cùng em khúc tình   ca </p>\r\n<p>Nắng xuân ấm thơm môi hồng <br />\r\n  Gió xuân đến em bên em ngồi <br />\r\n  Cùng mùa xuân em hát câu tình ca <br />\r\n  <br />\r\n  Đóa cúc trắng bên hiên nhà <br />\r\n  Ngỡ   như dáng ai đang về <br />\r\n  Ngọt ngào hương xuân thắm trên bờ môi (vai) <br />\r\n  <br />\r\n  Tiếng chim hót vui cho đời <br />\r\n  Tiếng em hát thêm yêu người <br />\r\n  Đẹp mùa   xuân đất nước trong lòng tôi</p>\r\n', '9/Diudangsacxuan-PhuongThanh.mp3', 15, '2008-09-06', 0, 11, 9, 0);
INSERT INTO `webnhac_baihat` VALUES (67, 'Hồn Quê', 'Em theo anh qua những cánh đồng thơm lúa Việt nam <br />\r\nNơi bao năm xa cách tưởng   chừng hôm nay lớn dần <br />\r\nLòng buồn vời vợi xa xôi <br />\r\nGợi lại kỷ niệm khôn   nguôi <br />\r\nThương khói lam ban chiều và mái tranh thuở còn nằm nôi <br />\r\n<br />\r\nCây me   che bóng mát mỗi chiều ta đứng chờ nhau <br />\r\nDư âm xưa như ngỡ sống lại bên giây   phút đầu <br />\r\nLời nào ngọt ngào cho nhau <br />\r\nTình nào hò hẹn mai sau <br />\r\nThôi hãy   xem như cuộc đời ngủ quên chìm vào lắng sâu <br />\r\n<br />\r\nNhững năm tháng xa rời bạn   bè <br />\r\nNhớ thương quá cây phượng ngày hè <br />\r\nMùa nước lên điên điển trổ bông <br />\r\nBao nhiêu buồn vui ôm trọn vào lòng <br />\r\nLục bình trôi níu dòng đời trôi <br />\r\nGiọt lệ rơi thắm mặn bờ môi <br />\r\nUống chung nhau chén tình ngất trào để quên   thương đau. <br />\r\n<br />\r\nQuê hương em con gái áo bà ba gánh mạ non <br />\r\nCâu ca dao   trên lúa bốn ngàn năm hơn vẫn còn <br />\r\nCòn ruộng đồng còn thơm rơm <br />\r\nĐường về   nhà càng vui hơn <br />\r\nTa hãy đong cho thật tràn <br />\r\nChén tình đậm đà mến thương.\r\n', '9/HONQUE(HUONGLAN).MP3', 9, '2008-09-01', 0, 1, 9, 0);
INSERT INTO `webnhac_baihat` VALUES (68, 'Mặt trời bé con', '<p>Ngoài kia có cô bé nhìn qua khe nghe tiếng đàn của tôi <br />\r\n  Ngoài   kia có chú bé trèo cành me mắt xoe tròn lắng nghe <br />\r\n  Đàn tôi hát câu gì mà sao   cô bé cười ngộ ghê <br />\r\n  Đàn tôi hát câu gì mà sao chú bé ngồi mơ màng <br />\r\n  Hạnh   phúc quá đơn sơ, đời tôi đâu có ngờ <br />\r\n  Từng đêm cô bé chờ như chờ từng giấc mơ <br />\r\n  <br />\r\n  Ngày xưa cũng như bé tuổi còn thơ tôi vẫn thường trộm nghe <br />\r\n  Nhà bên   có anh lính rời xa quê hay chơi đàn rất khuya <br />\r\n  Đàn anh đã cho tôi trời xanh   như ước mơ tuổi thơ <br />\r\n  Đàn anh đã cho tôi dòng sông mang cánh buồm khát vọng <br />\r\n  Tuổi thơ đã đi qua, giờ đây hát bên em, <br />\r\n  Từng đêm đứng quanh tôi những   mặt trời bé con <br />\r\n  <br />\r\n  Đàn anh đã cho tôi trời xanh như ước mơ tuổi thơ <br />\r\n  Đàn   anh đã cho tôi dòng sông mang cánh buồm khát vọng <br />\r\n  Tuổi thơ đã đi qua, giờ   đây hát bên em, <br />\r\n  Từng đêm đứng quanh tôi những mặt trời bé con <br />\r\n  <br />\r\n  Trời   mưa quá em ơi , bài ca ướt mất rồi , còn đâu . <br />\r\n  Trời mưa đến bao lâu , mà sao   em vẫn chờ vẫn đợi ... <br />\r\n  Hạnh phúc quá đơn sơ , đời tôi đâu có ngờ , <br />\r\n  Từng   đêm em vẫn chờ , vẫn chờ đợi dưới mưa ....</p>\r\n', '9/Mattroibecon-BangKieu.mp3', 16, '2008-09-06', 0, 5, 9, 0);
INSERT INTO `webnhac_baihat` VALUES (69, 'Mưa ngâu', 'Giọt mưa <br />\r\nmưa ngâu mưa ngâu <br />\r\nbúp non trên cành thành lá biếc <br />\r\ngiọt mưa <br />\r\nmưa ngâu mưa ngâu <br />\r\ntròn xoe chiếc ô trên đầu <br />\r\n<br />\r\nNgày xưa đôi ta bên   nhau <br />\r\nchiếc ô xoe tròn là bóng lá <br />\r\nmong sao mưa thật lâu <br />\r\nđể cho đôi   lứa bên nhau <br />\r\n<br />\r\nNgày nay đôi ta xa nhau <br />\r\nvắng em anh nhìn từng góc phố <br />\r\ntừng đôi uyên ương bên nhau <br />\r\ntròn xoe chiếc ô trên đầu <br />\r\n<br />\r\nNgày nay   đôi ta xa nhau <br />\r\nlá xanh trên cành thành lá úa <br />\r\ntừng giọt mưa ngâu rớt bên   thềm <br />\r\ntình yêu đâu dễ lãng quên <br />\r\n<br />\r\nVà cơn mưa <br />\r\nmưa rồi sẽ tan đi trên   trời đầy nắng gió <br />\r\ngiọt mưa ngâu <br />\r\nhay là nước mắt ai nhớ nhau? <br />\r\n<br />\r\nChuyện tình yêu <br />\r\nnhư là những cơn mưa trong đời đầy nắng gió <br />\r\nđể   trên mi ai bây giờ <br />\r\nướt đẫm mưa ngâu\r\n', '9/Muangau(NgocAnh).mp3', 17, '2008-09-06', 0, 12, 9, 0);
INSERT INTO `webnhac_baihat` VALUES (70, 'Tạm biệt chim én', '<p>Tạm biệt chim én xưa tạm biệt những giấc mơ <br />\r\n  Và giàn hoa tím   bên nhà ai nhớ mong <br />\r\n  Chào nụ hoa bé nhỏ dịu dàng trong đám cỏ <br />\r\n  Đợi chờ con   én những chiều xa rất xa <br />\r\n  ah ah ah ha ha ..... <br />\r\n  <br />\r\n  Em như chim bay xa   giữa đồng xanh quê hương bao la <br />\r\n  Tóc mùa xuân theo gió ru em ru em ru em bồng   bềnh <br />\r\n  Em như chim bay xa giữa đồng xanh quê hương bao la <br />\r\n  Tóc mùa xuân   theo gió ru em ru em ru em về quê hương <br />\r\n  <br />\r\n  Chiều nào trên phố xưa lặng nhìn   chim én bay <br />\r\n  Lòng thường mơ ước những đỉnh núi xa mờ <br />\r\n  Một ngày tiếng súng   về rồi người trai lên đường <br />\r\n  Để nhành hoa tím vẫy chào theo thiết tha <br />\r\n  <br />\r\n  Anh như chim bay xa những đàn chim bay trong phong ba <br />\r\n  Góc trời kia   chim én thương ai thương ai thương ai đợi chờ <br />\r\n  Anh như chim bay xa những đàn   chim bay trong phong ba <br />\r\n  Góc trời kia chim én thương ai thương ai thương ai   đợi chờ ai <br />\r\n  <br />\r\n  Một ngày tiếng súng ngưng, một người đi trở về <br />\r\n  tìm người   con gái trong mùa chim én bay <br />\r\n  bầu trời chim én liệng <br />\r\n  ngoài vườn hoa tím   nở <br />\r\n  mà người con gái đã về trên núi cao <br />\r\n  <br />\r\n  Ôi quê hương bao la tiếng đàn   tôi ngân xa ngân xa <br />\r\n  Hát về em cô gái yêu ai yêu ai đợi chờ ai <br />\r\n  Ôi quê   hương bao la tiếng đàn tôi ngân xa ngân xa <br />\r\n  Hát về em cô gái yêu ai yêu ai   đợi chờ ai </p>\r\n', '9/Tambietchimen-TranTien.mp3', 0, '2008-09-07', 0, 5, 9, 0);
INSERT INTO `webnhac_baihat` VALUES (71, 'Tiếng vạc đêm sầu', '', '9/TIENGVACDEMSAU(NGOCSON).mp3', 13, '2008-09-07', 0, 1, 9, 0);
INSERT INTO `webnhac_baihat` VALUES (72, 'Tiếng xưa', '<p>Hoàng hôn lá reo bên thềm <br />\r\n  Hoàng hôn tơi bời lá thu <br />\r\n  Sương   mờ ngậm ngùi xuân xanh <br />\r\n  Bâng khuâng phím loan vương tình <br />\r\n  <br />\r\n  Đâu bóng   trăng xưa mơ khúc nghê thường <br />\r\n  Phải tàn một thời liệt oanh xa đưa gió mây   lạnh lùng <br />\r\n  Chiều thu nhớ nhung vì đâu, thắm đôi giòng Châu <br />\r\n  Tiếc thay tại   sao đành lỡ làng man mác khói hương <br />\r\n  Bay dịu dàng như tóc mây vương <br />\r\n  Dáng   liễu mơ màng cung đàn nhỏ lệ Tầm Dương <br />\r\n  ai đó tri âm biết cùng. <br />\r\n  <br />\r\n  Hoàng   hôn gió sương lạnh lùng <br />\r\n  Hoàng hôn bao niềm nhớ nhung <br />\r\n  thiết tha đàn rung   tiếng tơ <br />\r\n  vấn vương trôi theo mây mờ <br />\r\n  đâu khúc cô liêu duyên dáng tiêu   điều <br />\r\n  dư âm chìm theo giòng Châu tràn lan sóng vương mạch sầu. <br />\r\n  Đàn ơi   thiết tha vì đâu, <br />\r\n  tiếng xưa trầm ngâm lắng rung đường tơ bao mơ màng <br />\r\n  Lưu   luyến hương thu thêm dịu dàng <br />\r\n  Ai có hay chăng Say khúc ưu tư, <br />\r\n  gió sương   chiều thu buồn mơ ai đó tri âm hững hờ. </p>\r\n', '9/TIENGXUA(HUONGLAN).MP3', 9, '2008-09-07', 0, 13, 9, 0);
INSERT INTO `webnhac_baihat` VALUES (73, 'Tình thắm duyên quê', '<p>Tình nồng thắm xuyên qua bao mái tranh <br />\r\n  Ngọt ngào hương thơm   mái tóc xanh <br />\r\n  Những tình mặm mà là những tình đơn sơ <br />\r\n  Quê tôi vẫn đẹp đẹp   mấy tình ngây thơ <br />\r\n  Chiều làng quê say sưa trong tiếng ca <br />\r\n  Người làng quê   yêu bông lúa thiết tha <br />\r\n  Những mẹ già ngồi chom che lụa xóm dưới <br />\r\n  Rung rung   môi cười như tuổi còn đôi mươi <br />\r\n  Em ơi khoan hò khoan, trên sông con đò ngang <br />\r\n  Khoan ơi khoan hò, em về chăm lo <br />\r\n  Việc nhà thắm lúa, vun vườn cà liếp dứa <br />\r\n  Anh ơi khoan hò khoan, lúa chín tô mồ hôi <br />\r\n  Khoan hời khoan hò tới mùa đơm   bông <br />\r\n  Khơi ngàn lối sống, gặt nhanh ta gánh về <br />\r\n  Chiều tàn rơi trên đê nghe   tiếng ai <br />\r\n  Hẹn hò nhau vui duyên thắm gái trai <br />\r\n  Tiếng hò chơi vơi khi trăng   ngà lả lơi <br />\r\n  Đêm quê rộn ràng bao tiếng chày buông lơi <br />\r\n  Hàng dừa cao   nghiêng mơ soi bóng sông <br />\r\n  Mộng ngày mai say sưa những ước mong <br />\r\n  Gái miền   sông Hương hẹn trai miền Cửu Long <br />\r\n  Hai ta ước thề xây thắm tình duyên quê </p>\r\n<p>Em ơi khoan hò khoan, trên sông con đò ngang <br />\r\n  Khoan ơi khoan   hò, em về chăm lo <br />\r\n  Việc nhà thắm lúa, vun vườn cà liếp dứa <br />\r\n  Anh ơi khoan   hò khoan, lúa chín tô mồ hôi <br />\r\n  Khoan hời khoan hò tới mùa đơm bông <br />\r\n  Khơi   ngàn lối sống, gặt nhanh ta gánh về <br />\r\n  Chiều tàn rơi trên đê nghe tiếng ai <br />\r\n  Hẹn hò nhau vui duyên thắm gái trai <br />\r\n  Tiếng hò chơi vơi khi trăng ngà lả   lơi <br />\r\n  Đêm quê rộn ràng bao tiếng chày buông lơi <br />\r\n  Hàng dừa cao nghiêng mơ   soi bóng sông <br />\r\n  Mộng ngày mai say sưa những ước mong <br />\r\n  Gái miền sông Hương   hẹn trai miền Cửu Long <br />\r\n  Hai ta ước thề xây thắm tình duyên quê ... </p>\r\n', '9/Tinhthamduyenque-NhuQuynh.mp3', 14, '2008-09-07', 0, 14, 9, 0);
INSERT INTO `webnhac_baihat` VALUES (74, 'Thương quá Việt Nam', '<p>Em nghe gì không hỡi em <br />\r\n  Con chim nó hót vang đầu hè <br />\r\n  Em   thấy gì không hỡi em <br />\r\n  Con chim nó múa trên cành tre <br />\r\n  <br />\r\n  Hót đi chim, hót   đi chim <br />\r\n  Hót cho mặt trời hồng quê ta <br />\r\n  Hót đi chim, hót đi chim <br />\r\n  Hót   cho đời nhọc nhằn trôi xa <br />\r\n  <br />\r\n  Chim trên đồng chim trên non <br />\r\n  Chim tung   cánh xóa tan sương mù <br />\r\n  Chim trong hồn chim trong tim <br />\r\n  Ôi thương quá tiếng   chim việt Nam <br />\r\n  <br />\r\n</p>\r\n<p>Hót đi chim, hót đi chim <br />\r\n  Hót cho mặt trời hồng quê ta <br />\r\n  Hót đi chim, hót đi chim <br />\r\n  Hót cho đời nhọc nhằn trôi xa</p>\r\n<p><br />\r\n  Hoa cúc vàng trên sân anh <br />\r\n  Xinh như áo mới em ngày nào <br />\r\n  Hoa nắng hồng trên quê anh <br />\r\n  Xinh như má thắm em ngày xanh <br />\r\n  <br />\r\n  Nắng   lên đi, nắng lên đi <br />\r\n  Nắng lên hồng nụ cười quê em <br />\r\n  Nắng lên đi, nắng lên   đi <br />\r\n  Nắng lên hồng ruộng mạ xanh thêm <br />\r\n  <br />\r\n  Hoa tim người hoa yêu thương <br />\r\n  Hoa thơm ngát thế gian đêm buồn<br />\r\n  Hoa trên đồi hoa trên môi <br />\r\n  Ôi thương   quá cánh hoa việt Nam <br />\r\n  <br />\r\n</p>\r\n<p>Nắng lên đi, nắng lên đi <br />\r\n  Nắng lên hồng nụ cười quê em <br />\r\n  Nắng lên đi, nắng lên đi <br />\r\n  Nắng lên hồng ruộng mạ xanh thêm <br />\r\n  <br />\r\n  Trăng   sáng ngời trên môi hoa <br />\r\n  Trăng lên tiếng hát vui đêm già <br />\r\n  Trăng sáng ngời   trên non xa <br />\r\n  Trăng xua bóng tối trong hồn ta <br />\r\n  <br />\r\n  Sáng lên trăng, sáng lên   trăng <br />\r\n  Sáng cho ngưởi tìm về bên nhau <br />\r\n  Sáng lên trăng, sáng lên trăng <br />\r\n  Sáng cho tình người nở đêm sâu <br />\r\n  <br />\r\n  Trăng muôn đời, trăng muôn nơi <br />\r\n  Trăng đem bóng mát cho muôn người <br />\r\n  Trăng thanh bình, trăng yên vui <br />\r\n  Ôi   thương quá ánh trăng Việt Nam <br />\r\n</p>\r\n<p>Sáng lên trăng, sáng lên trăng <br />\r\n  Sáng cho ngưởi tìm về bên   nhau <br />\r\n  Sáng lên trăng, sáng lên trăng <br />\r\n  Sáng cho tình người nở đêm sâu</p>\r\n<p>Bao nhiêu đèn bao nhiêu hoa <br />\r\n  Bao nhiêu nến thắp lên trong hồn <br />\r\n  Yêu quê Mẹ, yêu quê Cha <br />\r\n  Yêu luôn những mái tranh làng xa <br />\r\n  <br />\r\n  Thắp   tim lên, thắp tim lên <br />\r\n  Thắp cho tình người dậy trong ta <br />\r\n  Thắp tim lên,   thắp tim lên <br />\r\n  Thắp cho mặt trời dậy trong ta <br />\r\n  <br />\r\n  Yêu thương người yêu   thương ta <br />\r\n  Yêu luôn những thú hoang rừng già <br />\r\n  Yêu bạn bè như yêu ta <br />\r\n  Ôi   thương quá trái tim Việt Nam </p>\r\n', '9/ThuongQuaVietNam-QuangLinh.mp3', 18, '2008-09-07', 0, 8, 9, 0);
INSERT INTO `webnhac_baihat` VALUES (75, 'Trống cơm', '<p>Tình bằng có cái trống cơm <br />\r\n  Khen ai khéo vỗ <br />\r\n  Ố mấy bông mà   nên bông <br />\r\n  Ố mấy bông mà nên bông <br />\r\n  Một đàn tang tình con xít <br />\r\n  Một đàn   tang tình con xít <br />\r\n  Ố mấy lội, lội, lội sông <br />\r\n  Ố mấy đi tìm, em nhớ thương   ai <br />\r\n  Đôi con mắt ố mấy lim dim <br />\r\n  Đôi con mắt ố mấy lim dim <br />\r\n  Một bầy tang   tình con nhện <br />\r\n  Ô ố ô ô mấy giăng tơ <br />\r\n  Giăng tơ ô mấy đi tìm, em nhớ thương   ai <br />\r\n  Duyên nợ khách tang bồng <br />\r\n  Duyên nợ khách tang bồng.</p>\r\n', '9/Trongcom-NhuQuynh.mp3', 14, '2008-09-07', 0, 1, 9, 0);
INSERT INTO `webnhac_baihat` VALUES (76, 'Trót dại', '', '9/Trotdai-NhuQuynh.mp3', 14, '2008-09-07', 0, 1, 9, 0);
INSERT INTO `webnhac_baihat` VALUES (77, 'Lời cha', '', '10/LoiCha.mp3', 0, '2008-09-08', 0, 1, 10, 0);
INSERT INTO `webnhac_baihat` VALUES (78, 'Lời Mẹ Ru', '', '10/LoiMeRu.mp3', 0, '2008-09-08', 0, 1, 10, 0);
INSERT INTO `webnhac_baihat` VALUES (79, 'Lời ru nào mẹ đã ru con', '', '10/LoiRuNaoMeDaRuCon.mp3', 0, '2008-09-08', 0, 1, 10, 0);
INSERT INTO `webnhac_baihat` VALUES (80, 'Lòng Mẹ', '', '10/LongMe_HuongLan.mp3', 9, '2008-09-08', 0, 1, 10, 0);
INSERT INTO `webnhac_baihat` VALUES (81, 'Một đời cho con', '', '10/MotDoiChoCon_NguyenPhiHung.mp3', 20, '2008-09-09', 0, 1, 10, 0);
INSERT INTO `webnhac_baihat` VALUES (82, 'Người cha', '', '10/NguoiCha_ThienKim.mp3', 21, '2008-09-09', 0, 1, 10, 0);
INSERT INTO `webnhac_baihat` VALUES (83, 'Những ô cửa xanh', 'Bầy chim trắng vẫn thường qua những vụn bánh Cha   thả trên sân<br />\r\nTừng chậu hoa như bạn thân, yên lắng cùng Cha bên mùa   xuân<br />\r\nTừng trang sách Cha lật qua đưa con chạm đến bao vương quốc xa<br />\r\nNhững   câu chuyện theo con suốt đời, kể những giấc mơ bất đầu từ những ô cửa   xanh.<br />\r\n<br />\r\nCuộc sống đôi khi buồn tênh, năm tháng vụt qua không là cổ   tích<br />\r\nTình yêu đôi khi lìa xa, tích tắc thời gian quá mỏng manh<br />\r\nNhưng làm   sao có thể quên giây phút được Cha công kênh trên vai<br />\r\nNhững con đường mang   tên khát vọng mở những tương lai, bắt đầu từ những ô cửa xanh.<br />\r\n<br />\r\nCùng ngồi   bên con trong chiều mưa, cuốn phim ngày cũ nhắc lại năm xưa. <br />\r\nThấy quanh con   bao đổi thay và Cha cũng vậy, tóc bạc nhiều<br />\r\nNói với Mẹ và những người thân,   thấy nồng nàn tình Cha rất gần.<br />\r\n<br />\r\nCùng về bên Cha như ngày xưa, ngỡ như chỉ   có hai người trong mưa. <br />\r\nThấy bên con là tình yêu và quên tất cả bao vất vả. <br />\r\nBỗng thấy mình như năm mười bốn, đứng chập cững dưới hiên nhà Cha. <br />\r\nNghe   âm vang giọng nói hay là dòng sông đi xa hơn nữa<br />\r\nNhững giấc mơ tình yêu vỡ oà   đôi khi rất nhanh<br />\r\nHãy yêu cuộc sống như Cha hằng yêu, những giờ gần con và   những ô cửa xanh.<br />\r\n', '10/NhungOCuaXanh-NguyenPhiHung.mp3', 20, '2008-09-09', 0, 17, 10, 0);
INSERT INTO `webnhac_baihat` VALUES (84, 'Ơn nghĩa sinh thành', '<p>Uống nước nhớ nguồn<br />\r\n  Làm con phải hiếu <br />\r\n  Ai ơi hãy nhớ năm   xưa<br />\r\n  Những ngày còn thơ<br />\r\n  Công ai nuôi dưỡng.</p>\r\n<p>Công đức sinh thành<br />\r\n  Người ơi đừng quên<br />\r\n  Công cha như núi   Thái Sơn<br />\r\n  Nghĩa mẹ như nước<br />\r\n  Trong nguồn chảy ra.</p>\r\n<p>Người ơi, làm người ở trên đời<br />\r\n  Nhớ công người sinh   dưỡng<br />\r\n  Đó mới là hiền nhân.<br />\r\n  Vì đâu, anh nên người tài ba<br />\r\n  Hãy nhớ công   sinh thành<br />\r\n  Vì ai, mà có ta?</p>\r\n<p>Uống nước nhớ nguồn<br />\r\n  Làm con phải hiếu<br />\r\n  Công cha như núi   Thái Sơn<br />\r\n  Nghĩa mẹ như nước<br />\r\n  Trong nguồn chảy ra... </p>\r\n', '10/OnNghiaSinhThanh.mp3', 0, '2008-09-09', 0, 13, 10, 0);
INSERT INTO `webnhac_baihat` VALUES (85, 'Tình cha', '<div>Tình Cha ấm   áp như vầng Thái Dương <br />\r\n  Ngọt ngào như giòng nước tuôn đầu nguồn <br />\r\n  Suốt đời   vì con gian nan, <br />\r\n  Ân tình đậm sâu bao nhiêu, Cha hỡi Cha già dấu yêu <br />\r\n  <br />\r\n  Và con nhớ mãi những ngày tháng qua <br />\r\n  Kỷ niệm năm nào khó phai trong   lòng <br />\r\n  Nhớ hoài tuổi thơ bên Cha, gian khổ ngày đêm chăm lo <br />\r\n  Mong muốn con   được lớn khôn <br />\r\n  Còn nhớ những ngày ấy, những đêm trường giá lạnh <br />\r\n  Và Cha   nằm ôm con sưởi ấm những canh dài <br />\r\n  Nhè nhẹ hôn con và Cha khẽ nói: Này con   yêu ơi... <br />\r\n  Con hãy nhớ.. hãy nhớ... lời Cha sống cho nên người <br />\r\n  và con hãy   chớ bao giờ dối gian <br />\r\n  Nghèo thì cho sạch rách sao cho thơm! <br />\r\n  Những lời của   Cha năm xưa <br />\r\n  Con nguyện ghi sâu trong tim <br />\r\n  Cha hỡi Cha già dấu   yêu...</div>\r\n', '10/TinhCha_CheLinh.mp3', 23, '2008-09-09', 0, 1, 10, 0);
INSERT INTO `webnhac_baihat` VALUES (86, 'Tình cha như biển trời', '', '10/TinhChaNhuBienTroi-HieuNgoc.mp3', 24, '2008-09-09', 0, 1, 10, 0);
INSERT INTO `webnhac_baihat` VALUES (87, 'Tình Cha', 'Người là vầng Thái Dương<br />\r\nKhông như mẹ hiền trăng rằm dịu mát<br />\r\nNgười là ngọn   núi cao<br />\r\nÐứng che bão bùng cho rừng mãi xanh<br />\r\nTình người thật lớn lao<br />\r\nLấy   chi đo lường lòng Cha kính yêu<br />\r\nMặt Người giá băng, dấu trong tâm hồn chan   chứa yêu thương<br />\r\n<br />\r\nÐK.:<br />\r\nCha muốn cho con nên người, mà nghiêm khắc hơn mẹ   yêu<br />\r\nCha giúp cho con cuộc đời, đừng lạc bước chân trong màn đêm<br />\r\nNgười vui   lúc con thơ ngoan hiền<br />\r\nNgười thương lúc con thơ học hành<br />\r\nTình Cha mấy ai   nào biết đâu<br />\r\nTừng ngày lặng lẽ qua, biết bao êm đềm bên tình của Cha<br />\r\nLòng   bùi ngùi xót xa, nhớ xưa dại khờ vô tình lãng quên<br />\r\nNgười vì hạnh phúc   con,đắng cay muôn phần,chẵng than oán chi<br />\r\nTrọn đời nhớ ơn,chắp tay lạy Người,   Cha kính yêu ơi ...\r\n', '10/TinhCha-QuyLuan.mp3', 25, '2008-09-09', 0, 1, 10, 0);
INSERT INTO `webnhac_baihat` VALUES (88, 'Tình Mẹ', '<p>Khẽ ngắt nụ hồng cài lên mái tóc xanh mẹ yêu <br />\r\n  Tóc rối một đời   vì năm tháng chở che đời con<br />\r\n  Khi thơ ấu con nào đâu có biết<br />\r\n  Mẹ lặng lẽ   trong ngàn nỗi muộn phiền <br />\r\n  Dù bao gió mưa tình mẹ vẫn thiết tha êm đềm </p>\r\n<p>Mẹ là những tiếng hát ấm áp ru con khi đông lạnh về <br />\r\n  Mẹ là   những ánh nắng lấp lánh đưa con đi trên đường quê<br />\r\n  Để con khôn lớn lên dang   rộng đôi vai<br />\r\n  Rồi đưa chân bước đi theo từng đêm vui. <br />\r\n  Mẹ vẫn tha thứ dù   cho con mang bao nhiêu lầm lỗi<br />\r\n  Mẹ đã có phút dấu nước mắt cho con thơ ngây nụ   cười <br />\r\n  Mẹ đã có những lúc thức trắng cho con bao đêm ngủ say <br />\r\n  Ngày con nâng   bó hoa xinh chào tương lai<br />\r\n  Mẹ cô đơn đứng bên hiên đầy mưa bay<br />\r\n  Trên mỗi   bước đi, xin mãi khắc ghi tình mẹ bao la biển trời</p>\r\n', '10/TinhMe_MyTam.mp3', 26, '2008-09-09', 0, 16, 10, 0);
INSERT INTO `webnhac_baihat` VALUES (89, 'Tình mẹ', '', '10/TinhMe_TrangMyDung.mp3', 27, '2008-09-09', 0, 1, 10, 0);
INSERT INTO `webnhac_baihat` VALUES (90, 'Ba ông thầy bói', '', '5/BaOngThayBoi-VanHuong.mp3', 0, '2008-09-09', 0, 1, 5, 0);
INSERT INTO `webnhac_baihat` VALUES (91, 'Bông Lan', '', '5/BONGLANG.mp3', 0, '2008-09-09', 0, 1, 5, 0);
INSERT INTO `webnhac_baihat` VALUES (92, 'Buồng cau quê ngoại', '', '5/BuongcauqueNgoai.mp3', 0, '2008-09-09', 0, 1, 5, 0);
INSERT INTO `webnhac_baihat` VALUES (93, 'Con gái của mẹ', '', '5/CongaicuaMe.mp3', 0, '2008-09-10', 0, 1, 5, 0);
INSERT INTO `webnhac_baihat` VALUES (94, 'Chuyến tàu về quê ngoại', '', '5/Chuyentauvequengoai.mp3', 0, '2008-09-10', 0, 1, 5, 0);
INSERT INTO `webnhac_baihat` VALUES (97, 'Hoa trinh nữ', '', '5/Hoatrinhnu.mp3', 0, '2008-09-10', 0, 1, 5, 0);
INSERT INTO `webnhac_baihat` VALUES (98, 'Không phải tại chúng mình', '', '5/Khongphaitaichungminh.mp3', 0, '2008-09-10', 0, 1, 5, 0);
INSERT INTO `webnhac_baihat` VALUES (100, 'Lối cũ em về', '', '5/Loicuemve.mp3', 0, '2008-09-10', 0, 1, 5, 0);
INSERT INTO `webnhac_baihat` VALUES (101, 'Lưu Bình Dương Lễ', '', '5/LuuBinhDuongLe.mp3', 0, '2008-09-10', 0, 1, 5, 0);
INSERT INTO `webnhac_baihat` VALUES (102, 'Mai lỡ mình xa nhau', '', '5/Mailominhxanhau.mp3', 0, '2008-09-10', 0, 1, 5, 0);
INSERT INTO `webnhac_baihat` VALUES (103, 'Tâm sự nàng Buram', '', '5/TamsunangBuram.mp3', 0, '2008-09-10', 0, 1, 5, 0);
INSERT INTO `webnhac_baihat` VALUES (104, 'Tình nước', '', '5/TinhNuoc.mp3', 0, '2008-09-02', 0, 1, 5, 0);

-- --------------------------------------------------------

-- 
-- Table structure for table `webnhac_casi`
-- 

CREATE TABLE `webnhac_casi` (
  `idCS` int(11) NOT NULL auto_increment,
  `HoTenCS` varchar(255) NOT NULL,
  `urlHinhCS` varchar(255) NOT NULL,
  `GioiThieuCS` text NOT NULL,
  PRIMARY KEY  (`idCS`)
) ENGINE=MyISAM DEFAULT CHARSET=utf8 AUTO_INCREMENT=28 ;

-- 
-- Dumping data for table `webnhac_casi`
-- 

INSERT INTO `webnhac_casi` VALUES (1, 'Cẩm Ly', 'casi/camly.jpg', '<!DOCTYPE html PUBLIC "-//W3C//DTD XHTML 1.0 Transitional//EN" "http://www.w3.org/TR/xhtml1/DTD/xhtml1-transitional.dtd">\r\n<html xmlns="http://www.w3.org/1999/xhtml">\r\n<head>\r\n<meta http-equiv="Content-Type" content="text/html; charset=utf-8" />\r\n<title>Untitled Document</title>\r\n</head>\r\n\r\n<body>\r\n<p>Là ca sĩ độc quyền của Kim Lợi studio từ thời gian đầu đi hát -   những năm đầu của thập niên 90</p>\r\n<p>Từ giải nhất song ca cùng Minh Tuyết tại nhà hát Hòa Bình vào   năm 1993, Cẩm Ly bắt đầu sự nghiệp ca hát bằng hợp đồng độc quyền với Kim Lợi   studio, và xuất hiện cùng người em gái Minh Tuyết, hình thành nên đôi song ca   Minh Tuyết - Cẩm Ly, trong các chương trình video ca nhạc Tình Xuân, Tình Đã Bay   Xa do Kim Lợi studio thực hiện.</p>\r\n<p>Sau khi Minh Tuyết sang Mỹ du học, năm 1997, Cẩm Ly tạm nghỉ hát   một thời gian vì lý do sức khỏe. Đến năm 1998, Cẩm Ly xuất hiện trở lại trên sân   khấu ca nhạc và phát hành được 2 album cùng nam ca sĩ Cảnh Hàn. Năm 1999, sự   thành công của đôi song ca Đan Trường - Cẩm Ly đánh dấu một bước chuyển mới rõ   rệt của Cẩm Ly.</p>\r\n<p>Tháng 7/2001, Cẩm Ly trở thành ca sĩ Việt Nam đầu tiên có chương   trình DVD và đây cũng là thời điểm cô xác lập cho mình một phong cách ổn định,   hoàn toàn tách ra độc lập với Đan Trường. Cẩm Ly hiện là ca sĩ độc quyền thành   công nhất của Kim Lợi studio. </p>\r\n<p>Cẩm Ly là ca sĩ đầu tiên thực hiện liveshow miễn phí phục vụ   sinh viên &quot;Vòng Quanh Ký Túc Xá&quot; trong hai năm 2003, 2004. Cẩm Ly cũng đã gặt   hái cho mình nhiều thành công qua các cuộc thi, bình chọn âm nhạc lớn như: Giải   thưởng Làn Sóng Xanh, Giải thưởng VTV Bài hát tôi yêu, Giải Mai Vàng... Năm   2005, Cẩm Ly lại vinh dự nhận được giải thưởng Top 10 Ca sĩ được yêu thích và   bình chọn nhiều nhất của Làn Sóng Xanh.</p>\r\n</body>\r\n</html>\r\n');
INSERT INTO `webnhac_casi` VALUES (2, 'Cẩm Vân', 'casi/camvan.jpg', '<!DOCTYPE html PUBLIC "-//W3C//DTD XHTML 1.0 Transitional//EN" "http://www.w3.org/TR/xhtml1/DTD/xhtml1-transitional.dtd">\r\n<html xmlns="http://www.w3.org/1999/xhtml">\r\n<head>\r\n<meta http-equiv="Content-Type" content="text/html; charset=utf-8" />\r\n<title>Untitled Document</title>\r\n</head>\r\n\r\n<body>\r\n<p>Một ca sĩ trưởng thành từ các phong trào ca nhạc quần chúng, dần   dần khẳng định mình là một ca sỹ chuyên nghiệp, với chất giọng khỏe và trữ   trình, Cẩm Vân đã làm biết bao người hâm mộ ngẩn ngơ với bài hát &quot;Bài ca không   quên&quot;.</p>\r\n<p>Ngày 30 tháng 4 năm 1975, Cẩm Vân mới 16 tuổi, chỉ như một hạt   nhân văn nghệ ở khu phố. Năm năm sau, đã là giọng ca chính cùng với Kim Yến   trong nhóm ca khúc chính trị toàn nữ mang tên 30 tháng 4. Năm năm sau, trở thành   một trong những ca sĩ được yêu mến nhất của cả nước. Rõ ràng là ca sỹ Cẩm Vân đã   có một chỗ đứng vững chắc trong lòng người yêu nhạc.</p>\r\n<p>Năm 1985, Cẩm Vân đoạt hai huy chương vàng liên tiếp trong liên   hoan ca múa nhạc thành phố và Hội diễn ca múa nhạc toàn quốc với những ca khúc   Rừng chiều (Vũ Thanh), Mùa xuân và Bài ca không quên (Phạm Minh Tuấn), Triệu đóa   hoa hồng, Người đàn bà hát, Định mệnh...</p>\r\n<p>Sau hơn 20 năm đứng trên sân khấu, Cẩm Vân được công chúng rất   yêu mến với những ca khúc Huyền thoại mẹ, Sóng về đâu (Trịnh Công Sơn), Hà Nội   mùa vắng những cơn mưa (Trương Quý Hải).</p>\r\n<p>Ca sỹ Cẩm Vân có một lợi thế so với các bạn đồng nghiệp khác là   có một gia đình đều đi theo nghiệp &quot;cầm ca&quot;, chồng là ca sỹ Khắc Triệu, vì vậy   hai người rất dễ thông cảm và hỗ trợ cho nhau trong nghề nghiệp. </p>\r\n<p>Gần đây chị thường cùng với chồng biểu diễn chung tại các tụ   điểm âm nhạc trong TP HCM như Sân khấu 126, Trống đồng, Nhà Hát Hòa Bình với   những bài hát đang được mọi người yêu thích như Hà Nội mùa vắng những cơn mưa,   Hoa tím ngày xưa, Ngày em đến, điệu buồn ngàn năm... Ở đâu chị cũng luôn nhận   được sự cổ vũ và tán thưởng của khán giả.</p>\r\n</body>\r\n</html>\r\n');
INSERT INTO `webnhac_casi` VALUES (3, 'Khánh Ly', 'casi/khanhly.jpg', '\r\n<p>Khánh Ly sinh ngày 6 tháng 3 năm   1945, tên thật là Nguyễn Thị Lệ Mai. Hiện cư ngụ tại Cerritos California, Hoa   Kỳ. Phu quân của Khánh Ly là cựu ký giả, nhà văn, nhà báo Nguyễn Hoàng Đoan.   Khánh Ly có 4 người con, 2 trai 2 gái, đều đã trưởng thành.<br />\r\n    <br />\r\n  Năm 1954, lúc   9 tuổi - trước khi theo mẹ di cư vào Nam - trong một Kermesse được tổ chức ở Hà   Nội, Khánh Ly đã leo lên sân khấu tham dự cuộc thi hát được dựng lên theo kiểu   tuyển lựa ca sĩ bây giờ. Ngày ấy, bé Lệ Mai hát bài &quot;Thơ Ngây&quot; học lóm từ những   cửa hàng trên con phố Hàng Bông, nhưng bé không được giải gì cả.<br />\r\n  <br />\r\n  Cuối năm   1956, dù mới khoảng 11-12 tuổi nhưng với niềm đam mê ca hát có được từ bé, một   lần nữa Lệ Mai quyết định đi thi hát. Lệ Mai chuẩn bị đến với cuộc thi quan   trọng của mình bằng cuộc quá giang xe rau chở bắp cải đi từ Đà Lạt về Sài Gòn để   ghi danh dự buổi tuyển lựa ca sĩ nhi đồng do đài Pháp-Á tổ chức tại rạp Norodom.   Em bé Lệ Mai hát bài &quot;Ngày Trở Về&quot; của nhạc sĩ Phạm Duy và đoạt giải nhì, sau   thần đồng Quốc Thắng.<br />\r\n  <br />\r\n  Năm 1962, Khánh Ly thật sự bước vào cuộc đời ca hát   của mình. Cô bắt đầu trình diễn ở phòng trà Anh Vũ trên đường Bùi Viện, Sài Gòn.   Khoảng cuối năm 1962, Khánh Ly rời Sài Gòn lên hát cho một Night Club ở Đà Lạt   và cô ở lại đó suốt 6 năm.<br />\r\n  <br />\r\n  Năm 1964, tại Đà Lạt, Khánh Ly gặp một người   nhạc sĩ nghèo. Anh đến với cô bình thản như cơn mưa dầm của Đà Lạt vào đêm hôm   đó. Qua vài câu chuyện, cô và nhạc sĩ trở thành hai người bạn. Người bạn ấy   không ai khác, đó là nhạc sĩ Trịnh Công Sơn. Rất nhiều lần Trịnh Công Sơn đề   nghị Khánh Ly về Sài Gòn đi hát với ông nhưng cô đều từ chối bởi cô yêu Đà Lạt,   sự yên tĩnh thanh bình của Đà Lạt đã quyến luyến bước chân cô, không như Sài Gòn   vốn đông người và luôn nhộn nhịp. Nhưng nếu tin vào định mệnh thì cuộc gặp gỡ   của Khánh Ly và Trịnh Công Sơn tuy bình thản, giản dị là thế song đã trở thành   định mệnh của cuộc đời Khánh Ly, là khoảnh khắc lịch sử không riêng của Khánh Ly   mà còn của nền âm nhạc nước nhà.<br />\r\n  <br />\r\n  Bởi định mệnh nên đến năm 1967, như một   sự tình cờ, Khánh Ly gặp lại nhạc sĩ Trịnh Công Sơn giữa giòng người đi lại trên   đường Lê Thánh Tôn, Sài Gòn, vào một buổi chiều êm ả. Từ một đêm mưa của Đà Lạt   đến một buổi chiều trên đường phố Sài Gòn, tất cả đã bắt đầu. Ngay chiều ấy,   trên nền gạch đổ nát có một quán lá sơ sài được dựng lên với cái tên là Quán   Văn. Ca sĩ Khánh Ly bắt đầu hát với nhạc sĩ Trịnh Công Sơn tại đây.<br />\r\n  <br />\r\n  Kể từ   năm 1967, Khánh Ly chính thức đi hát với Trịnh Công Sơn. Khánh Ly và Trịnh Công   Sơn đã có những buổi trình diễn ngoài trời cho sinh viên tại Quán Văn nằm trên   bãi đất rộng sau trường đại học Văn Khoa Saigon. Qua giọng hát khàn đục và quyến   rũ của Khánh Ly với những tình khúc và ca khúc da vàng của Trịnh Công Sơn đã làm   bàng hoàng ngây ngất cả một thế hệ trẻ vào hai năm cuối của thập niên 60 và tiếp   tục như thế ở những năm đầu của thập niên 70, đánh dấu sự thành công tuyệt đỉnh   vinh quang của giòng nhạc Trịnh Công Sơn-tiếng hát Khánh Ly. Sau đó, họ tiếp tục   trình diễn khắp nơi trên đất nước Việt Nam và nhất là trong sân cỏ trường đại   học - nơi Khánh Ly được mệnh danh là &quot;Nữ Hoàng Chân Đất&quot; hay &quot;Nữ Hoàng Sân   Cỏ&quot;.<br />\r\n  <br />\r\n  Từ năm 1967 đến 1975, Khánh Ly hợp tác với nhiều băng nhạc tại Sài   Gòn, thâu âm nhiều bài hát trong các cuộn băng của Chương trình Phạm Mạnh Cương,   Trung tâm Trường Sơn, Băng nhạc Sơn Ca, Hoạ Mi, Băng nhạc Jo Marcel,   ....<br />\r\n  <br />\r\n  Năm 1968, Khánh Ly mở Hội Quán Cây Tre ở Đakao, số 2bis đường Đinh   Tiên Hoàng, Sài Gòn. Đây là nơi tụ họp của các văn nghệ sĩ và các sinh viên học   sinh yêu văn nghệ yêu tiếng hát Khánh Ly, và đây cũng là nơi tổng phát hành   những cuốn băng nổi tiếng &quot;Trịnh Công Sơn-Khánh Ly hát cho Quê Hương Việt   Nam&quot;.<br />\r\n  <br />\r\n  Năm 1969, Khánh Ly và Trịnh Công Sơn được mời đi lưu diễn tại Âu   Châu. Khánh Ly là nữ ca sĩ Việt Nam đầu tiên trình diễn tại đây cũng như các   nước trên toàn cầu. <br />\r\n  <br />\r\n  Cuối năm 1970, Khánh Ly trình diễn tại Hoa Kỳ,   Gia-Nã-Đại và Nhật Bản. Lúc bấy giờ, Nippon Columbia đã mời Khánh Ly trực tiếp   cộng tác tại Nhật Bản để trình diễn ở Osaka Fair. Khánh Ly đã thu vào đĩa vàng   tại Nhật hai nhạc phẩm của Trịnh Công Sơn đó là &quot;Diễm Xư&quot; và &quot;Ca Dao Mẹ&quot; được   chuyển dịch sang tiếng Nhật. Tiếp tục cuộc &quot;du ca&quot; với cây đàn của Trịnh Công   Sơn, họ đã có những buổi trình diễn trong các trường đại học lớn. Những buổi   này, Khánh Ly trở thành &quot;Nữ Hoàng có giọng ca nhừa nhựa&quot;.<br />\r\n  <br />\r\n  Trong những lần   trình diễn như thế, có khi kéo dài đén cả 4-5 giờ đồng hồ, Khánh Ly đã hát say   mê hơn 45 nhạc phẩm của Trịnh Công Sơn để đáp lại lời yêu cầu của giới thưởng   ngoạn.<br />\r\n  <br />\r\n  Năm 1970, ngọn lửa chiến tranh bắt đầu lan tràn khắp mọi nơi.   Trịnh Công Sơn đã viết lên những bản &quot;Phản Chiến Ca&quot; để nói lên niềm hy vọng cho   hoà bình, cho đất nước và con người Việt Nam. Với tâm huyết của một Người Con   Gái Việt Nam Da Vàng, Khánh Ly yêu quê hương như yêu đồng lúa chín, và để chia   sẻ nỗi niềm khao khát hoài bình, tự do chung cho cả một dân tộc bằng những ca   khúc đấu tranh đầy phẩn nộ &quot;Khánh Ly hát cho Quê Hương Việt Nam&quot;.<br />\r\n  <br />\r\n  Ngoài   ra, Khánh Ly còn đóng góp rất nhiều công sức trong việc trình diễn của mình cho   các hội đoàn, hội công giáo Việt Nam bằng những buổi ca nhạc để gây dựng công   quỹ cho các chương trình như: xây chùa, nhà thờ, trại mồ côi, trại tị nạn ở khắp   mọi nơi.<br />\r\n  <br />\r\n  Năm 1972, Khánh Ly đã mở riêng cho mình một phòng trà ca nhạc   mang tên Khánh Ly trên đường Tự Do, số 1214 tại thành phố Sài Gòn.<br />\r\n  <br />\r\n  Năm   1975, Khánh Ly cùng gia đình rời Việt Nam tìm tự do và định cư tại Hoa Kỳ, thành   phố Cerritos, CA cho đến bây giờ.<br />\r\n  <br />\r\n  Khánh Ly, tuy phải theo đời cơm áo, mai   ra cùng phố xôn xao, bỏ lại những yêu dấu tan theo nhưng Khánh Ly cũng không   ngưng phát triển Kiếp Cầm Ca. Trung tâm băng nhạc Khánh Ly đã thành lập, cho ra   đời những đĩa nhạc châu ngọc quý báu để đóng góp trong làng âm nhạc Việt Nam tại   hải ngoại. Khánh Ly Productions đã phát hành hơn 50 đĩa nhạc, 4 cuốn băng video.   Ngoài ra, Khánh Ly còn thu băng cho các trung tâm băng nhạc nổi tiếng khác như   Asia Productions, Thuý Nga Paris, Mây Productions, ..vv..vv.<br />\r\n  <br />\r\n  Năm 1979,   hãng đĩa Nippon Columbia đã mời Khánh Ly thu băng lần thứ nhì qua các nhạc phẩm   của nhạc sĩ Trịnh Công Sơn. Lần này, đĩa vàng được ấn bản hơn 2 triệu đĩa tại   Nhật.<br />\r\n  <br />\r\n  Năm 1987, Khánh Ly một lần nữa đến thăm Nhật Bản và thực hiện một   chương trình cho Thuyền Nhân Vượt Biển &quot;Boat People&quot;, qua nhiều nhạc phẩm khác   nhau, trong đó có bài &quot;Đêm Chôn Dầu Vượt Biển&quot; của Châu Đình An.<br />\r\n  <br />\r\n  Năm   1988, Khánh Ly được mời đến Vatican cho một buổi lễ &quot;Xưng danh 117 vị mục sư   Việt Nam&quot; và lần này niềm vinh dự lớn dành cho Khánh Ly, người con ngoan đạo đã   được gặp Đức Giáo Hoàng Pope John Paul đệ nhị.<br />\r\n  <br />\r\n  Năm 1989, sau khi bức   tường Bá Linh bị phá bỏ, Khánh Ly và bạn là ca sĩ Thanh Tuyền đã hát trong   chương trình nhạc đầu tiên ở Đông Đức.<br />\r\n  <br />\r\n  Năm 1990, Khánh Ly là ca sĩ đầu   tiên hát ở những quốc gia như Nga, Ba Lan và Tiệp Khắc, ...<br />\r\n  <br />\r\n  Năm 1992,   Khánh Ly được mời tới dự ngày Hội Thiếu Niên Thế Giới được tổ chức ở Denver,   Colorado. Khánh Ly đã trình diễn cho buổi thánh lễ trong dịp này. Đây là lần thứ   hai Khánh Ly được gặp Đức Giáo Hoàng Pope John Paul đệ nhị và là niềm vinh dự   lớn lao cho người con ngoan đạo như Khánh Ly.<br />\r\n  <br />\r\n  Năm 1996, cuối mùa Thu,   Khánh Ly nói lên cho toàn thế giới, trái tim nhân loại, cho mọi người cùng nghe   bằng một nhạc phẩm &quot;Có Tin Vui Giữa Giờ Tuyệt Vọng&quot; của nhạc sĩ Trầm Tử Thiêng   để cảm ơn một tình thương nhân loại. Chính phủ Phi Luật Tân đã chấp nhận cho   người Việt tị nạn ở lại ngay trên đất nước của họ trong &quot;Làng Việt Nam&quot; được xây   bên ngoài Việt Nam... Tạ ơn trên Người đã cứu người.<br />\r\n  <br />\r\n  Cũng năm 1996, Đài   truyền hình NKH ở Nhật Bản đã chọn Khánh Ly là một trong 10 nhân vật nổi tiếng   để làm phim tài liệu về cuộc đời và gia đình Khánh Ly. Cuốn phim tài liệu này   dài 50 phút, được đạo diễn bởi Hideo Kado.<br />\r\n  <br />\r\n  Năm 1997, NKH chọn cuốn phim   tài liệu cuộc đời Khánh Ly, người đầu tiên trong 10 nhân vật nổi tiếng như   Gandhi, Gucci, Martin Luther King Jr''s wife... đề chiếu trên đài truyền hình   Nhật Bản ngày 29 tháng 4 năm 1997.<br />\r\n  <br />\r\n  Vào tháng 9 năm 1997, quyển sách về   cuộc đời của Khánh Ly, dày 270 trang, viêt bằng tiếng Nhật được đài truyền hình   NKH phát hành và bán tại Nhật Bản.<br />\r\n  <br />\r\n  Về phần mình, từ năm 1976, ngoài phần   ca hát, Khánh Ly thường chia sẻ tâm tình của cô với với khán-thính giả qua những   bài viết hàng tuần đã được đăng trên những tờ tạp chí quen thuộc ở hải ngoại như   tờ Hồn Việt, Thời Báo, Báo Mai, Văn Nghệ Tự Do, Văn Nghệ magazine...vv. Dù Khánh   Ly không bao giờ nhận mình là nhà văn nhà báo nhưng trong giới văn bút, có lẽ   Khánh Ly được coi là người cầm bút &quot;đột xuất&quot; duyên dáng nhất. Những bài viết   &quot;Bên Đời Hiu Quạnh&quot; của cô viết về những vui buồn của đời nghệ sĩ rất vui và rất   dễ thương. Khánh Ly viết dễ dàng như Khánh Ly hát đã đem đến cho người đọc một   cảm giác thật nhẹ nhàng và thích thú.<br />\r\n  <br />\r\n  Khánh Ly... đời vẫn hát...hát mãi   cho người mua vui.<br />\r\n  <br />\r\n  Cuối mùa Xuân năm 2001 - ngày 1 tháng 4, tại quê nhà,   một người đã vĩnh viễn ra đi. Ông ra đi để lại nỗi nhớ mênh mang cho bao người ở   lại, để lại gia tài nghệ thuật vô giá cho người, cho đời. Vậy mà, với một người,   một nửa đã mất đi. Nhạc sĩ Trịnh Công Sơn qua đời vào ngày 1 tháng 4 năm 2001.   Hồn lìa khỏi xác người ta có còn sống được không. Bóng và Hình chia lìa nhau như   thế.<br />\r\n  <br />\r\n  Khánh Ly bày tỏ nỗi đau thương, lòng biết ơn qua từng lời ca, giọng   nói. Bao năm rồi, những bài hát ấy chất chứa nhiều kỷ niệm của cô và nhạc sĩ.   Bất cứ nơi nào, buổi hát nào cô cũng hát bài nào đó của ông vậy mà sao lời ca   quen thuộc lại đứt quãng nửa chừng, &quot;cổ họng bằng vàng&quot; không vượt qua nổi những   cái nấc âm thầm, lặng lẽ....<br />\r\n  <br />\r\n  Dẫu tuổi không còn trẻ, sức không còn dài   như ngày xưa đã có, Khánh Ly vẫn sống cùng những ngày tháng của mình bằng tình   cảm chân thành, trân quý, niềm tri ân với những người ơn, người bạn và với   khán-thính giả khắp nơi dành cho Khánh Ly tình yêu thương vô bờ bến. Ngày 27   tháng 9 năm 2003, Phố Xưa ra đời - cũng là một trong những điều như   thế.</p>\r\n<p align="left">Khánh Ly... đời mãi hát...   hát cho đời, cho người - hát với người, cùng người... mãi hát...</p>\r\n');
INSERT INTO `webnhac_casi` VALUES (4, 'Quang Dũng', 'casi/quangdung.jpg', '<!DOCTYPE html PUBLIC "-//W3C//DTD XHTML 1.0 Transitional//EN" "http://www.w3.org/TR/xhtml1/DTD/xhtml1-transitional.dtd">\r\n<html xmlns="http://www.w3.org/1999/xhtml">\r\n<head>\r\n<meta http-equiv="Content-Type" content="text/html; charset=utf-8" />\r\n<title>Untitled Document</title>\r\n</head>\r\n\r\n<body>\r\n<p>Quang Dũng, tên thật là Thái Văn Dũng, sinh ngày 8/8 tại Quy Nhơn,   Bình Định. Bắt đầu sự nghiệp ca hát vào năm 1998 tại TPHCM. Quang Dũng phù hợp   với những ca khúc có giai điệu nhẹ nhàng, trầm lắng và cũng là một trong số rất   ít nam ca sĩ thành công với những nhạc phẩm của nhạc sĩ Trịnh Công Sơn.:</p>\r\n<p>Những năm đầu thập kỷ 90, khi còn là học sinh phổ thông, Quang   Dũng thường đến hát tại quán cà phê Thu Vàng trên đường Trần Cao Vân, thành phố   Quy Nhơn. Chỉ là hát chơi, không có cát-sê. Trong một đêm nhạc tổ chức nhân sinh   nhật nhạc sĩ Trịnh Công Sơn, Quang Dũng ngẫu hứng lên hát, được mọi người khen   và cổ vũ nồng nhiệt. </p>\r\n<p>Có được sự tự tin, năm 1997, Dũng ghi tên dự thi Tiếng hát   Truyền hình Bình Định và đạt giải nhì. Năm 1998, Quang Dũng được Sở Văn hoá tỉnh   cử làm đại diện tham dự cuộc thi Giọng hát hay các tỉnh miền Trung - Tây Nguyên   tại Huế và anh đã giành một huy chương vàng.</p>\r\n<p>Tháng 8/1998, Quang Dũng vào Sài Gòn theo lời mời cộng tác của   ông chủ phòng trà Đồng Dao. Thời gian đầu, anh gặp không ít khó khăn, một phần   vì chưa kịp thích nghi với nhịp sống mới, một phần vì giọng hát, phong cách biểu   diễn và những bài hát xưa mang nặng chất tự sự mà Dũng chọn trình bày có vẻ lạc   lõng giữa lúc dòng nhạc thị trường dễ dãi đang chiếm ưu thế. Đã có những lần   Quang Dũng cũng chạy theo thị hiếu, hát những bài đang ăn khách.</p>\r\n<p>May mắn đến với Quang Dũng khi anh có dịp hát nhạc Trịnh tại   quán Nhạc Sĩ với sự hiện diện của nhạc sĩ Trịnh Công Sơn. Quang Dũng đã hát Diễm   xưa, Biển nhớ..., được Trịnh Công Sơn khen ngợi. Sau này, nhạc sĩ đã trực tiếp   chọn bài hát phù hợp với chất giọng của Quang Dũng và hướng dẫn anh cách thể   hiện tác phẩm.</p>\r\n<p>Năm 2001, ca khúc Biển nghìn thu ở lại được nhạc sĩ Trịnh Công   Sơn ký tặng, Quang Dũng đã chọn làm ca khúc chủ đề cho album riêng đầu tay của   mình do Bến Thành Audio phát hành. CD bán dè chừng, dần dà vượt con số 5.000   bản. Giọng hát của Quang Dũng bắt đầu được nhiều người chú ý qua các sáng tác   của Trịnh Công Sơn, Diệu Hương... </p>\r\n<p>Chọn những ca khúc ít nhiều mang tính suy tư, triết lý nhưng đều   là ca khúc hay của các nhạc sĩ thế hệ trước và một số nhạc sĩ trẻ như Trịnh Công   Sơn, Ngô Thuỵ Miên, Trần Tiến, Quốc Bảo, Vũ Quốc Việt, Việt Anh..., tuy không có   nhiều thuận lợi bằng các ca sĩ trẻ đồng trang lứa, nhưng Quang Dũng cũng đã có   lượng khán giả của riêng mình. </p>\r\n<p>Anh nhận được lời mời biểu diễn thường xuyên tại vũ trường   Liberty, Queen Bee, phòng trà Tiếng Tơ Đồng, M&amp;Tôi, M Saigon, Long Phụng,   Yesterday, sân khấu 126, Lan Anh, Phương Nam... và được mời tham gia nhiều   chương trình ca nhạc lớn như Nhịp cầu âm nhạc, Quà tặng âm nhạc, Làn Sóng Xanh,   Một thoáng Sài Gòn, Duyên dáng Việt Nam...</p>\r\n</body>\r\n</html>\r\n');
INSERT INTO `webnhac_casi` VALUES (5, 'Hồng Nhung', 'casi/hongnhung.jpg', '<!DOCTYPE html PUBLIC "-//W3C//DTD XHTML 1.0 Transitional//EN" "http://www.w3.org/TR/xhtml1/DTD/xhtml1-transitional.dtd">\r\n<html xmlns="http://www.w3.org/1999/xhtml">\r\n<head>\r\n<meta http-equiv="Content-Type" content="text/html; charset=utf-8" />\r\n<title>Untitled Document</title>\r\n</head>\r\n\r\n<body>\r\n<p>Theo học 3 năm ở Trường Nghệ Thuật Hà Nội, học thanh nhạc với   Giảng viên Mỹ Bình tại Nhạc Viện Hà Nội. </p>\r\n<p>Bắt đầu hát trong đội Họa Mi - Cung Văn Hóa Thiếu Nhi Hà Nội vào   năm 1980. Từ năm 1982, xuất hiện trên các đài Phát thanh, Truyền hình Việt Nam   và sân khấu ca nhạc thiếu nhi ở Hà Nội cũng như các tỉnh phía Bắc.</p>\r\n<p>Năm 21 tuổi, Hồng Nhung chuyển vào Sài Gòn và bắt đầu chinh phục   công chúng bằng chất giọng đẹp, truyền cảm, phong cách biểu diễn sinh động, luôn   tạo nét mới lạ trong từng ca khúc.</p>\r\n<p>Hơn 10 năm, người con đất Hà Nội - Ca sĩ Hồng Nhung đã thành   danh trên đất Sài Gòn và trở thành một &quot;thương hiệu&quot; được đảm bảo trong làng ca   nhạc Việt Nam.</p>\r\n<p>Gắn bó với dòng nhạc Trịnh từ những năm đầu thập niên 90, là   nguồn cảm hứng cho một số tình khúc Trịnh Công Sơn mà nổi bật là 3 bài hát về   Bống - biệt danh của ca sĩ Hồng Nhung : Bống Bồng ơi, Bống không là Bống, Thuở   Bống là Người.</p>\r\n</body>\r\n</html>\r\n');
INSERT INTO `webnhac_casi` VALUES (6, 'Lệ Thu', '', '');
INSERT INTO `webnhac_casi` VALUES (7, 'Trịnh Công Sơn', 'casi/tcs.jpg', '<p>Trịnh Công Sơn sinh ngày 28 tháng 2 năm 1939 tại Lạc Giao (cao nguyên miền   Trung Việt Nam). Ông mất vào 12g45 sáng ngày 1 tháng 4, 2001, tại Sài Gòn.</p>\r\n<p>Ông lớn lên ở Huế, tốt nghiệp tú tài ban Triết tại Chasseloup Laubat, Sài   Gòn.</p>\r\n<p>Trịnh Công Sơn tự học nhạc, bắt đầu sáng tác năm 1958 với tác phẩm đầu tay   Ướt Mi (NXB An Phú in năm 1959). Cho đến nay, nhạc sĩ đã sáng tác hơn 600 tác   phẩm, có thể được phân loại dưới 3 đề mục lớn: Tình Yêu -- Quê Hương -- Thân   Phận. </p>\r\n<p>Quan niệm sáng tác: &quot;<em>Tôi chỉ là 1 tên hát rong đi qua miền đất này để hát   lên những linh cảm của mình về những giấc mơ đời hư ảo..</em>.&quot; </p>\r\n');
INSERT INTO `webnhac_casi` VALUES (8, 'Vĩnh Trinh', 'casi/trinhvinhtrinh.jpg', '<p>Một nhan sắc mặn mà, gợi cảm, một giọng hát lên bổng xuống trầm   ngọt ngào của dòng nhạc Trịnh. </p>\r\n<p>Trịnh Vĩnh Trinh là em gái út của nhạc sĩ Trịnh Công Sơn Một   người thích hát và hát hay những bài hát của anh mình. Với phong cách từ tốn,   đoan trang.., chất Huế ở Trịnh Vĩnh Trinh vẫn đậm đặc sau gần 30 năm sống ở nước   ngoài. <br />\r\n    <br />\r\n  Nhạc phẩm thành công: Xin trả nợ người, Ru tình, Níu tay nghìn   trùng, Môi Hồng Đào, Người Về Bỗng Nhớ, ...</p>\r\n');
INSERT INTO `webnhac_casi` VALUES (9, 'Hương Lan', 'casi/huonglan.jpg', '<!DOCTYPE html PUBLIC "-//W3C//DTD XHTML 1.0 Transitional//EN" "http://www.w3.org/TR/xhtml1/DTD/xhtml1-transitional.dtd">\r\n<html xmlns="http://www.w3.org/1999/xhtml">\r\n<head>\r\n<meta http-equiv="Content-Type" content="text/html; charset=utf-8" />\r\n<title>Untitled Document</title>\r\n</head>\r\n\r\n<body>\r\n<p>Hương Lan là ca sĩ hải ngoại đầu tiên trở về quê hương, được cấp   giấy phép biểu diễn cũng như phát hành băng đĩa trong nước.</p>\r\n<p>Ca sĩ Hương Lan đóng góp rất nhiều vào các Quỹ Từ Thiện, hoạt   động nhân đạo trong và ngoài nước.</p>\r\n<p>12/1996, Cô chính thức về biểu diễn tại quê nhà lần đầu tiên,   trong chương trình ca nhạc kết hợp với Đoàn Thanh Niên về đề tài phòng chống   AIDS tại Hà Nội. Từ đó cô liên tục góp mặt trong nhiều chương trình lớn nhỏ   trong cả nước như : Duyên Dáng Việt Nam, Một Thoáng Sài Gòn, Hương Sắc Sài Gòn,   Nhịp Cầu Âm Nhạc, ...</p>\r\n<p>Với chất giọng mượt mà, truyền cảm, cùng với dòng nhạc trữ tình   mang âm hưởng dân ca, ca sĩ Hương Lan đã thu hút và chiếm được cảm tình của đông   đảo khán giả cả nước.</p>\r\n</body>\r\n</html>\r\n');
INSERT INTO `webnhac_casi` VALUES (10, 'Bích Phượng', 'casi/bichphuong.jpg', '<!DOCTYPE html PUBLIC "-//W3C//DTD XHTML 1.0 Transitional//EN" "http://www.w3.org/TR/xhtml1/DTD/xhtml1-transitional.dtd">\r\n<html xmlns="http://www.w3.org/1999/xhtml">\r\n<head>\r\n<meta http-equiv="Content-Type" content="text/html; charset=utf-8" />\r\n<title>Untitled Document</title>\r\n</head>\r\n\r\n<body>\r\n<p>Là cô con gái rượu của “ông hoàng vọng cổ” Út Trà Ôn, Bích Phượng   lại không đi theo nghiệp cải lương như người cha mà lại đi hát, thể hiện những   làn điệu dân ca Nam Bộ bằng giọng hát “mùi” và ngọt lịm.</p>\r\n<p>Gần 20 năm đi hát, gắn bó với sân khấu và những bài dân ca mượt   mà, khẳng định được tên tuổi và chỗ đứng trong nghề là điều không hề dễ dàng với   dòng nhạc mà chị theo đuổi – vốn ít công chúng và không ồn ào nếu so với dòng   nhạc nhẹ.</p>\r\n</body>\r\n</html>\r\n');
INSERT INTO `webnhac_casi` VALUES (11, 'Thu Hiền', 'casi/thuhien.jpg', '<!DOCTYPE html PUBLIC "-//W3C//DTD XHTML 1.0 Transitional//EN" "http://www.w3.org/TR/xhtml1/DTD/xhtml1-transitional.dtd">\r\n<html xmlns="http://www.w3.org/1999/xhtml">\r\n<head>\r\n<meta http-equiv="Content-Type" content="text/html; charset=utf-8" />\r\n<title>Untitled Document</title>\r\n</head>\r\n\r\n<body>\r\n<p>Tính đến nay, NSND Thu Hiền đã có trên 40 năm hoạt động nghệ thuật   và đã cho ra mắt hơn 20 album. </p>\r\n<p>1962, NSND Thu Hiền thi tuyển vào Đoàn Nghệ thuật Liên khu V.   1966, vào Đoàn Nghệ thuật Liên khu IV. NSND Thu Hiền đã từng có mặt ở nhiều   chiến trường ác liệt miền Trung trong những năm tháng tuổi trẻ của mình. Tuy   NSND Thu Hiền không sinh ra ở vùng đất này nhưng tiếng hát của NSND Thu Hiền đã   trưởng thành từ đây và rất thành công với ca ca khúc mang âm hưởng Trung bộ. </p>\r\n<p>Các ca khúc thành công: <em>Qua bến đò Quan, Một khúc tâm tình   người hà Tĩnh, Trông cây lại nhớ đến Người, Quảng Bình quê ta ơi, Tiếng hát trên   đường quê hương, Bài ca thống nhất, Lời Bác dặn trước lúc đi xa...</em></p>\r\n</body>\r\n</html>\r\n');
INSERT INTO `webnhac_casi` VALUES (12, 'Phi Nhung', 'casi/phinhung.jpg', '<p>Phi Nhung sinh ngày 10/4/1972 tại Pleiku, Việt Nam. Cô là con lai,   cha người Mỹ, mẹ người Việt. </p>\r\n<p>Phi Nhung đã trải qua tuổi ấu thơ đầy khó khăn và thử thách. Mẹ   mất khi cô mới chỉ 11 tuổi, để lại cho cô 5 đứa em thơ dại. Sau khi mẹ mất, 6   chị em Phi Nhung phải chuyển về ở cùng ông bà ngoại. Song, mọi nỗi khổ cực vẫn   chưa dừng lại ở đó. Trong khi biết bao đứa trẻ khác được cắp sách tới trường và   nô đùa bên nhau thì Phi Nhung phải bỏ học để làm thêm phụ giúp ông bà nuôi các   em thơ.</p>\r\n<p>Tháng 10/1989, Phi Nhung chuyển tới Tampa, Florida, Mỹ, sống   cùng với người dì ruột.</p>\r\n<p>Ngay từ tuổi ấu thơ, Phi Nhung đã có ước mơ trở thành ca sĩ. Và   ước mơ của cô dần trở thành hiện thực khi cô gặp Trizzie Phương Trinh, một nữ ca   sĩ nổi tiếng người Việt, khi Trizzie đang lưu diễn ở bang Florida. Nhận thấy   những tài năng của Phi Nhung, Trizzie đã khuyên Phi Nhung tới California để thực   hiện ước mơ của mình.</p>\r\n<p>Do còn quá lạ lẫm với đất nước này, Phi Nhung khi đó rất do dự.   Tuy nhiên, cuối năm 1993, cô đã chuyển tới sống ở quận Cam, bang California và   bắt đầu thực hiện giấc mơ trở thành ca sĩ.</p>\r\n<p>Lần xuất hiện đầu tiên trên sân khấu đã không thành công khiến   Phi Nhung sau đó đã có ý nghĩ từ bỏ giấc mơ của mình. Rất may, nhờ có sự khuyến   khích, động viên của nữ ca sĩ Hương Lan, Phi Nhung đã quyết định theo đuổi đến   cùng. Nhiều người bắt đầu yêu mến Phi Nhung sau khi nghe cô thể hiện nhạc phẩm   song ca &quot;Sông Quê 1&quot; cùng với nam ca sĩ nổi tiếng Thái Châu tại Hollywood Night   15. </p>\r\n<p>Năm 1998, Phi Nhung là nữ ca sĩ ra nhiều album nhất và kể từ đó   đến nay, Phi Nhung luôn lao động cực nhọc để không phụ lòng sự yêu mến của người   hâm mộ.</p>\r\n<p>Từ năm 2005, Phi Nhung chính thức được phép trở về biểu diễn tại   Việt Nam và trở thành ca sĩ độc quyền của trung tâm băng nhạc Rạng Đông.<br />\r\n</p>');
INSERT INTO `webnhac_casi` VALUES (13, 'Ngọc sơn', 'casi/ngocson.jpg', '<p>Cùng với Ngọc Hải và Ngọc Hà, ba anh em Ngọc sơn đã từng thực hiện   nhiều chương trình ca nhạc. </p>\r\n<p>Với giọng nam cao, ấm, khỏe có âm vựng khá rộng; với một phong   cách chuyên nghiệp Ngọc Sơn không chỉ để lại cho khán giả trong nước và quốc tế   ấn tượng với những ca khúc dân tộc đằm thắm, trữ tình mà anh còn có sức cuốn hút   bởi nhiều thể loại âm nhạc khác nhau như Pop, Rap, Rock....</p>\r\n<p>&quot;Sinh ra trong một gia đình nhà giáo nghèo, từ thuở còn là cậu   sinh viên năm thứ nhứt đại học Thanh Nhạc và đại học Ngoại Ngữ, để trở nên nổi   tiếng và thành công là nhờ cha mẹ, sự phấn đấu không ngừng của bản thân,... Một   điều quan trọng khiến cho Sơn phải luôn lao động để có ngày hôm nay, đó là tình   thương của khán giả và những người thân yêu,&quot; - đó là lời hồi âm của Ngọc Sơn   dành cho một khán giả ái mộ anh.</p>\r\n<p>Sự nghiệp ca hát của Ngọc sơn khá thành công với gần trăm dĩa CD   ca nhạc, album cá nhân, hoặc <br />\r\n  những tuyển tập trong 30 bài nhạc bằng tiếng   Việt hay nước ngoài do chính anh sáng tác.<br />\r\n</p>');
INSERT INTO `webnhac_casi` VALUES (14, 'Như Quỳnh', '', '');
INSERT INTO `webnhac_casi` VALUES (15, 'Phương Thanh', 'casi/phuongthanh.jpg', '<!DOCTYPE html PUBLIC "-//W3C//DTD XHTML 1.0 Transitional//EN" "http://www.w3.org/TR/xhtml1/DTD/xhtml1-transitional.dtd">\r\n<html xmlns="http://www.w3.org/1999/xhtml">\r\n<head>\r\n<meta http-equiv="Content-Type" content="text/html; charset=utf-8" />\r\n<title>Untitled Document</title>\r\n</head>\r\n\r\n<body>\r\n<p>Ít ai có thể ngờ chất giọng khàn khàn của Phương Thanh lại gây dấu   ấn đặc biệt trong hàng khán giả và đưa tên tuổi của cô sáng chói trên sân khấu   ca nhạc...</p>\r\n<p>Phương Thanh sinh ra ở Thanh Hóa, trong một gia đình có bảy anh   chị em. Trong những năm tháng cơ cực vất vả, ước mơ trở thành ca sĩ của Phương   Thanh tưởng chừng không bao giờ đạt được. Nhưng với tấm lòng đam mê mãnh liệt,   Phương Thanh gia nhập nhóm tam ca &quot;Sao Đêm&quot; cùng với Nguyên Lộc, Quốc Hùng, biểu   diễn ở các phòng trà. </p>\r\n<p>Dường như cô đặt cả trái tim mình vào từng lời ca, có lẽ chính   vì vậy mà cô chinh phục được mọi người. Và cô hấp dẫn chính bởi vẻ ngoài không   giống ai, bởi giọng hát không giống ai của mình. </p>\r\n<p>Giản dị, chân thành, cô hát như thể giải bày, để tâm sự, không   quần áo đẹp, không son phấn, tiếng hát cô như càng quyến rũ hơn bởi ngọn lửa   hừng hực đam mê toát ra từ bên trong. Nhưng mỗi khi nhạc trỗi lên, thì cô dường   như quên hết, quên cả đau, quên cả mệt nhọc, hát và nhảy hết bày này đến bài   khác nếu khán giả yêu cầụ. Có lẽ vì thế, cô là một trong số ít những cao sĩ trẻ   chiếm được cảm tình cuồng nhiệt của khán giả.</p>\r\n<p>Qua 2 liveshow chìm trong mưa (2001 và 2006) thì năm nay Phương   Thanh sẽ tuyên chiến với Mưa bằng Rain Show 2007. Đồng thời, 2 album mới là   &quot;Sang Mùa&quot; và &quot;Bolerio CD&quot; sẽ được phát hành vì theo chị năm 2008 không phải là   &quot;năm của Phương Thanh&quot;, cho nên những dự án âm nhạc mà chị đang ấp ủ sẽ được   &quot;tung&quot; ra hết vào cuối năm nay.</p>\r\n</body>\r\n</html>\r\n');
INSERT INTO `webnhac_casi` VALUES (16, 'Bằng Kiều', '', '');
INSERT INTO `webnhac_casi` VALUES (17, 'Ngọc Anh', '', '');
INSERT INTO `webnhac_casi` VALUES (18, 'Quang Linh', 'casi/quanglinh.jpg', '<!DOCTYPE html PUBLIC "-//W3C//DTD XHTML 1.0 Transitional//EN" "http://www.w3.org/TR/xhtml1/DTD/xhtml1-transitional.dtd">\r\n<html xmlns="http://www.w3.org/1999/xhtml">\r\n<head>\r\n<meta http-equiv="Content-Type" content="text/html; charset=utf-8" />\r\n<title>Untitled Document</title>\r\n</head>\r\n\r\n<body>\r\n<p>Quang Linh là một trong những giọng ca nam hàng đầu của Việt Nam   chuyên hát dòng nhạc trữ tình và các ca khúc mang âm hưởng dân ca.</p>\r\n<p>Hoạt động ca hát từ năm 19 tuổi tại Nhà Văn Hoá Thanh Niên Huế.   Từ 1996, Quang Linh chính thức cộng tác với Nhà hát Ca múa nhạc nhẹ Thăng Long   Hà Nội. Sau đó anh chính thức Nam tiến và tiếp tục phát triển sự nghiệp ca hát   của bản thân. Anh đã gặt hái được khá nhiều thành công trong sự nghiệp.</p>\r\n</body>\r\n</html>\r\n');
INSERT INTO `webnhac_casi` VALUES (19, 'Hoang Nam', '', '');
INSERT INTO `webnhac_casi` VALUES (20, 'Nguyễn Phi Hùng', 'casi/phihung.gif', '\r\n<p>Xuất thân là diễn viên múa ballet, tốt nghiệp Trường Múa Việt Nam   hệ 7 năm. Hiện là ca sĩ độc quyền của Trung tâm Tài Năng Mới.</p>\r\n<p>12 tuổi, Nguyễn Phi Hùng vượt qua kỳ thi tuyển và được nhận vào   học tại Trường Múa Việt Nam. Năm 1996, tốt nghiệp loại ưu, anh về làm việc tại   Đoàn Ca múa Nhạc nhẹ Trung ương. Cuối năm 1998, Nguyễn Phi Hùng chuyển vào   TPHCM, công tác tại Đoàn Ballet Tháng Mười.</p>\r\n<p>Tình cờ phát hiện giọng hát của Nguyễn Phi Hùng và được nhạc sĩ   Nguyễn Nhất Sinh ủng hộ, chị Thuỷ Nguyễn - giám đốc Trung tâm Tài Năng Mới đề   nghị Phi Hùng làm ca sĩ độc quyền của Trung tâm. Năm 2001, Nguyễn Phi Hùng nổi   lên với Tình đơn côi, Mưa tuyệt vọng, Vắng cha, Anh không muốn ra đi, Dáng   em..., hầu hết là những ca khúc nhạc Hoa lời Việt có giai điệu nhẹ nhàng, dễ   nghe, phù hợp với chất giọng và cách thể hiện chân phương của anh.</p>\r\n<p> Với một ngoại hình đặc biệt thuận lợi cho biểu diễn sân khấu,   Nguyễn Phi Hùng còn có lợi thế khi kết hợp hát với vũ đạo.Sau khi đã thành công   ở lĩnh vực âm nhạc,Nguyễn Phi Hùng đã lấn sân sang lĩnh vực điển ảnh.Với bộ phim   Hải Âu ,anh đã đoạt giải thưởng Diễn viên triển vọng của giải thưởng Cánh Diều   Vàng của Hội Điện ảnh Việt Nam.Tiếp đó anh lại tiếp tục xuất hiện trong bộ phim   hài Khi đàn ông có bầu được chiếu vào dịp tết Ất Dậu vừa qua</p>\r\n');
INSERT INTO `webnhac_casi` VALUES (21, 'Thiên Kim', '', '');
INSERT INTO `webnhac_casi` VALUES (22, 'Bảo Yến', 'casi/baoyen.jpg', '<p>Ca sĩ Bảo Yến sinh ra và lớn lên tại Thành Nội Huế. Xuất thân từ   gia đình nặng nợ với âm nhạc, được cha mình là ca sĩ Thủy Triều rèn luyện và   chuẩn bị cho bước đường nghệ thuật rõ nét từ bé...</p>\r\n<p align="justify">Được nuôi dưỡng từ những giọng hò trên sông Hương,   núi Ngự, những dòng thơ nhạc chảy trong huyết mạch của người dân xứ Huế và của   bố mẹ, Bảo Yến đã có một chất giọng ngọt ngào thiên phú, một phong cách và một   giọng ca buồn trữ tình mang đượm nét của thành phố cổ kính... </p>\r\n<p align="justify">Không như Nhã Phương hướng đi của Bảo Yến chậm hơn   dù rằng từ dáng vóc, chất giọng... của hai chị em gần giống như nhau. Năm 1981,   khi Nhã Phương tham gia kỳ thi Những giọng ca Phương Nam do đài Truyền hình tổ   chức và thành công, thì cũng là năm Bảo Yến được đài truyền hình cùng mời về   cộng tác trong những chương trình ca nhạc của đài với cương vị là diễn viên   thanh nhạc.</p>\r\n<p align="justify">Những bài hát thành công và tâm đắc nhất của Bảo   Yến giai đoạn đầu tiên là: bài Nói chuyện với người trong tranh của NS Triều   Dâng, Tình ca trên biển của NS Thanh Tùng và Hương Thầm của NS Vũ Hoàng. </p>\r\n<p align="justify">Các album đã thực hiện: Bay vào ngày xanh, Ru nửa   vầng trăng, Biết đâu cội nguồn và tâm đắc nhất với Mưa trên phố Huế. </p>');
INSERT INTO `webnhac_casi` VALUES (23, 'Chế Linh', '', '');
INSERT INTO `webnhac_casi` VALUES (24, 'Hiếu Ngọc', '', '');
INSERT INTO `webnhac_casi` VALUES (25, 'Quý Luân', '', '');
INSERT INTO `webnhac_casi` VALUES (26, 'Mỹ Tâm', 'casi/mytam.jpg', '<!DOCTYPE html PUBLIC "-//W3C//DTD XHTML 1.0 Transitional//EN" "http://www.w3.org/TR/xhtml1/DTD/xhtml1-transitional.dtd">\r\n<html xmlns="http://www.w3.org/1999/xhtml">\r\n<head>\r\n<meta http-equiv="Content-Type" content="text/html; charset=utf-8" />\r\n<title>Untitled Document</title>\r\n</head>\r\n\r\n<body>\r\n<p>Tốt nghiệp thủ khoa trung cấp Nhạc viện khoa thanh nhạc. Mười sáu   tuổi, Mỹ Tâm giành giải nhất đơn ca toàn thành<br />\r\n  - Huy chương Vàng giọng hát   hay xuân 1997. <br />\r\n  - Giải nhất Giọng ca Vàng báo Mực Tím <br />\r\n  - Huy chương đồng   giải Giọng ca Vàng Châu Á ở Thượng Hải với ca khúc? Mãi yêu do chính Mỹ Tâm sáng   tác.<br />\r\n  - Đã sáng tác: Mãi yêu, Vẫn là mơ</p>\r\n<p>Mười sáu tuổi, Tâm giành giải nhất đơn ca toàn thành, rồi nối   tiếp là Huy chương vàng Giọng hát hay Xuân 1997. </p>\r\n<p>Vào hệ Trung cấp Nhạc viện, khoa Thanh nhạc, Tâm được học trực   tiếp với thầy Quốc Trụ, một giảng viên uy tín. Quãng thời gian 1997 - 1998, Tâm   tham gia liên tiếp những hội diễn văn nghệ, các cuộc thi giọng hát hay của quận,   của thành phố. Tháng 4 năm 1998, Tâm đoạt giải nhất gần như đồng thời ở hai hội   thi đơn ca quận Tân Bình và quận 6. Tháng 11 năm ấy, giải nhất Giọng ca vàng báo   Mực Tím lại đến với Tâm.<br />\r\n    <br />\r\n  Tháng giêng năm 1999, Mỹ Tâm trở thành ca sĩ độc   quyền của Vafaco. Bản thu âm đầu tiên của Tâm được thực hiện dưới sự chỉ đạo của   nhạc sĩ Nguyễn Hà. Ca khúc Nhé anh vừa là bài tập thu thanh đầu đời vừa là bài   hát khắc dấu một Mỹ Tâm dồi dào ấn tượng, giàu nội lực và phong phú về sức bật.   Nhạc sĩ Nguyễn Hà đã hướng dẫn Tâm nhiều nguyên tắc quan trọng trong chuyên môn,   đã hình thành ý thức chuyên nghiệp cho cô một cách hiệu quả. <br />\r\n  <br />\r\n  Giữa năm   2000, vừa hết hợp đồng làm việc với Vafaco, Tâm ôm ấp nhiều mộng ước, nhiều dự   án độc lập. Cũng trong thời điểm này, Tâm đã viết ca khúc đầu tay của mình, đặt   tên là Mãi yêu. Quá trình sáng tác có sự trợ lực của nhạc sĩ Nguyễn Quang, chỉ   huy ban nhạc Trung tâm Ca nhạc nhẹ.</p>\r\n<p> Tâm đã đem bài hát này, cùng với I love you (cover lại ca khúc   Celine Dion) vào phần thi của mình trong Liên hoan giọng ca vàng châu Á (Thượng   Hải, Trung Quốc) và cô đã đoạt Huy chương đồng. <br />\r\n    <br />\r\n  Tháng 6/2001, Tâm tốt   nghiệp Trung cấp trường Nhạc với số điểm thủ khoa. Và công chúng đã bắt đầu nhắc   nhiều đến To love you more, Nhé anh, Yêu dại khờ, Mãi yêu và đặc biệt là Tóc nâu   môi trầm như những thành công của riêng Tâm. </p>\r\n</body>\r\n</html>\r\n');
INSERT INTO `webnhac_casi` VALUES (27, 'Trang Mỹ Dung', 'casi/trangmydung.jpg', 'Chị là một trong những giọng ca nổi danh ở đất phương Nam trước năm 1975. Bây giờ, tuy ít xuất hiện trên sân khấu, chị vẫn có mặt thường xuyên trong các chương trình ca nhạc từ thiện, phục vụ khán giả đầy nhiệt huyết như thuở mới vào nghề.');

-- --------------------------------------------------------

-- 
-- Table structure for table `webnhac_nhacsi`
-- 

CREATE TABLE `webnhac_nhacsi` (
  `idNS` int(11) NOT NULL auto_increment,
  `HoTenNS` varchar(255) NOT NULL,
  `urlHinhNS` varchar(255) NOT NULL,
  `GioiThieuNS` text NOT NULL,
  PRIMARY KEY  (`idNS`)
) ENGINE=MyISAM DEFAULT CHARSET=utf8 AUTO_INCREMENT=18 ;

-- 
-- Dumping data for table `webnhac_nhacsi`
-- 

INSERT INTO `webnhac_nhacsi` VALUES (1, 'Chưa biết', '', '');
INSERT INTO `webnhac_nhacsi` VALUES (2, 'Trịnh Công Sơn', 'nhacsi/tcs.jpg', '\r\n<p>Trịnh Công Sơn là một tài năng lớn của nền âm nhạc Việt   Nam. Những ca khúc của Ông mãi mãi có sức ảnh hưởng to lớn đối với bao thế hệ   người nghe nhạc.</p>\r\n<p>Khó có lời nào diễn tả hết hoăc đầy đủ về Trịnh Công Sơn, Nhạc   sĩ Văn Cao từng nhận xét: &quot;Trong âm nhạc của Sơn, ta không thấy dấu vết của âm   nhạc cổ điển theo cấu trúc bác học phương Tây. Sơn viết hồn nhiên như thể cảm   xúc nhạc thơ tự nó trào ra. Nói như nhạc sĩ Nguyễn Xuân Khoát, người bạn già của   tôi, &quot;Trịnh Công Sơn viết dễ như lấy chữ từ trong túi ra&quot;.</p>\r\n<p>Cái quyến rũ của nhạc Trịnh Công Sơn có lẽ là ở chính ở chỗ đó,   ở chỗ không định tạo ra một trường phái nào, một triết học nào, mà vẫn thấm vào   lòng người như suối tưới. Với những lời, ý đẹp và độc đáo đến bất ngờ hôn phối   cùng một kết cấu đặc biệt như một hình thức của dân ca hầu như không thay đổi,   Trịnh Công Sơn đã chinh phục hàng triệu con tim, không chỉ ở trong nước, mà ở cả   ngoài biên giới nữa...&quot;</p>\r\n<p>Trịnh Công Sơn sinh ngày 28 tháng 2 năm 1939 tại Lạc Giao (cao   nguyên miền Trung Việt Nam). <br />\r\n  Ông lớn lên ở Huế, tốt nghiệp tú tài ban Triết   tại Chasseloup Laubat, Sài Gòn.</p>\r\n<p>Trịnh Công Sơn tự học nhạc, bắt đầu sáng tác năm 1958 với tác   phẩm đầu tay Ướt Mi (NXB An Phú in năm 1959). Nhạc sĩ đã sáng tác hơn 600 tác   phẩm, có thể được phân loại dưới 3 đề mục lớn: Tình Yêu -- Quê Hương -- Thân   Phận.</p>\r\n<p>Nhạc sĩ đã qua đời lúc 12g45 ngày 1 tháng 4 năm 2001 tại TpHCM.   Ông ra đi nhưng những gì ông để lại qua sự nghiệp âm nhạc của mình có giá trị   thật lớn lao, những giai điệu, lời ca của Ông sẽ còn mãi với thời gian.</p>\r\n');
INSERT INTO `webnhac_nhacsi` VALUES (3, 'Bắc Sơn', 'nhacsi/bacson.jpg', '\r\n<p>Ông là tác giả của 500 ca khúc, 80 kịch bản và tham gia 60 vai   diễn trong điện ảnh</p>\r\n<p>Ông sinh ra và lớn lên tại Phước Lộc, Long Thành, Đồng Nai. Năm   ông 14 tuổi, cha ông lên đường tham gia kháng chiến và hy sinh. Ông lớn lên   trong sự bao bọc của người mẹ tảo tần làm thuê, cấy mướn nuôi con ăn học. Do vậy   mà hình ảnh người mẹ bao giờ cũng hiện hữu một cách trìu mến trong ca khúc của   ông. “Nắng lửa thon von chồng con bước lên đường và mẹ ru đứa cháu ngoan như ru   con của mẹ, vẫn lời ru hoa cau thơm thiên lý nở” (Giấc ngủ trên tay). </p>\r\n<p>Với phong thái mực thước, chòm râu quai nón bạc trắng và một tâm   hồn sâu sắc, ông bước vào điện ảnh, sân khấu bằng phong cách diễn xuất mộc mạc.   Khán giả điện ảnh nhớ ông nhiều với những vai nổi bật: Sĩ (Xa và gần), Năm Ngưu   (Vùng gió xoáy), Hai Bạc Liêu (Người tìm vàng), Phúc (Cô Nhíp), ông Tư (Con chó   phèn)...</p>\r\n<p>Và vai Năm Ngưu đã giúp ông đoạt giải Diễn viên xuất sắc tại   Liên hoan Phim toàn quốc lần thứ 9. Sự nghiệp điện ảnh của ông có hơn 60 vai   diễn chính, phụ. Có phim chỉ thoáng qua màn ảnh nhưng người xem vẫn nhớ một Bắc   Sơn đầy ấn tượng. Trên sân khấu màn ảnh nhỏ, trước 1975 ông nổi tiếng là người   thực hiện chương trình “Quê ngoại”.</p>\r\n<p>Ông viết hơn 80 kịch bản ngắn, dài. Các nhân vật xoay quanh   chuyện nhà nông nhưng giàu suy ngẫm vì chính người viết, người dựng yêu cuộc   sống thanh bình. Tôi nhớ hình ảnh của ông với nhân vật đại úy Sáu trong vở Cho   tình yêu mai sau trên sân khấu Đoàn Kịch nói Bông Hồng năm 1987. Ông diễn thật   tinh tế, ẩn chứa đằng sau vẻ bặm trợn là tâm hồn luôn khắc khoải trước những   thân phận mà ông đã bắt gặp.</p>\r\n<p>Ông có 9 người con, nhưng chỉ có 2 cô con gái theo nghề là ca sĩ   Hạ Châu và nghệ sĩ Bích Lan. Chị Lan đã khóc khi nói về cha mình: “Ba tôi luôn   động viên các con phải sống chân thành với nghề. Tôi là đứa con gái duy nhất   theo nghề diễn viên như ba tôi, nhưng số tôi gian nan lại thiếu cơ hội để thăng   tiến. Khi biết tôi bỏ sân khấu chuyển sang kinh doanh, ba tôi buồn lắm...</p>\r\n<p>Tuần trước, tôi khoe sẽ đi diễn kịch lại, ba tôi rất vui. Ông   nói miễn con theo nghề đem niềm vui cho mọi người là ba sung sướng... Có thể vì   nghèo mà ba tôi không có gì để cho các con, nhưng gia tài ông để lại chính là   dòng sông nhân nghĩa”. <br />\r\n    <br />\r\n  Nghệ sĩ Bắc Sơn đã trút hơi thở cuối cùng vào lúc   21 giờ 55 phút, ngày 23-2-2005. Sự ra đi của nhạc sĩ Bắc Sơn là một mất mát đối   với những ai yêu ca khúc mang âm hưởng dân ca. Những ca khúc của ông mộc mạc,   chân chất như chính hơi thở cuộc sống người dân đồng ruộng</p>\r\n<p>Bắc Sơn đã ra đi nhưng các tác phẩm, vai diễn của ông vẫn còn   sâu đậm trong công chúng. </p>\r\n');
INSERT INTO `webnhac_nhacsi` VALUES (4, 'Phạm Duy', 'nhacsi/phamduy.jpg', '<p>Phạm Duy sinh tại Hà Nội năm 1921, theo học các Trường Trung Học   Thăng Long, Cao Đẳng Mỹ Thuật, Kỹ Nghệ Thực Hành, tự học nhạc và đi huấn nghệ   tại Pháp trong 2 năm 1954-1955, học trò của Robert Lopez và bàng thính viên tại   Institut de Musicologie, Paris... </p>\r\n<p>Trong khi các người khác đi theo xu hướng nhạc Âu Tây thì Phạm   Duy chủ trương nhạc Việt Nam loại mới phải khởi nguồn từ nhạc dân ca cổ truyền,   và suốt trong 50 năm qua, trong chiến tranh cũng như trong hoà bình, Phạm Duy đã   sáng tác khoảng trên dưới 1000 ca khúc, nói lên niềm vui, nỗi buồn, vinh quang,   tủi nhục... của người Việt trong một thời kỳ sôi động nhất của lịch sử. <br />\r\n    <br />\r\n  Phạm Duy xuất thân từ một gia đình văn nghiệp. Cha là Phạm Duy Tốn   thường được xem như nhà văn xã hội đầu tiên của nền Văn Học Mới ra đi hồi đầu   thế kỷ. Tác phẩm của Cụ Tốn được đưa vào học trình Trung Học, đăng trong các   sách giáo khoa ví dụ những bài Sống Chết Mặc Bay, Một Cảnh Thương Tâm...</p>\r\n<p>Anh là Phạm Duy Khiêm, Giáo Sư Thạc Sĩ, Cựu Đại Sứ Việt Nam tại   Pháp Quốc, văn sĩ Pháp văn, tác giả những cuốn Légendes Des Terres Sereines, Nam   Et Sylvie, De Hanoi à Lacourtine... <br />\r\n    <br />\r\n  Khởi sự đi nhạc của mình là một ca   sĩ trong gánh hát Đức Huy, đi hát lưu động từ Bắc qua Trung vào Nam trong những   năm 1943-1945. Là người đầu tiên hát nhạc cải cách trên đài Radio Indochine ở   Saigon vào năm 1944, mỗi tuần, trình bày 2 lần. <br />\r\n  <br />\r\n  Rồi trở thành cán bộ văn   nghệ trong cuộc Kháng Chiến chống Pháp và là một trong những người thành công   nhất trong những người soạn nhạc lúc đó. </p>\r\n<p>Ông đã từng vào miền Trung, đi thẳng đến chiến trường Bình Trị   Thiên, ăn khoai với các bà mẹ, bà chị ở Quảng Trị, nghe những câu chuyện của   những bà mẹ có con đi làm Cách mạng và bị chặt đầu. Và ông đã viết nhiều bài hát   rất Cách mạng, bài hát thể hiện sự căm thù sâu sắc với giặc Pháp, đó là những   bài Chiến Sĩ Vô Danh, Bà Mẹ Gio Linh...<br />\r\n    <br />\r\n  Kết duyên với ca sĩ Thái Hằng và   là người đã đóng góp vào sự thành lập của ban hợp ca nổi danh trong thập niên 50   là ban Thăng Long, thành phần của ban này là anh em ruột của Thái Hằng. Vào giữa   thập niên 60, các con của Phạm Duy, Thái Hằng cũng theo nghề nhạc và trở nên   những ca nhạc sĩ trong loại nhạc trẻ và đã tự thành lập một ban nhạc combo gọi   là The Dreamers. </p>\r\n<p>Gia đình của Phạm Duy có thể coi là một đại gia đình âm nhạc,   đều là những người có vai trò lớn trong nền âm nhạc nước nhà. Đó là những Thái   Hằng, Thái Thanh, Phạm Đình Chương, thế hệ sau này là Duy Hùng, Duy Quang, Thái   Hiền, Thái Thảo, còn Duy Cường thì được coi như một arrangeur có hạng. Tính cả   con rể Phạm Duy là Tuấn Ngọc cũng là một danh ca hàng đầu. <br />\r\n    <br />\r\n  Phạm Duy đã   chia sự nghiệp của mình ra nhiều giai đoạn : <br />\r\n  <br />\r\n  * Khởi đi từ dân ca, phản   ánh người dân Việt Nam trong thời đấu tranh giành độc lập rồi tới trường ca là   liên khúc của nhiều bài dân ca, nói lên cái vĩ đại của dân tộc Việt. <br />\r\n  * Sau   đó là tâm ca, những bài ca thức tỉnh lương tâm, phản đối bạo lực và lòng phi   nhân. <br />\r\n  * Tới đạo ca, mang tính chất thiền ca, là những bài hát đi tìm sự   thật. <br />\r\n  * Rồi tới tục ca, những bài hát tiếu lâm nói thẳng vào cuộc đi đầy rẫy   ngụy thiện. <br />\r\n  * Tới bé ca, nữ ca và bình ca là những khúc hoan ca. <br />\r\n  <br />\r\n  Ngoài ra, còn những tình khúc mà suốt 50 năm qua, trải qua nhiều thế hệ,   hầu hết đôi tình nhân Việt Nam nào cũng đều hát tới và sẽ nhớ mãi. <br />\r\n  <br />\r\n  Ngoài   việc viết nhạc và đi hát rong, Phạm Duy còn là tác giả của nhiều sách và bài báo   chuyên về khảo cứu nhạc Việt, sau khi ông đã làm Giáo Sư về Khoa Nhạc Ngữ tại   Trường Quốc Gia Âm Nhạc Saigon. Cuốn Đặc Khảo Về Dân Nhạc Việt Nam tức Musics of   Viet Nam đã được ấn hành bằng Việt ngữ và Anh ngữ.</p>\r\n<p>Loạt bài về Lược Sử Năm Mươi Năm Tân Nhạc Việt Nam đang được   đăng trên một số báo.Cuốn sách Đường Về Dân Ca đã được xuất bản năm 1990 do nxb   Xuân Thu ấn hành. </p>\r\n<p>Phạm Duy cũng là người bạn thân thiết với Văn Cao và cùng Văn   Cao sáng tác nhiều ca khúc trong thời kháng chiến chống Pháp, lúc ấy Phạm Duy   cũng là một ca sĩ rất nổi tiếng và cất tiếng hát mang lời ca nhạc sĩ Văn Cao đi   khắp các chiến khu.</p>\r\n<p>Năm nay đã 85 tuổi, Phạm Duy được coi là một trong những cây đại   thụ của nền âm nhạc nước nhà còn lại. Và tháng 5/2005, Phạm Duy đã chính thức   trở về định cư ở Việt Nam, đến nay đã có nhiều ca khúc Phạm Duy được cấp phép   phát hành trong nước.</p>\r\n<p>Tất cả những ca khúc của Phạm Duy đã được Phương Nam Phim mua   độc quyền và toàn quyền phát hành. Đầu năm 2006, một tin vui cho nhiều thế hệ   yêu nhạc Phạm Duy khi CD đầu tiên của Phạm Duy - ngày trở về - Phương Nam Phim   phát hành đã được chính thức phát hành trong nước, đây cũng là CD đánh dấu ngày   trở về của Phạm Duy ra mắt vào năm mới 2006.</p>\r\n');
INSERT INTO `webnhac_nhacsi` VALUES (5, 'Trần Tiến', 'nhacsi/trantien.jpg', '\r\n<p>Ông sinh ngày 16 tháng 5 năm 1947. Quê ở Hà Tây. Tốt nghiệp Khoa   Sáng tác tại Nhạc viện Hà Nội.</p>\r\n<p>Năm 16 tuổi, nhạc sĩ Trần Tiến làm hậu đài cho <strong>Đoàn Ca   múa Hà Nội</strong>. Sau một năm tự học, năm 17 tuổi trở thành nghệ sĩ đơn ca   của Đoàn và đi biểu diễn ở vùng tuyến lửa lúc bấy giờ như Quảng Bình, Vĩnh Linh.   Các bài hát <em>Thanh Niên Ra Tiền Tuyến, Cô Gái Sầm Nưa Xinh Đẹp</em> ra đời   trong thời gian này và đã đoạt <strong>Giải A</strong> cuộc thi <strong>Tiếng   Hát Át Tiếng Bom</strong> do Hội Nhạc sĩ Việt Nam tổ chức.</p>\r\n<p>Thời gian sau, ông đi chiến trường Lào và đi biên giới phía Bắc,   vừa sáng tác vừa biểu diễn. Trần Tiến viết ca khúc đều đặn. Xuất thân là ca sĩ   chuyển sang sáng tác, Trần Tiến có một lợi thế trong việc tự biểu diễn giới   thiệu các tác phẩm của mình một cách sâu sắc, biểu đạt được tận cùng cảm xúc của   người viết. Vì vậy, Trần Tiến đã được công chúng rộng rãi yêu mến.</p>\r\n<p>Một loạt các bài hát của ông đã gây ấn tượng mạnh mẽ về một bút   pháp có phong cách riêng: <em>Cô gái Sầm Nưa xinh đẹp, Những đôi mắt mang hình   viên đạn, Giai điệu Tổ quốc, Điệp khúc tình yêu, Mùa xuân gọi, Nếu bạn tìm tới   Lênin - Hồ Chí Minh, Vết chân tròn trên cát, Thành phố trẻ, Mặt trời bé con,   Chim sẻ tóc xù, Ngẫu hứng sông Hồng, Chiếc vòng cầu hôn, Ngọn lửa cao nguyên,   Tiếng trống paranưng, Tạm biệt chim én, Sao em nỡ vội lấy chồng, Tóc gió thôi   bay...</em></p>\r\n<p>Trần Tiến đã nhận nhiều giải thưởng về âm nhạc. Năm 1979, <strong>Giải 1</strong> trong 10 bài hát được quần chúng ưa thích trong năm do   báo Tuổi Trẻ thành phố Hồ Chí Minh bình chọn. Năm 1992, <strong>Giải bài hát hay   nhất</strong> năm 1992-1993 do Đài Truyền hình Việt Nam bình chọn (bài Chiếc   Vòng Cầu Hôn).</p>\r\n<p>Năm 1990, <strong>Giải thưởng Trung ương Đoàn</strong> về đề tài   Dân số - Kế hoạch hoá gia đình (bài Sao Em Nỡ Vội Lấy Chồng). Năm 1975-1985,   danh hiệu <strong>Nhạc sĩ được yêu thích nhất</strong> 10 năm sau giải phóng do   báo Tuổi Trẻ và Hội Nhạc sĩ thành phố Hồ Chí Minh tổ chức bình chọn.</p>\r\n<p>Ngoài ra, Trần Tiến còn viết phần âm nhạc cho một số phim truyện   và phim tài liệu như <em>Rừng Lạnh, Vị Đắng Tình Yêu, Tóc Gió Thôi   Bay...</em></p>\r\n');
INSERT INTO `webnhac_nhacsi` VALUES (6, 'Ngô Quỳnh', 'nhacsi/ngohuynh.jpg', '<p>Ngô Huỳnh sinh: 31/12/1931. Tại Sài Gòn.</p>\r\n<p>Những tác phẩm: Con kênh xanh xanh, Thi đua ái quốc, quê hương   chúng tôi đã sẵn sàng, cây mã tấu, lời ca không bao giờ dứt...</p>\r\n<p>Tất cả những tác phẩm của Ngô Huỳnh đều nói lên tình cảm đằm   thắm thiết tha dành cho người dân miên Nam kiên cường chiến đầu vì sự nghiệp   Cách mạng. </p>\r\n');
INSERT INTO `webnhac_nhacsi` VALUES (7, 'Hà Phương', '', '');
INSERT INTO `webnhac_nhacsi` VALUES (8, 'Phạm Thế Mỹ', '', '');
INSERT INTO `webnhac_nhacsi` VALUES (9, 'Hoàng Thi Thơ', '', '');
INSERT INTO `webnhac_nhacsi` VALUES (10, 'Vũ Đức Sao Biển', '', '');
INSERT INTO `webnhac_nhacsi` VALUES (11, 'Nguyễn Nam', '', '');
INSERT INTO `webnhac_nhacsi` VALUES (12, 'Thanh Tùng', '', '');
INSERT INTO `webnhac_nhacsi` VALUES (13, 'Dương Thiệu Tước', '', '');
INSERT INTO `webnhac_nhacsi` VALUES (14, 'Trúc Phương', '', '');
INSERT INTO `webnhac_nhacsi` VALUES (16, 'Nguyễn Nhất Huy', '', '');
INSERT INTO `webnhac_nhacsi` VALUES (17, 'Trần Lê Quỳnh', '', '');

-- --------------------------------------------------------

-- 
-- Table structure for table `webnhac_playlist`
-- 

CREATE TABLE `webnhac_playlist` (
  `idPL` int(11) NOT NULL auto_increment,
  `TenPL` varchar(255) NOT NULL default '',
  `MoTaPL` text,
  `urlPL` varchar(255) NOT NULL default '',
  `SoLanNghe` int(11) default '0',
  `NgayCapNhat` date NOT NULL default '0000-00-00',
  PRIMARY KEY  (`idPL`)
) ENGINE=MyISAM DEFAULT CHARSET=utf8 AUTO_INCREMENT=17 ;

-- 
-- Dumping data for table `webnhac_playlist`
-- 

INSERT INTO `webnhac_playlist` VALUES (1, 'Liên Khúc Ru', 'Ru Em | Ru Em Từng Ngón Xuân Nồng | Ru Tình | Ru Đời Đi Nhé | Ru Đời Đã Mất | Ru Ta Ngậm Ngùi | Tôi Ru Em Ngủ | Lời Mẹ Ru', 'http://www.trinh-cong-son.com/lienkhuc/lkhru.asx', 6, '2008-07-09');
INSERT INTO `webnhac_playlist` VALUES (2, 'Liên Khúc Bốn Mùa', 'Gọi Tên Bốn Mùa | Bốn Mùa Thay Lá | Góp Lá Cho Mùa Xuân | Hạ Trắng | Nhìn Những Mùa Thu Đi | Chiếc Lá Thu Phai | Ngụ Ngôn Mùa Đông', 'http://www.trinh-cong-son.com/lienkhuc/lkh4mua.asx', 1, '2008-07-10');
INSERT INTO `webnhac_playlist` VALUES (3, 'Liên Khúc Tình', 'Tình Nhớ | Tình Sầu | Tình Xa | Tình Xót Xa Vừa | Tình Yêu Tìm Thấy | Tự Tình Khúc', 'http://www.trinh-cong-son.com/lienkhuc/lkhtinh.asx', 0, '2008-07-22');
INSERT INTO `webnhac_playlist` VALUES (4, 'Hát Cho Quê Hương Việt Nam 1A', 'Nguyễn Đình Toàn mở đầu | Chờ nhìn quê hương sáng chói | Ca dao mẹ | Du mục | Người con gái Việt Nam da vàng | Đại bác ru đêm | Bài ca cho những xác người | Người già em bé | Lại gần với nhau | Huế Sài Gòn Hà Nội | Nước mắt cho quê hương | Tôi sẽ đi thăm', 'http://www.trinh-cong-son.com/lienkhuc/hcqhvn1a.asx', 0, '2008-07-22');
INSERT INTO `webnhac_playlist` VALUES (5, 'Hát Cho Quê Hương Việt Nam 2A', 'Hãy đi cùng tôi | Xa dấu mặt trời | Tiếng hát dạ lan | Người đi hành hương | Ru ta ngậm ngùi | Chưa mòn giấc mơ | Rồi như đá ngây ngô | Hãy khóc đi em | Tình sầu', 'http://www.trinh-cong-son.com/lienkhuc/hcqhvn2a.asx', 0, '2008-07-23');
INSERT INTO `webnhac_playlist` VALUES (6, 'Hát Cho Quê Hương Việt Nam 4A', 'Đêm thấy ta là thác đổ | Để gió cuốn đi | Góp lá cho mùa xuân | Nguyệt ca | Yêu dấu tan theo | Lời mẹ ru | Sẽ còn ai | Tưởng rằng đã quên | Bên đời hiu quạnh | Tự tình khúc |', 'http://www.trinh-cong-son.com/lienkhuc/hcqhvn4a.asx', 0, '2008-07-24');
INSERT INTO `webnhac_playlist` VALUES (7, 'Hát Cho Quê Hương Việt Nam 5A', 'Phôi pha | Ngày về | Tôi đã mất | Biển nhớ | Đợi có một ngày | Chưa mất niềm tin | Hãy cố chờ | Mùa phục hồi | Xin mặt trời ngủ yên | Chính chúng ta phải nói', 'http://www.trinh-cong-son.com/lienkhuc/hcqhvn5a.asx', 1, '2008-07-30');
INSERT INTO `webnhac_playlist` VALUES (8, 'Hát Cho Quê Hương Việt Nam 5B', 'Lời ru đêm | Hãy nhìn lại | Nghe tiếng muôn trùng | Chiều một mình qua phố | Biết đâu nguồn cội | Quê hương đau nặng | Một buổi sáng mùa xuân | Ta phải thấy mặt trời | Sao mắt mẹ chưa vui', 'http://www.trinh-cong-son.com/lienkhuc/hcqhvn5b.asx', 0, '2008-07-23');
INSERT INTO `webnhac_playlist` VALUES (9, 'Hát Cho Quê Hương Việt Nam 4B', 'Một lần thoáng có | Lời ở phố về | Khói trời mênh mông | Xanh lòng phai tàn | Buồn từng phút giây | Ru đời đã mất | Lời thiên thu gọi | Em đi trong chiều | Đóa hoa vô thường', 'http://www.trinh-cong-son.com/lienkhuc/hcqhvn4b.asx', 0, '2008-07-24');
INSERT INTO `webnhac_playlist` VALUES (10, 'Hát Cho Quê Hương Việt Nam 2B', 'Rừng xưa đã khép | Người vê bông nhớ | Ru em từng ngón xuân nồng | Đừng mong ai đừng nghi ngại | Còn tuổi nào cho em | Vết lăn trầm | Những giọt máu trổ bông | Tôi ru em ngủ | Những ai còn là Việt Nam', 'http://www.trinh-cong-son.com/lienkhuc/hcqhvn2b.asx', 0, '2008-07-16');
INSERT INTO `webnhac_playlist` VALUES (11, 'Hát Cho Quê Hương Việt Nam 1B', 'Gia tài của mẹ | Đêm bây giờ đêm mai | Ngụ ngôn mùa đông | Hãy sống giùm tôi | Ngày dài trên quê hương | Cúi xuống thật gần | Hát cho tôi | Hát trên những xác người | Ta thấy gì trong đêm nay | Ngủ đi con | Đi tìm quê hương | Dựng lại người dựng lại nhà | Đồng dao hòa bình ', 'http://www.trinh-cong-son.com/lienkhuc/hcqhvn1b.asx', 0, '2008-07-17');
INSERT INTO `webnhac_playlist` VALUES (12, 'Hát Cho Quê Hương Việt Nam 3A', 'Diễm xưa (tiếng Nhật) | Ướt mi | Dân ta vẫnsống | Cho một người nằm xuống | Những con mắt trần gian | Thương một người | Ngày mai đây bình yên | Cánh đồng hòa bình | Hạ trắng | Ta đi dựng cờ ', 'http://www.trinh-cong-son.com/lienkhuc/hcqhvn3a.asx', 3, '2008-07-23');
INSERT INTO `webnhac_playlist` VALUES (13, 'Hát Cho Quê Hương Việt Nam 3B', 'Ca dao mẹ (tiếng Nhật) | Phúc âm buồn | Tình ca người mất trí | Ta quyết phải sống | Tạ Ơn | Tình xa | Đôi mắt nào mở ra | Cuối cùng cho một tình yêu | Mưa hồng', 'http://www.trinh-cong-son.com/lienkhuc/hcqhvn3b.asx', 0, '2008-07-24');
INSERT INTO `webnhac_playlist` VALUES (15, 'Ân nghĩa sinh thành', 'Lời mẹ ru | Huyền thoại mẹ | Lòng mẹ | Lời mẹ', 'playlist/annghiasinhthanh.m3u', 5, '2008-09-08');
INSERT INTO `webnhac_playlist` VALUES (16, 'Quê hương', 'Nhịp võng đong đưa | Buồng cau quê ngoại | Quê hương', 'playlist/quehuong.asx', 2, '2008-09-08');

-- --------------------------------------------------------

-- 
-- Table structure for table `webnhac_theloai`
-- 

CREATE TABLE `webnhac_theloai` (
  `idTL` int(11) NOT NULL auto_increment,
  `TenTL` varchar(255) NOT NULL,
  PRIMARY KEY  (`idTL`)
) ENGINE=MyISAM DEFAULT CHARSET=utf8 AUTO_INCREMENT=11 ;

-- 
-- Dumping data for table `webnhac_theloai`
-- 

INSERT INTO `webnhac_theloai` VALUES (1, 'Dân ca');
INSERT INTO `webnhac_theloai` VALUES (2, 'Nhạc Trịnh');
INSERT INTO `webnhac_theloai` VALUES (3, 'Hòa tấu');
INSERT INTO `webnhac_theloai` VALUES (4, 'Độc tấu nhạc Trịnh');
INSERT INTO `webnhac_theloai` VALUES (5, 'Ca cổ');
INSERT INTO `webnhac_theloai` VALUES (6, 'Tình khúc hay');
INSERT INTO `webnhac_theloai` VALUES (8, 'Hòa tấu hay');
INSERT INTO `webnhac_theloai` VALUES (9, 'Nhạc trữ tình');
INSERT INTO `webnhac_theloai` VALUES (10, 'Ân nghĩa sinh thành');

-- --------------------------------------------------------

-- 
-- Table structure for table `webtm_chungloaisp`
-- 

CREATE TABLE `webtm_chungloaisp` (
  `idCL` int(12) NOT NULL auto_increment,
  `TenCL` varchar(100) NOT NULL,
  PRIMARY KEY  (`idCL`)
) ENGINE=MyISAM DEFAULT CHARSET=utf8 AUTO_INCREMENT=3 ;

-- 
-- Dumping data for table `webtm_chungloaisp`
-- 

INSERT INTO `webtm_chungloaisp` VALUES (1, 'Sản phẩm cho nữ');
INSERT INTO `webtm_chungloaisp` VALUES (2, 'Sản phẩm cho nam');

-- --------------------------------------------------------

-- 
-- Table structure for table `webtm_donhang`
-- 

CREATE TABLE `webtm_donhang` (
  `idDH` int(11) NOT NULL auto_increment,
  `idUser` int(11) NOT NULL default '0',
  `ThoiDiemDatHang` date NOT NULL default '0000-00-00',
  `ThoiDiemGiaohang` date NOT NULL default '0000-00-00',
  `TenNguoiNhan` varchar(100) NOT NULL default '',
  `DiaDiemGiaoHang` varchar(255) NOT NULL default '',
  `TinhTrang` tinyint(1) NOT NULL default '0',
  `GhiChu` varchar(255) NOT NULL default '',
  PRIMARY KEY  (`idDH`)
) ENGINE=MyISAM DEFAULT CHARSET=utf8 AUTO_INCREMENT=29 ;

-- 
-- Dumping data for table `webtm_donhang`
-- 


-- --------------------------------------------------------

-- 
-- Table structure for table `webtm_donhangchitiet`
-- 

CREATE TABLE `webtm_donhangchitiet` (
  `idChiTiet` int(11) NOT NULL auto_increment,
  `idDH` int(11) NOT NULL default '0',
  `idSP` int(11) NOT NULL default '0',
  `SoLuong` int(11) NOT NULL default '0',
  `Gia` int(11) NOT NULL default '0',
  PRIMARY KEY  (`idChiTiet`)
) ENGINE=MyISAM DEFAULT CHARSET=utf8 AUTO_INCREMENT=18 ;

-- 
-- Dumping data for table `webtm_donhangchitiet`
-- 


-- --------------------------------------------------------

-- 
-- Table structure for table `webtm_loaisp`
-- 

CREATE TABLE `webtm_loaisp` (
  `idLoai` int(12) NOT NULL auto_increment,
  `idCL` int(12) NOT NULL default '0',
  `TenLoai` varchar(100) NOT NULL,
  `AnHien` int(1) NOT NULL default '1',
  PRIMARY KEY  (`idLoai`)
) ENGINE=MyISAM DEFAULT CHARSET=utf8 AUTO_INCREMENT=25 ;

-- 
-- Dumping data for table `webtm_loaisp`
-- 

INSERT INTO `webtm_loaisp` VALUES (1, 1, 'Áo thun', 1);
INSERT INTO `webtm_loaisp` VALUES (2, 1, 'Áo sơ mi', 1);
INSERT INTO `webtm_loaisp` VALUES (3, 1, 'Áo khoác', 1);
INSERT INTO `webtm_loaisp` VALUES (4, 1, 'Áo kiểu', 1);
INSERT INTO `webtm_loaisp` VALUES (5, 1, 'Quần dài', 1);
INSERT INTO `webtm_loaisp` VALUES (6, 1, 'Quần short - lửng', 1);
INSERT INTO `webtm_loaisp` VALUES (7, 1, 'Váy', 1);
INSERT INTO `webtm_loaisp` VALUES (8, 1, 'Bộ áo quần', 1);
INSERT INTO `webtm_loaisp` VALUES (9, 1, 'Bộ áo váy', 1);
INSERT INTO `webtm_loaisp` VALUES (10, 2, 'Áo thun', 1);
INSERT INTO `webtm_loaisp` VALUES (11, 2, 'Áo sơ mi', 1);
INSERT INTO `webtm_loaisp` VALUES (12, 2, 'Áo khoác', 1);
INSERT INTO `webtm_loaisp` VALUES (13, 2, 'Quần short', 1);
INSERT INTO `webtm_loaisp` VALUES (14, 2, 'Quần dài', 1);
INSERT INTO `webtm_loaisp` VALUES (15, 2, 'Thắc lưng', 1);
INSERT INTO `webtm_loaisp` VALUES (16, 2, 'Ví', 1);
INSERT INTO `webtm_loaisp` VALUES (17, 2, 'Mắc kính', 1);
INSERT INTO `webtm_loaisp` VALUES (18, 1, 'Thắc lưng', 1);
INSERT INTO `webtm_loaisp` VALUES (19, 1, 'Túi xách', 1);
INSERT INTO `webtm_loaisp` VALUES (20, 1, 'Ví tay', 1);
INSERT INTO `webtm_loaisp` VALUES (21, 1, 'Mắc kính', 1);

-- --------------------------------------------------------

-- 
-- Table structure for table `webtm_sanpham`
-- 

CREATE TABLE `webtm_sanpham` (
  `idSP` int(12) NOT NULL auto_increment,
  `idLoai` int(12) NOT NULL default '0',
  `TenSP` varchar(100) NOT NULL,
  `MoTa` varchar(255) NOT NULL,
  `NgayCapNhat` date NOT NULL default '0000-00-00',
  `Gia` int(11) NOT NULL default '0',
  `UrlHinh` varchar(255) NOT NULL default '',
  `SoLanXem` int(11) default '0',
  `SoLuongTonKho` int(11) default '0',
  `GhiChu` varchar(255) NOT NULL,
  `SoLanMua` int(11) default '0',
  `AnHien` int(1) default '1',
  PRIMARY KEY  (`idSP`)
) ENGINE=MyISAM DEFAULT CHARSET=utf8 AUTO_INCREMENT=447 ;

-- 
-- Dumping data for table `webtm_sanpham`
-- 

INSERT INTO `webtm_sanpham` VALUES (1, 1, 'ATF-000001', 'ÁO phông vàng , dúm ở cổ và hai bên sườn, in hình tạo nét cá tính cho người mặc', '2008-05-11', 195, 'img_sp/nu/Ao thun/ATF-000001.jpg', 45, 320, '', 16, 1);
INSERT INTO `webtm_sanpham` VALUES (2, 1, 'ATF-000002', 'Áo phông màu xanh, chất liệu 100% cotton, đính hạt', '2008-05-11', 215, 'img_sp/nu/Ao thun/ATF-000002.jpg', 65, 156, '', 16, 1);
INSERT INTO `webtm_sanpham` VALUES (3, 1, 'ATF-000003', 'Áo thun cộc tay , chất liệu 100% cotton , mầu xanh', '2008-05-11', 215, 'img_sp/nu/Ao thun/ATF-000003.jpg', 74, 85, '', 41, 1);
INSERT INTO `webtm_sanpham` VALUES (4, 1, 'ATF-000004', 'Áo thun ko tay cổ rộng, in hoa văn cổ được cách điệu, hợp với bạn gái có dáng cao', '2008-05-11', 215, 'img_sp/nu/Ao thun/ATF-000004.jpg', 56, 78, '', 31, 1);
INSERT INTO `webtm_sanpham` VALUES (5, 1, 'ATF-000005', 'Một chiếc màu hồng pha xanh lá câylàm bạn nổi bật trước đám đông với sự tươi trẻ và tinh nghịch', '2008-05-11', 215, 'img_sp/nu/Ao thun/ATF-000005.jpg', 71, 690, '', 55, 1);
INSERT INTO `webtm_sanpham` VALUES (6, 1, 'ATF-000006', 'Áo phông màu dacam in hình , chất liệu cotton', '2008-05-12', 235, 'img_sp/nu/Ao thun/ATF-000006.jpg', 47, 980, '', 47, 1);
INSERT INTO `webtm_sanpham` VALUES (7, 1, 'ATF-000007', 'Áo phông màu xanh ba lỗ có in hình, chất liệu 100% cotton', '2008-05-12', 235, 'img_sp/nu/Ao thun/ATF-000007.jpg', 65, 470, '', 74, 1);
INSERT INTO `webtm_sanpham` VALUES (8, 1, 'ATF-000008', 'chiếc áo mang dáng vẻ hơi bụi nhưng ko làm mất đi sự nữ tính,chất liệu 100% cotton', '2008-05-12', 235, 'img_sp/nu/Ao thun/ATF-000008.jpg', 56, 75, '', 14, 1);
INSERT INTO `webtm_sanpham` VALUES (9, 1, 'ATF-000009', 'Áo phông màu vàng cổ rộng', '2008-05-12', 245, 'img_sp/nu/Ao thun/ATF-000009.jpg', 44, 14, '', 42, 1);
INSERT INTO `webtm_sanpham` VALUES (10, 1, 'ATF-000010', 'Áo thun cộc tay, kẻ ngang hàng nhập', '2008-05-12', 245, 'img_sp/nu/Ao thun/ATF-000010.jpg', 32, 4, '', 41, 1);
INSERT INTO `webtm_sanpham` VALUES (11, 1, 'ATF-000011', 'Áo phông hồng kẻ ngang thích hợp với bạn gái có dáng gầy, tạo dáng trẻ trung', '2008-05-13', 255, 'img_sp/nu/Ao thun/ATF-000011.jpg', 25, 5, '', 14, 1);
INSERT INTO `webtm_sanpham` VALUES (12, 1, 'ATF-000012', 'Áo phông bo đai, kẻ ngang mầu đỏ', '2008-05-13', 275, 'img_sp/nu/Ao thun/ATF-000012.jpg', 14, 15, '', 2, 1);
INSERT INTO `webtm_sanpham` VALUES (13, 1, 'ATF-000013', 'Áo phông dài , bo đai ở giữa , chất liệu 100% cotton', '2008-05-13', 275, 'img_sp/nu/Ao thun/ATF-000013.jpg', 26, 6, '', 3, 1);
INSERT INTO `webtm_sanpham` VALUES (14, 1, 'ATF-000014', 'Chất liệu 100% cotton , kiểu dáng bụi - hợp với bạn gái có cá tính', '2008-05-13', 275, 'img_sp/nu/Ao thun/ATF-000014.jpg', 31, 6, '', 41, 1);
INSERT INTO `webtm_sanpham` VALUES (15, 1, 'ATF-000015', 'Áo thun tím cộng với áo quây tạo sự gợi cảm và quý phái', '2008-05-13', 310, 'img_sp/nu/Ao thun/ATF-000015.jpg', 31, 4, '', 10, 1);
INSERT INTO `webtm_sanpham` VALUES (16, 1, 'ATF-000016', 'Áo thun màu xanh nhạt cổ lệch tạo sự kín đáo và sang trọng', '2008-05-14', 329, 'img_sp/nu/Ao thun/ATF-000016.jpg', 1, 3, '', 1, 1);
INSERT INTO `webtm_sanpham` VALUES (17, 1, 'ATF-000017', 'Áo dài tay cổ tròn kết bèo màu xanh ghi , hàng nhập từ Nhật Bản , chất liệu thun', '2008-05-14', 355, 'img_sp/nu/Ao thun/ATF-000017.jpg', 3, 12, '', 12, 1);
INSERT INTO `webtm_sanpham` VALUES (18, 1, 'ATF-000018', 'Áo sơ mi trắng, cổ và viền ngực bằng ren tạo sự nhẹ nhàng cho người mặc', '2008-05-14', 359, 'img_sp/nu/Ao thun/ATF-000018.jpg', 2, 31, '', 1, 1);
INSERT INTO `webtm_sanpham` VALUES (19, 1, 'ATF-000019', 'Áo dài tay cổ đổ màu be, hàng nhập từ Nhật Bản , chất liệu thun', '2008-05-14', 395, 'img_sp/nu/Ao thun/ATF-000019.jpg', 4, 2, '', 3, 1);
INSERT INTO `webtm_sanpham` VALUES (20, 1, 'ATF-000020', 'Áo thun màu đỏ , đính hạt ở vai và gấu áo tạo cho người mặc nét cá tính và nổi bật trước đám đông', '2008-05-14', 795, 'img_sp/nu/Ao thun/ATF-000020.jpg', 3, 1, '', 3, 1);
INSERT INTO `webtm_sanpham` VALUES (21, 1, 'ATF-000021', 'Áo thun màu xanh, đính đá ở vai và gấu áo tạo nét nhẹ nhang và quyến rũ cho người mặc', '2008-05-02', 795, 'img_sp/nu/Ao thun/ATF-000021.jpg', 6, 25, '', 3, 1);
INSERT INTO `webtm_sanpham` VALUES (22, 2, 'ASF-000001', 'Áo sơ mi tay ngắn đính hạt màu trắng', '2008-05-02', 50, 'img_sp/nu/ao so mi/ASF-000001.jpg', 5, 5, '', 4, 1);
INSERT INTO `webtm_sanpham` VALUES (23, 2, 'ASF-000002', 'Áo sơ mi tay bèo ngắn hoa văn xanh màu trắng', '2008-05-13', 60, 'img_sp/nu/ao so mi/ASF-000002.jpg', 5, 7, '', 41, 1);
INSERT INTO `webtm_sanpham` VALUES (24, 2, 'ASF-000003', 'Áo sơ mi sát cánh kết kim sa màu Vàng', '2008-05-13', 79, 'img_sp/nu/ao so mi/ASF-000003.jpg', 4, 3, '', 4, 1);
INSERT INTO `webtm_sanpham` VALUES (25, 2, 'ASF-000004', 'Sơ mi tay ngắn bèo nẹp chấm bi màu xanh', '2008-05-13', 120, 'img_sp/nu/ao so mi/ASF-000004.jpg', 32, 7, '', 4, 1);
INSERT INTO `webtm_sanpham` VALUES (26, 2, 'ASF-000005', 'Sơ mi tay ngắn bèo nẹp ply trước nút cài tay màu đen', '2008-05-13', 120, 'img_sp/nu/ao so mi/ASF-000005.jpg', 41, 21, '', 5, 1);
INSERT INTO `webtm_sanpham` VALUES (27, 2, 'ASF-000006', 'Sơ mi tay ngắn nhún chấm bi trắng', '2008-05-13', 120, 'img_sp/nu/ao so mi/ASF-000006.jpg', 4, 2, '', 23, 1);
INSERT INTO `webtm_sanpham` VALUES (28, 2, 'ASF-000007', 'Sơ mi tay ngắn, bèo ngực vàng nhạt', '2008-05-14', 120, 'img_sp/nu/ao so mi/ASF-000007.jpg', 45, 6, '', 9, 1);
INSERT INTO `webtm_sanpham` VALUES (29, 2, 'ASF-000008', 'Sơ mi tay phùng màu xanh ngọc', '2008-05-14', 120, 'img_sp/nu/ao so mi/ASF-000008.jpg', 65, 6, '', 5, 1);
INSERT INTO `webtm_sanpham` VALUES (30, 2, 'ASF-000009', 'Sơ mi cổ trụ tay phồng lở màu trắng', '2008-05-14', 130, 'img_sp/nu/ao so mi/ASF-000009.jpg', 6, 5, '', 6, 1);
INSERT INTO `webtm_sanpham` VALUES (31, 2, 'ASF-000010', 'Sơ mi tay dài màu hồng', '2008-05-14', 140, 'img_sp/nu/ao so mi/ASF-000010.jpg', 6, 5, '', 4, 1);
INSERT INTO `webtm_sanpham` VALUES (32, 2, 'ASF-000011', 'Sơ mi tay dài màu xanh da trời', '2008-05-14', 140, 'img_sp/nu/ao so mi/ASF-000011.jpg', 4, 46, '', 6, 1);
INSERT INTO `webtm_sanpham` VALUES (33, 2, 'ASF-000012', 'Sơ mi tay dài sọc nâu tím', '2008-05-14', 140, 'img_sp/nu/ao so mi/ASF-000012.jpg', 5, 5, '', 5, 1);
INSERT INTO `webtm_sanpham` VALUES (34, 2, 'ASF-000013', 'ÁO SƠ MI NỮ MÀU HỒNG', '2008-05-14', 150, 'img_sp/nu/ao so mi/ASF-000013.jpg', 7, 5, '', 10, 1);
INSERT INTO `webtm_sanpham` VALUES (35, 2, 'ASF-000014', 'Áo kiểu sơ mi tay ngắn màu trắng phối xanh biển', '2008-05-02', 165, 'img_sp/nu/ao so mi/ASF-000014.jpg', 46, 62, '', 35, 1);
INSERT INTO `webtm_sanpham` VALUES (36, 2, 'ASF-000015', 'áo HK cổ sơ mi màu đen sọc xanh', '2008-05-02', 180, 'img_sp/nu/ao so mi/ASF-000015.jpg', 5, 65, '', 65, 1);
INSERT INTO `webtm_sanpham` VALUES (37, 2, 'ASF-000016', 'Áo kiểu sơmi tay ngắn lỡ ly viền đen màu Trắng', '2008-05-02', 180, 'img_sp/nu/ao so mi/ASF-000016.jpg', 52, 44, '', 66, 1);
INSERT INTO `webtm_sanpham` VALUES (38, 2, 'ASF-000017', 'Áo sơni tay dài màu xanh sọc, có 2 túi trước ngực và in hình sau lưng', '2008-05-02', 190, 'img_sp/nu/ao so mi/ASF-000017.jpg', 25, 85, '', 63, 1);
INSERT INTO `webtm_sanpham` VALUES (40, 2, 'ASF-000019', 'Áo sơmi tay ngắn cột nơ một bên màu Vàng nhạt', '2008-05-02', 220, 'img_sp/nu/ao so mi/ASF-000019.jpg', 53, 35, '', 56, 1);
INSERT INTO `webtm_sanpham` VALUES (41, 2, 'ASF-000020', 'Áo sơmi Nam tay dài cách điệu màu Nâu nhạt', '2008-05-02', 230, 'img_sp/nu/ao so mi/ASF-000020.jpg', 65, 563, '', 10, 1);
INSERT INTO `webtm_sanpham` VALUES (55, 3, 'ACF-000001', 'Áo khoác tay ngắn cột dây màu Xanh biển', '2008-06-01', 75, 'img_sp/nu/ao khoac/ACF-000001.jpg', 54, 45, '', 45, 1);
INSERT INTO `webtm_sanpham` VALUES (56, 3, 'ACF-000002', 'Áo khoác lửng thun lạnh màu trắng', '2008-06-02', 80, 'img_sp/nu/ao khoac/ACF-000002.jpg', 65, 42, '', 43, 1);
INSERT INTO `webtm_sanpham` VALUES (57, 3, 'ACF-000003', 'Áo khoác lửng thun lạnh màu xám', '2008-06-03', 80, 'img_sp/nu/ao khoac/ACF-000003.jpg', 23, 77, '', 45, 1);
INSERT INTO `webtm_sanpham` VALUES (58, 3, 'ACF-000004', 'Áo khoác lửng thun lạnh màu hồng có nón', '2008-06-05', 120, 'img_sp/nu/ao khoac/ACF-000004.jpg', 55, 54, '', 43, 1);
INSERT INTO `webtm_sanpham` VALUES (59, 3, 'ACF-000005', 'Áo khoác Nữ có nón tay dài bo thân màu Hồng', '2008-06-07', 120, 'img_sp/nu/ao khoac/ACF-000005.jpg', 45, 77, '', 34, 1);
INSERT INTO `webtm_sanpham` VALUES (60, 3, 'ACF-000006', 'áo khoác lửng HK xanh đen', '2008-05-06', 135, 'img_sp/nu/ao khoac/ACF-000006.jpg', 21, 54, '', 45, 1);
INSERT INTO `webtm_sanpham` VALUES (61, 3, 'ACF-000007', 'ÁO KHOÁC CỔ RỘNG TAY MÀU ĐEN', '2008-05-13', 155, 'img_sp/nu/ao khoac/ACF-000007.jpg', 44, 45, '', 54, 1);
INSERT INTO `webtm_sanpham` VALUES (62, 3, 'ACF-000008', 'Áo khoác lửng tay dài thun lạnh màu hồng', '2008-05-13', 160, 'img_sp/nu/ao khoac/ACF-000008.jpg', 56, 33, '', 11, 1);
INSERT INTO `webtm_sanpham` VALUES (63, 3, 'ACF-000009', 'Áo khoác lửng màu Xanh', '2008-05-13', 169, 'img_sp/nu/ao khoac/ACF-000009.jpg', 12, 86, '', 68, 1);
INSERT INTO `webtm_sanpham` VALUES (64, 3, 'ACF-000010', 'Áo khoác lửng Oruola', '2008-05-13', 192, 'img_sp/nu/ao khoac/ACF-000010.jpg', 68, 86, '', 87, 1);
INSERT INTO `webtm_sanpham` VALUES (65, 3, 'ACF-000011', 'Áo khoác thun nữ màu Xám lông chuột', '2008-05-13', 199, 'img_sp/nu/ao khoac/ACF-000011.jpg', 76, 76, '', 78, 1);
INSERT INTO `webtm_sanpham` VALUES (66, 3, 'ACF-000012', 'Áo khoác kaki nữ màu trắng', '2008-06-05', 219, 'img_sp/nu/ao khoac/ACF-000012.jpg', 55, 63, '', 56, 1);
INSERT INTO `webtm_sanpham` VALUES (67, 3, 'ACF-000013', 'ÁO KHOÁC form dài đẹp trắng sọc xanh', '2008-05-14', 220, 'img_sp/nu/ao khoac/ACF-000013.jpg', 23, 85, '', 52, 1);
INSERT INTO `webtm_sanpham` VALUES (68, 3, 'ACF-000014', 'Áo khoác màu Trắng', '2008-05-14', 220, 'img_sp/nu/ao khoac/ACF-000014.jpg', 23, 54, '', 65, 1);
INSERT INTO `webtm_sanpham` VALUES (69, 3, 'ACF-000015', 'Áo khoác nhung đen', '2008-05-14', 242, 'img_sp/nu/ao khoac/ACF-000015.jpg', 65, 39, '', 87, 1);
INSERT INTO `webtm_sanpham` VALUES (70, 3, 'ACF-000016', 'Áo khoác tay dài màu Trắng', '2008-05-14', 249, 'img_sp/nu/ao khoac/ACF-000016.jpg', 78, 54, '', 78, 1);
INSERT INTO `webtm_sanpham` VALUES (71, 3, 'ACF-000017', 'ÁO KHOÁC KAKI TAY DÀI MÀU ĐEN', '2008-06-06', 275, 'img_sp/nu/ao khoac/ACF-000017.jpg', 45, 78, '', 54, 1);
INSERT INTO `webtm_sanpham` VALUES (72, 3, 'ACF-000018', 'Áo khoác màu Xanh lá thun lửngcó nón-N977', '2008-06-05', 295, 'img_sp/nu/ao khoac/ACF-000018.jpg', 45, 54, '', 54, 1);
INSERT INTO `webtm_sanpham` VALUES (73, 3, 'ACF-000019', 'Áo khoác đen', '2008-06-02', 520, 'img_sp/nu/ao khoac/ACF-000019.jpg', 75, 45, '', 54, 1);
INSERT INTO `webtm_sanpham` VALUES (74, 3, 'ACF-000020', 'Áo khoác manto phi màu đen', '2008-05-06', 550, 'img_sp/nu/ao khoac/ACF-000020.jpg', 54, 54, '', 45, 1);
INSERT INTO `webtm_sanpham` VALUES (75, 4, 'AKF-000001', 'Áo thun tay ngắn chấm bi màu Trắng', '2008-05-04', 200, 'img_sp/nu/ao kieu/AKF-000001.jpg', 45, 41, '', 45, 1);
INSERT INTO `webtm_sanpham` VALUES (76, 4, 'AKF-000002', 'Áo sơmi xô tay dài màu Hồng sen', '2008-05-13', 230, 'img_sp/nu/ao kieu/AKF-000002.jpg', 45, 87, '', 65, 1);
INSERT INTO `webtm_sanpham` VALUES (77, 4, 'AKF-000003', 'Áo thun cổ U tay ngắn gắn nơ màu Đen', '2008-05-13', 190, 'img_sp/nu/ao kieu/AKF-000003.jpg', 45, 63, '', 6, 1);
INSERT INTO `webtm_sanpham` VALUES (78, 4, 'AKF-000004', 'Áo kiểu 2 dây đính 3 nơ bo thân màu Nâu', '2008-05-13', 200, 'img_sp/nu/ao kieu/AKF-000004.jpg', 42, 73, '', 34, 1);
INSERT INTO `webtm_sanpham` VALUES (79, 4, 'AKF-000005', 'Áo thun có cổ tay ngắn in hình màu Vàng', '2008-05-13', 220, 'img_sp/nu/ao kieu/AKF-000005.jpg', 45, 45, '', 45, 1);
INSERT INTO `webtm_sanpham` VALUES (80, 4, 'AKF-000006', 'Áo kiểu cổ tròn tay ngắn thân bo màu xanh biển', '2008-05-13', 220, 'img_sp/nu/ao kieu/AKF-000006.jpg', 45, 45, '', 45, 1);
INSERT INTO `webtm_sanpham` VALUES (81, 4, 'AKF-000007', 'Áo Phi cổ cao đính nút tay ngắn form dài màu Tím', '2008-05-14', 430, 'img_sp/nu/ao kieu/AKF-000007.jpg', 21, 24, '', 6, 1);
INSERT INTO `webtm_sanpham` VALUES (82, 4, 'AKF-000008', 'Áo thun form dài cổ sau khoét sâu rút dây lai áo màu Xám', '2008-05-14', 385, 'img_sp/nu/ao kieu/AKF-000008.jpg', 45, 45, '', 12, 1);
INSERT INTO `webtm_sanpham` VALUES (83, 4, 'AKF-000009', 'Áo thun 2 lớp có nón màu Cam from dài', '2008-05-14', 385, 'img_sp/nu/ao kieu/AKF-000009.jpg', 47, 45, '', 45, 1);
INSERT INTO `webtm_sanpham` VALUES (84, 4, 'AKF-000010', 'Áo thun 2 lớp dạng ba lỗ màu Đen phối sọc trắng', '2008-05-14', 345, 'img_sp/nu/ao kieu/AKF-000010.jpg', 45, 12, '', 45, 1);
INSERT INTO `webtm_sanpham` VALUES (85, 4, 'AKF-000011', 'Áo thun cổ tim tay ngắn có hình lá cờ màu Tím', '2008-05-14', 325, 'img_sp/nu/ao kieu/AKF-000011.jpg', 12, 12, '', 12, 1);
INSERT INTO `webtm_sanpham` VALUES (86, 4, 'AKF-000012', 'Áo from dài có nón tay dài màu Hồng sọc phối đen', '2008-05-01', 485, 'img_sp/nu/ao kieu/AKF-000012.jpg', 21, 24, '', 6, 1);
INSERT INTO `webtm_sanpham` VALUES (87, 4, 'AKF-000013', 'Áo sơmi tay ngắn CK màu Trắng', '2008-05-06', 260, 'img_sp/nu/ao kieu/AKF-000013.jpg', 45, 45, '', 12, 1);
INSERT INTO `webtm_sanpham` VALUES (88, 4, 'AKF-000014', 'Áo kiểu mitu Trắng ren ngực ngắn tay', '2008-05-01', 200, 'img_sp/nu/ao kieu/AKF-000014.jpg', 21, 24, '', 6, 1);
INSERT INTO `webtm_sanpham` VALUES (89, 4, 'AKF-000015', 'Áo thun dây có lớp voan dài màu rêu', '2008-06-02', 280, 'img_sp/nu/ao kieu/AKF-000015.jpg', 45, 44, '', 45, 1);
INSERT INTO `webtm_sanpham` VALUES (90, 4, 'AKF-000016', 'Áo thun kiểu cổ tròn sát cánh thân bo màu Đen', '2008-05-01', 210, 'img_sp/nu/ao kieu/AKF-000016.jpg', 21, 24, '', 6, 1);
INSERT INTO `webtm_sanpham` VALUES (91, 4, 'AKF-000017', 'Áo thun đô ngắn màu Xanh', '2008-05-01', 130, 'img_sp/nu/ao kieu/AKF-000017.jpg', 21, 24, '', 6, 1);
INSERT INTO `webtm_sanpham` VALUES (92, 4, 'AKF-000018', 'Áo kiểu cổ tròn tay phồng viền bèo vàng thân màu Nâu', '2008-05-01', 155, 'img_sp/nu/ao kieu/AKF-000018.jpg', 21, 24, '', 6, 1);
INSERT INTO `webtm_sanpham` VALUES (93, 4, 'AKF-000019', 'Áo kiểu cổ tròn tay phồg nhỏ chấm bi to màu Nâu trắng', '2008-05-01', 155, 'img_sp/nu/ao kieu/AKF-000019.jpg', 21, 24, '', 6, 1);
INSERT INTO `webtm_sanpham` VALUES (94, 4, 'AKF-000020', 'Áo kiểu cổ tim đứng tay phồng kết nút màu Đen', '2008-05-01', 165, 'img_sp/nu/ao kieu/AKF-000020.jpg', 21, 24, '', 6, 1);
INSERT INTO `webtm_sanpham` VALUES (129, 5, 'QDF-000001', 'QUẦN JEANS DÀI XANH WASH', '2008-05-03', 162, 'img_sp/nu/Quan dai/QDF-000001.jpg', 11, 9, '', 2, 1);
INSERT INTO `webtm_sanpham` VALUES (130, 5, 'QDF-000002', 'Quần JEAN nữ màu Xanh biển', '2008-05-03', 185, 'img_sp/nu/Quan dai/QDF-000002.jpg', 11, 9, '', 2, 1);
INSERT INTO `webtm_sanpham` VALUES (131, 5, 'QDF-000003', 'Quần JEANS màu Xanh nhạt', '2008-05-03', 185, 'img_sp/nu/Quan dai/QDF-000003.jpg', 11, 9, '', 2, 1);
INSERT INTO `webtm_sanpham` VALUES (132, 5, 'QDF-000004', 'Quần JEANS thái màu Trắng', '2008-05-03', 185, 'img_sp/nu/Quan dai/QDF-000004.jpg', 11, 9, '', 2, 1);
INSERT INTO `webtm_sanpham` VALUES (133, 5, 'QDF-000005', 'Quần Nhung nữ màu Nâu', '2008-05-03', 199, 'img_sp/nu/Quan dai/QDF-000005.jpg', 11, 9, '', 2, 1);
INSERT INTO `webtm_sanpham` VALUES (134, 5, 'QDF-000006', 'QUẦN JEANS DÀI MÀU XANH LỢT WASH', '2008-05-03', 207, 'img_sp/nu/Quan dai/QDF-000006.jpg', 11, 9, '', 2, 1);
INSERT INTO `webtm_sanpham` VALUES (135, 5, 'QDF-000007', 'Quần dài kaki đinh nút túi màu Trắng', '2008-05-03', 210, 'img_sp/nu/Quan dai/QDF-000007.jpg', 11, 9, '', 2, 1);
INSERT INTO `webtm_sanpham` VALUES (136, 5, 'QDF-000008', 'QUẦN JEANS DÀI DIESEL MÀU XANH LẠT', '2008-05-03', 225, 'img_sp/nu/Quan dai/QDF-000008.jpg', 11, 9, '', 2, 1);
INSERT INTO `webtm_sanpham` VALUES (137, 5, 'QDF-000009', 'Quần đắp vải LINEN', '2008-05-03', 230, 'img_sp/nu/Quan dai/QDF-000009.jpg', 11, 9, '', 2, 1);
INSERT INTO `webtm_sanpham` VALUES (138, 5, 'QDF-000010', 'Quần JEANS màu đen thêu túi sau', '2008-05-03', 235, 'img_sp/nu/Quan dai/QDF-000010.jpg', 11, 9, '', 2, 1);
INSERT INTO `webtm_sanpham` VALUES (139, 5, 'QDF-000011', 'Quần nỉ dài có hai túi màu Xám', '2008-05-03', 240, 'img_sp/nu/Quan dai/QDF-000011.jpg', 11, 9, '', 2, 1);
INSERT INTO `webtm_sanpham` VALUES (140, 5, 'QDF-000012', 'Quần JEANS tím thêu hoa túi sau màu Tím', '2008-05-03', 275, 'img_sp/nu/Quan dai/QDF-000012.jpg', 11, 9, '', 2, 1);
INSERT INTO `webtm_sanpham` VALUES (141, 5, 'QDF-000013', 'Quần jeans màu xanh nhạt', '2008-05-03', 320, 'img_sp/nu/Quan dai/QDF-000013.jpg', 11, 9, '', 2, 1);
INSERT INTO `webtm_sanpham` VALUES (142, 5, 'QDF-000014', 'Quần jeans màu xanh nhạt wash đùi', '2008-05-03', 320, 'img_sp/nu/Quan dai/QDF-000014.jpg', 11, 9, '', 2, 1);
INSERT INTO `webtm_sanpham` VALUES (143, 5, 'QDF-000015', 'Quần JEAN 269 màu Đen', '2008-05-03', 340, 'img_sp/nu/Quan dai/QDF-000015.jpg', 11, 9, '', 2, 1);
INSERT INTO `webtm_sanpham` VALUES (144, 5, 'QDF-000016', 'Quần kaki dài kết đá màu Xanh biển', '2008-05-03', 345, 'img_sp/nu/Quan dai/QDF-000016.jpg', 11, 9, '', 2, 1);
INSERT INTO `webtm_sanpham` VALUES (145, 5, 'QDF-000017', 'Quần JEAN nữ CLASSIC màu Đen', '2008-05-03', 350, 'img_sp/nu/Quan dai/QDF-000017.jpg', 11, 9, '', 2, 1);
INSERT INTO `webtm_sanpham` VALUES (146, 5, 'QDF-000018', 'Quần JEAN nữ CLASSIC màu Đen', '2008-05-03', 350, 'img_sp/nu/Quan dai/QDF-000018.jpg', 11, 9, '', 2, 1);
INSERT INTO `webtm_sanpham` VALUES (147, 5, 'QDF-000019', 'Quần JEANS CAVALLI màu Xám', '2008-05-03', 350, 'img_sp/nu/Quan dai/QDF-000019.jpg', 11, 9, '', 2, 1);
INSERT INTO `webtm_sanpham` VALUES (148, 5, 'QDF-000020', 'Quần JEANS dài màu Đỏ Đô', '2008-05-03', 350, 'img_sp/nu/Quan dai/QDF-000020.jpg', 11, 9, '', 2, 1);
INSERT INTO `webtm_sanpham` VALUES (174, 6, 'QSF-000001', 'Quần short màu Đen', '2008-05-04', 80, 'img_sp/nu/quan short-lung/QSF-000001.jpg', 26, 5, '', 12, 1);
INSERT INTO `webtm_sanpham` VALUES (175, 6, 'QSF-000002', 'Quần thun ôm nhún la gắn nơi màu Trắng', '2008-05-04', 85, 'img_sp/nu/quan short-lung/QSF-000002.jpg', 26, 5, '', 12, 1);
INSERT INTO `webtm_sanpham` VALUES (176, 6, 'QSF-000003', 'Quần thun ôm nhún lai màu Đen chấm bi trắng', '2008-05-04', 85, 'img_sp/nu/quan short-lung/QSF-000003.jpg', 26, 5, '', 12, 1);
INSERT INTO `webtm_sanpham` VALUES (177, 6, 'QSF-000004', 'Quần short màu trắng đính nút to', '2008-05-04', 90, 'img_sp/nu/quan short-lung/QSF-000004.jpg', 26, 5, '', 12, 1);
INSERT INTO `webtm_sanpham` VALUES (178, 6, 'QSF-000005', 'Quần JEANS short màu Xanh', '2008-05-04', 100, 'img_sp/nu/quan short-lung/QSF-000005.jpg', 26, 5, '', 12, 1);
INSERT INTO `webtm_sanpham` VALUES (179, 6, 'QSF-000006', 'Quần short kaki màu sọc xanh lá', '2008-05-04', 100, 'img_sp/nu/quan short-lung/QSF-000006.jpg', 26, 5, '', 12, 1);
INSERT INTO `webtm_sanpham` VALUES (180, 6, 'QSF-000007', 'Quần short đen', '2008-05-04', 135, 'img_sp/nu/quan short-lung/QSF-000007.jpg', 26, 5, '', 12, 1);
INSERT INTO `webtm_sanpham` VALUES (181, 6, 'QSF-000008', 'Quần kaki lửng sọc xanh đen', '2008-05-04', 150, 'img_sp/nu/quan short-lung/QSF-000008.jpg', 26, 5, '', 12, 1);
INSERT INTO `webtm_sanpham` VALUES (182, 6, 'QSF-000009', 'Quần short màu Xanh đậm', '2008-05-04', 150, 'img_sp/nu/quan short-lung/QSF-000009.jpg', 26, 5, '', 12, 1);
INSERT INTO `webtm_sanpham` VALUES (183, 6, 'QSF-000010', 'Quần short nhung nhiều túi màu Vàng đồng', '2008-05-04', 160, 'img_sp/nu/quan short-lung/QSF-000010.jpg', 26, 5, '', 12, 1);
INSERT INTO `webtm_sanpham` VALUES (184, 6, 'QSF-000011', 'Quần đùi jean', '2008-05-04', 170, 'img_sp/nu/quan short-lung/QSF-000011.jpg', 26, 5, '', 12, 1);
INSERT INTO `webtm_sanpham` VALUES (185, 6, 'QSF-000012', 'Quần short +thắt lưng đính đá màu Kem', '2008-05-04', 170, 'img_sp/nu/quan short-lung/QSF-000012.jpg', 26, 5, '', 12, 1);
INSERT INTO `webtm_sanpham` VALUES (186, 6, 'QSF-000013', 'Quần lửng 2 túi màu Xanh biển', '2008-05-04', 180, 'img_sp/nu/quan short-lung/QSF-000013.jpg', 26, 5, '', 12, 1);
INSERT INTO `webtm_sanpham` VALUES (187, 6, 'QSF-000014', 'Quần lửng BEBE màu Xanh đậm', '2008-05-04', 180, 'img_sp/nu/quan short-lung/QSF-000014.jpg', 26, 5, '', 12, 1);
INSERT INTO `webtm_sanpham` VALUES (188, 6, 'QSF-000015', 'Quần kaki lửng màu Đen', '2008-05-04', 190, 'img_sp/nu/quan short-lung/QSF-000015.jpg', 26, 5, '', 12, 1);
INSERT INTO `webtm_sanpham` VALUES (189, 6, 'QSF-000016', 'Quần short lửng màu Trắng', '2008-05-04', 190, 'img_sp/nu/quan short-lung/QSF-000016.jpg', 26, 5, '', 12, 1);
INSERT INTO `webtm_sanpham` VALUES (190, 6, 'QSF-000017', 'Quần lửng có dây nịt giả màu Xám', '2008-05-04', 200, 'img_sp/nu/quan short-lung/QSF-000017.jpg', 26, 5, '', 12, 1);
INSERT INTO `webtm_sanpham` VALUES (191, 6, 'QSF-000018', 'Quần short lửng màu Xanh chuối', '2008-05-04', 200, 'img_sp/nu/quan short-lung/QSF-000018.jpg', 26, 5, '', 12, 1);
INSERT INTO `webtm_sanpham` VALUES (192, 6, 'QSF-000019', 'Quần short sọc carô màu Kem xanh', '2008-05-04', 200, 'img_sp/nu/quan short-lung/QSF-000019.jpg', 26, 5, '', 12, 1);
INSERT INTO `webtm_sanpham` VALUES (193, 6, 'QSF-000020', 'Quần lửng sọc carô', '2008-05-04', 204, 'img_sp/nu/quan short-lung/QSF-000020.jpg', 26, 5, '', 12, 1);
INSERT INTO `webtm_sanpham` VALUES (234, 7, 'VAF-000001', 'Váy vải màu Trắng phối ca rô', '2008-05-05', 65, 'img_sp/nu/Vay/VAF-000001.jpg', 30, 3, '', 17, 1);
INSERT INTO `webtm_sanpham` VALUES (235, 7, 'VAF-000002', 'Váy xòe trắng, phối ca rô đỏ ấn tượng và dễ thương', '2008-05-05', 85, 'img_sp/nu/Vay/VAF-000002.jpg', 30, 3, '', 17, 1);
INSERT INTO `webtm_sanpham` VALUES (236, 7, 'VAF-000003', 'Váy hoa bi đen vải voan', '2008-05-05', 140, 'img_sp/nu/Vay/VAF-000003.jpg', 30, 3, '', 17, 1);
INSERT INTO `webtm_sanpham` VALUES (237, 7, 'VAF-000004', 'Váy màu Cam xếp li', '2008-05-05', 170, 'img_sp/nu/Vay/VAF-000004.jpg', 30, 3, '', 17, 1);
INSERT INTO `webtm_sanpham` VALUES (238, 7, 'VAF-000005', 'Váy ngắn sọc carô màu Đỏ đen', '2008-05-05', 170, 'img_sp/nu/Vay/VAF-000005.jpg', 30, 3, '', 17, 1);
INSERT INTO `webtm_sanpham` VALUES (239, 7, 'VAF-000006', 'Váy màu Nâu xếp li có dây nịt', '2008-05-05', 180, 'img_sp/nu/Vay/VAF-000006.jpg', 30, 3, '', 17, 1);
INSERT INTO `webtm_sanpham` VALUES (240, 7, 'VAF-000007', 'Váy ngắn màu Tím', '2008-05-05', 180, 'img_sp/nu/Vay/VAF-000007.jpg', 30, 3, '', 17, 1);
INSERT INTO `webtm_sanpham` VALUES (241, 7, 'VAF-000008', 'Váy ngắn màu Hồng', '2008-05-05', 185, 'img_sp/nu/Vay/VAF-000008.jpg', 30, 3, '', 17, 1);
INSERT INTO `webtm_sanpham` VALUES (242, 7, 'VAF-000009', 'Váy Jean lửng màu Xám', '2008-05-05', 190, 'img_sp/nu/Vay/VAF-000009.jpg', 30, 3, '', 17, 1);
INSERT INTO `webtm_sanpham` VALUES (243, 7, 'VAF-000010', 'Váy Kaki màu xanh lá cây', '2008-05-05', 190, 'img_sp/nu/Vay/VAF-000010.jpg', 30, 3, '', 17, 1);
INSERT INTO `webtm_sanpham` VALUES (244, 7, 'VAF-000011', 'Váy kaki màu Kem', '2008-05-05', 199, 'img_sp/nu/Vay/VAF-000011.jpg', 30, 3, '', 17, 1);
INSERT INTO `webtm_sanpham` VALUES (245, 7, 'VAF-000012', 'Váy xếp li màu Vàng', '2008-05-05', 199, 'img_sp/nu/Vay/VAF-000012.jpg', 30, 3, '', 17, 1);
INSERT INTO `webtm_sanpham` VALUES (246, 7, 'VAF-000013', 'Váy JEANS viền đỏ màu Xanh', '2008-05-05', 220, 'img_sp/nu/Vay/VAF-000013.jpg', 30, 3, '', 17, 1);
INSERT INTO `webtm_sanpham` VALUES (247, 7, 'VAF-000014', 'Váy xếp li xòe đườ g viền trắng quanh lai màu Đen', '2008-05-05', 200, 'img_sp/nu/Vay/VAF-000014.jpg', 30, 3, '', 17, 1);
INSERT INTO `webtm_sanpham` VALUES (248, 7, 'VAF-000015', 'Váy lửng xòe ca rô màu Nâu', '2008-05-05', 210, 'img_sp/nu/Vay/VAF-000015.jpg', 30, 3, '', 17, 1);
INSERT INTO `webtm_sanpham` VALUES (249, 7, 'VAF-000016', 'Váy ngắn sọc Trắng đỏ', '2008-05-05', 210, 'img_sp/nu/Vay/VAF-000016.jpg', 30, 3, '', 17, 1);
INSERT INTO `webtm_sanpham` VALUES (250, 7, 'VAF-000017', 'Váy JEANS nữ màu Xanh đen', '2008-05-05', 229, 'img_sp/nu/Vay/VAF-000017.jpg', 30, 3, '', 17, 1);
INSERT INTO `webtm_sanpham` VALUES (251, 7, 'VAF-000018', 'Váy nhún màu Cà phê sữa', '2008-05-06', 230, 'img_sp/nu/Vay/VAF-000018.jpg', 23, 7, '', 5, 1);
INSERT INTO `webtm_sanpham` VALUES (252, 7, 'VAF-000019', 'Váy JEAN ngắn 2 tầng lưng da bò màu Xanh biển', '2008-05-06', 235, 'img_sp/nu/Vay/VAF-000019.jpg', 23, 7, '', 5, 1);
INSERT INTO `webtm_sanpham` VALUES (253, 7, 'VAF-000020', 'Váy trắng nhã nhặn', '2008-05-06', 243, 'img_sp/nu/Vay/VAF-000020.jpg', 23, 7, '', 5, 1);
INSERT INTO `webtm_sanpham` VALUES (261, 8, 'BQF-000001', 'Bộ quần áo lửng HK màu cam cà rốt', '2008-05-06', 120, 'img_sp/nu/bo ao quan/BQF-000001.jpg', 23, 7, '', 5, 1);
INSERT INTO `webtm_sanpham` VALUES (262, 8, 'BQF-000002', 'Bộ quần áo lửng HK màu Đen', '2008-05-06', 120, 'img_sp/nu/bo ao quan/BQF-000002.jpg', 23, 7, '', 5, 1);
INSERT INTO `webtm_sanpham` VALUES (263, 8, 'BQF-000003', 'Bộ áo quần lửng HK màu cam', '2008-05-06', 129, 'img_sp/nu/bo ao quan/BQF-000003.jpg', 23, 7, '', 5, 1);
INSERT INTO `webtm_sanpham` VALUES (264, 8, 'BQF-000004', 'Bộ áo quần Nam nữ', '2008-05-06', 129, 'img_sp/nu/bo ao quan/BQF-000004.jpg', 23, 7, '', 5, 1);
INSERT INTO `webtm_sanpham` VALUES (265, 8, 'BQF-000005', 'Bộ áo quần Nữ thời trang', '2008-05-06', 129, 'img_sp/nu/bo ao quan/BQF-000005.jpg', 23, 7, '', 5, 1);
INSERT INTO `webtm_sanpham` VALUES (266, 8, 'BQF-000006', 'Bộ áo quần lửng HK màu cam', '2008-05-06', 130, 'img_sp/nu/bo ao quan/BQF-000006.jpg', 23, 7, '', 5, 1);
INSERT INTO `webtm_sanpham` VALUES (267, 8, 'BQF-000007', 'Bộ áo quần lửng HK màu đen', '2008-05-06', 130, 'img_sp/nu/bo ao quan/BQF-000007.jpg', 23, 7, '', 5, 1);
INSERT INTO `webtm_sanpham` VALUES (268, 8, 'BQF-000008', 'Bộ áo quần dài Nam nữ', '2008-05-06', 149, 'img_sp/nu/bo ao quan/BQF-000008.jpg', 23, 7, '', 5, 1);
INSERT INTO `webtm_sanpham` VALUES (269, 8, 'BQF-000009', 'Bộ áo quần Nam nữ', '2008-05-06', 149, 'img_sp/nu/bo ao quan/BQF-000009.jpg', 23, 7, '', 5, 1);
INSERT INTO `webtm_sanpham` VALUES (270, 8, 'BQF-000010', 'Bộ áo quần Nam nữ', '2008-05-06', 149, 'img_sp/nu/bo ao quan/BQF-000010.jpg', 23, 7, '', 5, 1);
INSERT INTO `webtm_sanpham` VALUES (271, 8, 'BQF-000011', 'Bộ áo quần nam nữ ngắn', '2008-05-06', 149, 'img_sp/nu/bo ao quan/BQF-000011.jpg', 23, 7, '', 5, 1);
INSERT INTO `webtm_sanpham` VALUES (272, 8, 'BQF-000012', 'Bộ áo quần Nam nữ', '2008-05-06', 149, 'img_sp/nu/bo ao quan/BQF-000012.jpg', 23, 7, '', 5, 1);
INSERT INTO `webtm_sanpham` VALUES (273, 8, 'BQF-000013', 'Bộ áo quần Nam nữ', '2008-05-06', 149, 'img_sp/nu/bo ao quan/BQF-000013.jpg', 23, 7, '', 5, 1);
INSERT INTO `webtm_sanpham` VALUES (274, 8, 'BQF-000014', 'Bộ áo quần Nam nữ', '2008-05-06', 149, 'img_sp/nu/bo ao quan/BQF-000014.jpg', 23, 7, '', 5, 1);
INSERT INTO `webtm_sanpham` VALUES (275, 8, 'BQF-000015', 'Bộ áo quần Nam Nữ thể thao', '2008-05-06', 169, 'img_sp/nu/bo ao quan/BQF-000015.jpg', 23, 7, '', 5, 1);
INSERT INTO `webtm_sanpham` VALUES (276, 8, 'BQF-000016', 'Bộ áo quần short trẻ trung màu trắng', '2008-05-06', 180, 'img_sp/nu/bo ao quan/BQF-000016.jpg', 23, 7, '', 5, 1);
INSERT INTO `webtm_sanpham` VALUES (277, 8, 'BQF-000017', 'Bộ áo quần Nữ thời trang', '2008-05-06', 199, 'img_sp/nu/bo ao quan/BQF-000017.jpg', 23, 7, '', 5, 1);
INSERT INTO `webtm_sanpham` VALUES (278, 8, 'BQF-000018', 'Áo cổ tim bông dưới lai màu Xanh+Quần lửng trắng', '2008-05-06', 235, 'img_sp/nu/bo ao quan/BQF-000018.jpg', 23, 7, '', 5, 1);
INSERT INTO `webtm_sanpham` VALUES (279, 8, 'BQF-000019', 'Bộ áo quần trắng +Áo ba lổ sọc Trắng xanh', '2008-05-06', 145, 'img_sp/nu/bo ao quan/BQF-000019.jpg', 23, 7, '', 5, 1);
INSERT INTO `webtm_sanpham` VALUES (280, 8, 'BQF-000020', 'Áo cổ đổ màu Cam+Quần lửng màu Đen', '2008-05-06', 295, 'img_sp/nu/bo ao quan/BQF-000020.jpg', 23, 7, '', 5, 1);
INSERT INTO `webtm_sanpham` VALUES (281, 8, 'BQF-000021', 'Bộ áo quần cổ U tay ngắn +quần lửng phối màu Trắng nâu', '2008-05-06', 380, 'img_sp/nu/bo ao quan/BQF-000021.jpg', 23, 7, '', 5, 1);
INSERT INTO `webtm_sanpham` VALUES (282, 8, 'BQF-000022', 'Bộ áo quần short màu xanh biển áo màu Đỏ có dấu hòi+thắt lưng', '2008-05-06', 410, 'img_sp/nu/bo ao quan/BQF-000022.jpg', 23, 7, '', 5, 1);
INSERT INTO `webtm_sanpham` VALUES (283, 9, 'BVF-000001', 'Bộ áo váy cổ thuyền tay dài màu Xanh +Kem', '2008-05-06', 380, 'img_sp/nu/bo ao vay/BVF-000001.jpg', 23, 7, '', 5, 1);
INSERT INTO `webtm_sanpham` VALUES (284, 9, 'BVF-000002', 'Bộ áo váy cổ tim tay dài váy xòe màu Nâu', '2008-05-06', 380, 'img_sp/nu/bo ao vay/BVF-000002.jpg', 23, 7, '', 5, 1);
INSERT INTO `webtm_sanpham` VALUES (285, 9, 'BVF-000003', 'Bộ áo váy cổ tim tay lỡ +váy ngắn xòe viền màu Hồng vàng', '2008-05-06', 380, 'img_sp/nu/bo ao vay/BVF-000003.jpg', 23, 7, '', 5, 1);
INSERT INTO `webtm_sanpham` VALUES (286, 9, 'BVF-000004', 'Bộ áo váy cổ U rộng tay hồng lỡ +váychữ A màu Xanh lá', '2008-05-06', 380, 'img_sp/nu/bo ao vay/BVF-000004.jpg', 23, 7, '', 5, 1);
INSERT INTO `webtm_sanpham` VALUES (287, 9, 'BVF-000005', 'Bộ áo váy cổ u tim tay phồng + váy xòe màu Nâu kem', '2008-05-06', 380, 'img_sp/nu/bo ao vay/BVF-000005.jpg', 23, 7, '', 5, 1);
INSERT INTO `webtm_sanpham` VALUES (288, 9, 'BVF-000006', 'Bộ áo váy dạng yếm viền ren hồng váy xòe màu Đen phối hồng', '2008-05-06', 380, 'img_sp/nu/bo ao vay/BVF-000006.jpg', 23, 7, '', 5, 1);
INSERT INTO `webtm_sanpham` VALUES (289, 9, 'BVF-000007', 'Bộ vest kaki thun màu Xanh + Váy trắng', '2008-05-06', 478, 'img_sp/nu/bo ao vay/BVF-000007.jpg', 23, 7, '', 5, 1);
INSERT INTO `webtm_sanpham` VALUES (290, 9, 'BVF-000008', 'Đầm liền váy trắng + Áo gi lê màu đen', '2008-05-06', 855, 'img_sp/nu/bo ao vay/BVF-000008.jpg', 23, 7, '', 5, 1);
INSERT INTO `webtm_sanpham` VALUES (291, 10, 'ATM-000001', 'Áo thun Nam có cổ tay ngắn in hình hai túi màu Xám', '2008-05-06', 139, 'img_sp/nam/Ao thun/ATM-000001.jpg', 23, 7, '', 5, 1);
INSERT INTO `webtm_sanpham` VALUES (292, 10, 'ATM-000002', 'Áo thun Nam cổ tròn tay ngắn sọc ngang thêu hình nhện màu Trắng đen', '2008-05-06', 139, 'img_sp/nam/Ao thun/cccccc.jpg', 23, 7, '', 5, 1);
INSERT INTO `webtm_sanpham` VALUES (293, 10, 'ATM-000003', 'Áo thun cá sấu tay ngắn màu Xanh lá', '2008-05-06', 150, 'img_sp/nam/Ao thun/ATM-000003.jpg', 23, 7, '', 5, 1);
INSERT INTO `webtm_sanpham` VALUES (294, 10, 'ATM-000004', 'Áo thun IIEJ cổ tròn tay ngắn in hình đầu lâu màu Cam', '2008-05-06', 150, 'img_sp/nam/Ao thun/ATM-000004.jpg', 23, 7, '', 5, 1);
INSERT INTO `webtm_sanpham` VALUES (295, 10, 'ATM-000005', 'Áo thun IIEJ cổ tròn tay ngắn in hình màu Xanh biển', '2008-05-06', 150, 'img_sp/nam/Ao thun/ATM-000005.jpg', 23, 7, '', 5, 1);
INSERT INTO `webtm_sanpham` VALUES (296, 10, 'ATM-000006', 'Áo thun ngắn tay cổ tròn viền đen màu Hồng in hình', '2008-05-06', 150, 'img_sp/nam/Ao thun/ATM-000006.jpg', 23, 7, '', 5, 1);
INSERT INTO `webtm_sanpham` VALUES (297, 10, 'ATM-000007', 'Áo thun ngắn tay cổ tròn viền đen màu Xanh đậm', '2008-05-06', 150, 'img_sp/nam/Ao thun/ATM-000007.jpg', 23, 7, '', 5, 1);
INSERT INTO `webtm_sanpham` VALUES (298, 10, 'ATM-000008', 'Áo thun ngắn tay tin hình con khỉ màu Nâu', '2008-05-06', 150, 'img_sp/nam/Ao thun/ATM-000008.jpg', 23, 7, '', 5, 1);
INSERT INTO `webtm_sanpham` VALUES (299, 10, 'ATM-000009', 'Áo thun ngắn tay Vàng sọc đen xanh đỏ ngắn tay', '2008-05-06', 150, 'img_sp/nam/Ao thun/ATM-000009.jpg', 23, 7, '', 5, 1);
INSERT INTO `webtm_sanpham` VALUES (300, 10, 'ATM-000010', 'Áo thun tay ngắn màu vàng viền trắng in hình và chữ trước ngực', '2008-05-06', 150, 'img_sp/nam/Ao thun/ATM-000010.jpg', 23, 7, '', 5, 1);
INSERT INTO `webtm_sanpham` VALUES (301, 10, 'ATM-000011', 'Áo thun Nam cổ tròn tay ngắn in hình khỉ màu Trắng', '2008-05-07', 160, 'img_sp/nam/Ao thun/ATM-000011.jpg', 29, 2, '', 15, 1);
INSERT INTO `webtm_sanpham` VALUES (302, 10, 'ATM-000012', 'Áo thun nam cổ tròn tay ngắn in hình màu Đen', '2008-05-07', 160, 'img_sp/nam/Ao thun/ATM-000012.jpg', 29, 2, '', 15, 1);
INSERT INTO `webtm_sanpham` VALUES (303, 10, 'ATM-000013', 'Áo thun Nam cá sấu có cổ tay ngắn sọc ngang màu Xám Trắng', '2008-05-07', 169, 'img_sp/nam/Ao thun/ATM-000013.jpg', 29, 2, '', 15, 1);
INSERT INTO `webtm_sanpham` VALUES (304, 10, 'ATM-000014', 'Áo thun EQUAL ngắn tay cổ áo sơmi thêu tay màu Xám sọc đen', '2008-05-07', 175, 'img_sp/nam/Ao thun/ATM-000014.jpg', 29, 2, '', 15, 1);
INSERT INTO `webtm_sanpham` VALUES (305, 10, 'ATM-000015', 'Áo thun Nam cổ hình tay ngắn hình ba cố gái màu Đen', '2008-05-07', 180, 'img_sp/nam/Ao thun/ATM-000015.jpg', 29, 2, '', 15, 1);
INSERT INTO `webtm_sanpham` VALUES (306, 10, 'ATM-000016', 'Áo thun Nam cổ tim tay ngắn màu Xanh', '2008-05-07', 180, 'img_sp/nam/Ao thun/ATM-000016.jpg', 29, 2, '', 15, 1);
INSERT INTO `webtm_sanpham` VALUES (307, 10, 'ATM-000017', 'Áo thun Nam cổ tròn tay ngắn viền hồng màu Xanh biển', '2008-05-07', 180, 'img_sp/nam/Ao thun/ATM-000017.jpg', 29, 2, '', 15, 1);
INSERT INTO `webtm_sanpham` VALUES (308, 10, 'ATM-000018', 'Áo thun Nam tay ngắn màu Hồng sọc xám', '2008-05-07', 180, 'img_sp/nam/Ao thun/ATM-000018.jpg', 29, 2, '', 15, 1);
INSERT INTO `webtm_sanpham` VALUES (309, 10, 'ATM-000019', 'Áo thun Nam cổ tròn tay ngắn màu Trắng GULAIXI', '2008-05-07', 189, 'img_sp/nam/Ao thun/ATM-000019.jpg', 29, 2, '', 15, 1);
INSERT INTO `webtm_sanpham` VALUES (310, 10, 'ATM-000020', 'Áo len cổ tim ngắn tay màu Trắng', '2008-05-07', 190, 'img_sp/nam/Ao thun/ATM-000020.jpg', 29, 2, '', 15, 1);
INSERT INTO `webtm_sanpham` VALUES (318, 11, 'ASM-000001', 'Áo sơmi công sở tay dài trắng', '2008-05-07', 111, 'img_sp/nam/Ao so mi/ASM-000001.jpg', 29, 2, '', 15, 1);
INSERT INTO `webtm_sanpham` VALUES (319, 11, 'ASM-000002', 'Áo sơ mi ngắn tay carô xanh trắng', '2008-05-07', 129, 'img_sp/nam/Ao so mi/ASM-000002.jpg', 29, 2, '', 15, 1);
INSERT INTO `webtm_sanpham` VALUES (320, 11, 'ASM-000003', 'Áo sơ mi ngắn tay trắng đỏ', '2008-05-07', 129, 'img_sp/nam/Ao so mi/ASM-000003.jpg', 29, 2, '', 15, 1);
INSERT INTO `webtm_sanpham` VALUES (321, 11, 'ASM-000004', 'Áo sơmi Nam tay ngắn Cotton màu Xám đỏ', '2008-05-07', 129, 'img_sp/nam/Ao so mi/ASM-000004.jpg', 29, 2, '', 15, 1);
INSERT INTO `webtm_sanpham` VALUES (322, 11, 'ASM-000005', 'Áo sơmi Nam tay ngắn VERSACE màu Trắng', '2008-05-07', 129, 'img_sp/nam/Ao so mi/ASM-000005.jpg', 29, 2, '', 15, 1);
INSERT INTO `webtm_sanpham` VALUES (323, 11, 'ASM-000006', 'Áo sơ mi tay dài hoa văn màu Xanh lá trắng', '2008-05-07', 139, 'img_sp/nam/Ao so mi/ASM-000006.jpg', 29, 2, '', 15, 1);
INSERT INTO `webtm_sanpham` VALUES (324, 11, 'ASM-000007', 'Áo sơ mi tay dài hoa văn màu Trắng', '2008-05-07', 149, 'img_sp/nam/Ao so mi/ASM-000007.jpg', 29, 2, '', 15, 1);
INSERT INTO `webtm_sanpham` VALUES (325, 11, 'ASM-000008', 'Áo sơ mi tay dài hoa văn màu trắng', '2008-05-07', 149, 'img_sp/nam/Ao so mi/ASM-000008.jpg', 29, 2, '', 15, 1);
INSERT INTO `webtm_sanpham` VALUES (326, 11, 'ASM-000009', 'Áo sơmi Nam tay ngắn Cotton màu Xám sọc trắng', '2008-05-07', 149, 'img_sp/nam/Ao so mi/ASM-000009.jpg', 29, 2, '', 15, 1);
INSERT INTO `webtm_sanpham` VALUES (327, 11, 'ASM-000010', 'Áo sơ mi tay dài sọc Kem', '2008-05-07', 159, 'img_sp/nam/Ao so mi/ASM-000010.jpg', 29, 2, '', 15, 1);
INSERT INTO `webtm_sanpham` VALUES (328, 11, 'ASM-000011', 'Áo sơmi Nam tay ngắn Cotton sọc đỏ Đen', '2008-05-07', 159, 'img_sp/nam/Ao so mi/ASM-000011.jpg', 29, 2, '', 15, 1);
INSERT INTO `webtm_sanpham` VALUES (329, 11, 'ASM-000012', 'Áo sơmi Nam tay ngắn in chữ màu Trắng', '2008-05-07', 159, 'img_sp/nam/Ao so mi/ASM-000012.jpg', 29, 2, '', 15, 1);
INSERT INTO `webtm_sanpham` VALUES (330, 11, 'ASM-000013', 'Áo sơ mi tay dài sọc Hồng sen', '2008-05-07', 169, 'img_sp/nam/Ao so mi/ASM-000013.jpg', 29, 2, '', 15, 1);
INSERT INTO `webtm_sanpham` VALUES (331, 11, 'ASM-000014', 'Áo sơ mi tay dài sọc Rêu', '2008-05-07', 169, 'img_sp/nam/Ao so mi/ASM-000014.jpg', 29, 2, '', 15, 1);
INSERT INTO `webtm_sanpham` VALUES (332, 11, 'ASM-000015', 'Áo sơ mi tay dài sọc Trắng cam', '2008-05-07', 169, 'img_sp/nam/Ao so mi/ASM-000015.jpg', 29, 2, '', 15, 1);
INSERT INTO `webtm_sanpham` VALUES (333, 11, 'ASM-000016', 'Áo sơmi cotton tay dài hoa dây đen', '2008-05-07', 169, 'img_sp/nam/Ao so mi/ASM-000016.jpg', 29, 2, '', 15, 1);
INSERT INTO `webtm_sanpham` VALUES (334, 11, 'ASM-000017', 'Áo sơmi cotton tay dài sọcđen kim tuyến', '2008-05-07', 169, 'img_sp/nam/Ao so mi/ASM-000017.jpg', 29, 2, '', 15, 1);
INSERT INTO `webtm_sanpham` VALUES (335, 11, 'ASM-000018', 'Áo sơmi Nam cổ tàu tay ngắn hoa văn màu Vàng đồng', '2008-05-07', 169, 'img_sp/nam/Ao so mi/ASM-000018.jpg', 29, 2, '', 15, 1);
INSERT INTO `webtm_sanpham` VALUES (336, 11, 'ASM-000019', 'Áo sơ mi tay dài sọc Cam xanh lá', '2008-05-07', 179, 'img_sp/nam/Ao so mi/ASM-000019.jpg', 29, 2, '', 15, 1);
INSERT INTO `webtm_sanpham` VALUES (337, 11, 'ASM-000020', 'Áo sơmi tay dài màu Vàng thêu hình trước ngực', '2008-05-07', 190, 'img_sp/nam/Ao so mi/ASM-000020.jpg', 29, 2, '', 15, 1);
INSERT INTO `webtm_sanpham` VALUES (345, 12, 'ACM-000001', 'Áo khoác PUMA màu Cam đen', '2008-05-07', 195, 'img_sp/nam/Ao khoac/ACM-000001.jpg', 29, 2, '', 15, 1);
INSERT INTO `webtm_sanpham` VALUES (346, 12, 'ACM-000002', 'Áo khoác đen kaki', '2008-05-07', 250, 'img_sp/nam/Ao khoac/ACM-000002.jpg', 29, 2, '', 15, 1);
INSERT INTO `webtm_sanpham` VALUES (347, 12, 'ACM-000003', 'Áo khoác KAPPA màu Đen', '2008-05-07', 270, 'img_sp/nam/Ao khoac/ACM-000003.jpg', 29, 2, '', 15, 1);
INSERT INTO `webtm_sanpham` VALUES (348, 12, 'ACM-000004', 'Áo khoác màu Đen viền trắng', '2008-05-07', 295, 'img_sp/nam/Ao khoac/ACM-000004.jpg', 29, 2, '', 15, 1);
INSERT INTO `webtm_sanpham` VALUES (349, 12, 'ACM-000005', 'Áo khoác ENGGRIE cổ sọc túi trước màu Trắng', '2008-05-07', 370, 'img_sp/nam/Ao khoac/ACM-000005.jpg', 29, 2, '', 15, 1);
INSERT INTO `webtm_sanpham` VALUES (350, 12, 'ACM-000006', 'Áo khoác màu Đen chấm bi trắng', '2008-05-07', 395, 'img_sp/nam/Ao khoac/ACM-000006.jpg', 29, 2, '', 15, 1);
INSERT INTO `webtm_sanpham` VALUES (351, 12, 'ACM-000007', 'Áo khoác tay dài màu Nâu viền trắng', '2008-05-08', 420, 'img_sp/nam/Ao khoac/ACM-000007.jpg', 35, 8, '', 32, 1);
INSERT INTO `webtm_sanpham` VALUES (352, 12, 'ACM-000008', 'Áo khoác JACK JONE tay dài hình nhền nhện màu Trắng', '2008-05-08', 550, 'img_sp/nam/Ao khoac/ACM-000008.jpg', 35, 8, '', 32, 1);
INSERT INTO `webtm_sanpham` VALUES (353, 13, 'QSM-000001', 'QUẦN SHORT JEANS NAM MÀU XANH ĐẬM', '2008-05-08', 120, 'img_sp/nam/Quan short/QSM-000001.jpg', 35, 8, '', 32, 1);
INSERT INTO `webtm_sanpham` VALUES (354, 13, 'QSM-000002', 'Bộ áo quần Nam nữ', '2008-05-08', 149, 'img_sp/nam/Quan short/QSM-000002.jpg', 35, 8, '', 32, 1);
INSERT INTO `webtm_sanpham` VALUES (355, 13, 'QSM-000003', 'Quần short Xám SUGAR', '2008-05-08', 250, 'img_sp/nam/Quan short/QSM-000003.jpg', 35, 8, '', 32, 1);
INSERT INTO `webtm_sanpham` VALUES (356, 13, 'QSM-000004', 'Quần short Xám SWGAR', '2008-05-08', 250, 'img_sp/nam/Quan short/QSM-000004.jpg', 35, 8, '', 32, 1);
INSERT INTO `webtm_sanpham` VALUES (357, 13, 'QSM-000005', 'Quần short Nam sọc ca rô màu Vàng Xanh', '2008-05-08', 280, 'img_sp/nam/Quan short/QSM-000005.jpg', 35, 8, '', 32, 1);
INSERT INTO `webtm_sanpham` VALUES (358, 13, 'QSM-000006', 'Quần short Nam sọc vàng', '2008-05-08', 280, 'img_sp/nam/Quan short/QSM-000006.jpg', 35, 8, '', 32, 1);
INSERT INTO `webtm_sanpham` VALUES (359, 13, 'QSM-000007', 'Quần short Nam sọc Xanh', '2008-05-08', 280, 'img_sp/nam/Quan short/QSM-000007.jpg', 35, 8, '', 32, 1);
INSERT INTO `webtm_sanpham` VALUES (360, 13, 'QSM-000008', 'Quần short Nam kaki màu Rêu', '2008-05-08', 320, 'img_sp/nam/Quan short/QSM-000008.jpg', 35, 8, '', 32, 1);
INSERT INTO `webtm_sanpham` VALUES (361, 13, 'QSM-000009', 'Quần lửng thêu 1 ống vàng nhạt', '2008-05-08', 340, 'img_sp/nam/Quan short/QSM-000009.jpg', 35, 8, '', 32, 1);
INSERT INTO `webtm_sanpham` VALUES (362, 13, 'QSM-000010', 'Quần short Nam buột rút màu Trắng', '2008-05-08', 380, 'img_sp/nam/Quan short/QSM-000010.jpg', 35, 8, '', 32, 1);
INSERT INTO `webtm_sanpham` VALUES (363, 13, 'QSM-000011', 'Quần short Nam túi hộp lai tua màu Kem', '2008-05-08', 380, 'img_sp/nam/Quan short/QSM-000011.jpg', 35, 8, '', 32, 1);
INSERT INTO `webtm_sanpham` VALUES (364, 13, 'QSM-000012', 'Quần lửng 2 lưng sau', '2008-05-08', 400, 'img_sp/nam/Quan short/QSM-000012.jpg', 35, 8, '', 32, 1);
INSERT INTO `webtm_sanpham` VALUES (365, 13, 'QSM-000013', 'Quần short Nam D&G dây kéo màu Xám', '2008-05-08', 490, 'img_sp/nam/Quan short/QSM-000013.jpg', 35, 8, '', 32, 1);
INSERT INTO `webtm_sanpham` VALUES (366, 13, 'QSM-000014', 'Quần lửng kaki D&G 2 lưng màu đen', '2008-05-08', 550, 'img_sp/nam/Quan short/QSM-000014.jpg', 35, 8, '', 32, 1);
INSERT INTO `webtm_sanpham` VALUES (367, 14, 'QDM-000001', 'Quần jeasn nam màu xanh', '2008-05-08', 179, 'img_sp/nam/Quan dai/QDM-000001.jpg', 35, 8, '', 32, 1);
INSERT INTO `webtm_sanpham` VALUES (368, 14, 'QDM-000002', 'QUẦN JEANS 2 LƯNG màu xanh xám', '2008-05-08', 197, 'img_sp/nam/Quan dai/QDM-000002.jpg', 35, 8, '', 32, 1);
INSERT INTO `webtm_sanpham` VALUES (369, 14, 'QDM-000003', 'QUẦN JEANS DÀI NAM MÀU XANH BẠC', '2008-05-08', 220, 'img_sp/nam/Quan dai/QDM-000003.jpg', 35, 8, '', 32, 1);
INSERT INTO `webtm_sanpham` VALUES (370, 14, 'QDM-000004', 'Quần JEAN nam JPM màu Xanh biển', '2008-05-08', 230, 'img_sp/nam/Quan dai/QDM-000004.jpg', 35, 8, '', 32, 1);
INSERT INTO `webtm_sanpham` VALUES (371, 14, 'QDM-000005', 'Quần JEAN Nam suông viền chỉ đỏ màu Xanh bạc', '2008-05-08', 239, 'img_sp/nam/Quan dai/QDM-000005.jpg', 35, 8, '', 32, 1);
INSERT INTO `webtm_sanpham` VALUES (372, 14, 'QDM-000006', 'Quần JEAN nam wash kiểu túi dây kéo lớn màu Xanh biển', '2008-05-08', 240, 'img_sp/nam/Quan dai/QDM-000006.jpg', 35, 8, '', 32, 1);
INSERT INTO `webtm_sanpham` VALUES (373, 14, 'QDM-000007', 'Quần Kaki Nam màu Nâu sọc vàng', '2008-05-08', 250, 'img_sp/nam/Quan dai/QDM-000007.jpg', 35, 8, '', 32, 1);
INSERT INTO `webtm_sanpham` VALUES (374, 14, 'QDM-000008', 'Quần Kaki Nam sọc carô Sọc vàng trắng đen', '2008-05-08', 250, 'img_sp/nam/Quan dai/QDM-000008.jpg', 35, 8, '', 32, 1);
INSERT INTO `webtm_sanpham` VALUES (375, 14, 'QDM-000009', 'Quần Kaki Nam sọc carô Trắng Đen', '2008-05-08', 250, 'img_sp/nam/Quan dai/QDM-000009.jpg', 35, 8, '', 32, 1);
INSERT INTO `webtm_sanpham` VALUES (376, 14, 'QDM-000010', 'Quần JEAN nam túi sau kiểu màu Xanh biển', '2008-05-08', 270, 'img_sp/nam/Quan dai/QDM-000010.jpg', 35, 8, '', 32, 1);
INSERT INTO `webtm_sanpham` VALUES (377, 14, 'QDM-000011', 'Quần jean nam màu đất', '2008-05-08', 289, 'img_sp/nam/Quan dai/QDM-000011.jpg', 35, 8, '', 32, 1);
INSERT INTO `webtm_sanpham` VALUES (378, 14, 'QDM-000012', 'Quần JEANS Nam màu Đen túi hộp G STAR RAW', '2008-05-08', 295, 'img_sp/nam/Quan dai/QDM-000012.jpg', 35, 8, '', 32, 1);
INSERT INTO `webtm_sanpham` VALUES (379, 14, 'QDM-000013', 'Quần JEANS Nam màu Xanh hoa văn chỉ đỏ sau túi', '2008-05-08', 295, 'img_sp/nam/Quan dai/QDM-000013.jpg', 35, 8, '', 32, 1);
INSERT INTO `webtm_sanpham` VALUES (380, 14, 'QDM-000014', 'Quần jean nam màu xanh', '2008-05-08', 299, 'img_sp/nam/Quan dai/QDM-000014.jpg', 35, 8, '', 32, 1);
INSERT INTO `webtm_sanpham` VALUES (381, 14, 'QDM-000015', 'Quần JEAN Nam suông viền chỉ vàng wash đùi màu Xanh biển', '2008-05-08', 299, 'img_sp/nam/Quan dai/QDM-000015.jpg', 35, 8, '', 32, 1);
INSERT INTO `webtm_sanpham` VALUES (382, 14, 'QDM-000016', 'Quần JEAN nam MYPL màu Xanh biền', '2008-05-08', 300, 'img_sp/nam/Quan dai/QDM-000016.jpg', 35, 8, '', 32, 1);
INSERT INTO `webtm_sanpham` VALUES (383, 14, 'QDM-000017', 'Quần JEANS Nam màu Xanh đen wash vàng Cam', '2008-05-08', 320, 'img_sp/nam/Quan dai/QDM-000017.jpg', 35, 8, '', 32, 1);
INSERT INTO `webtm_sanpham` VALUES (384, 14, 'QDM-000018', 'Quần JEAN nam T.R.F màu Trắng xanh', '2008-05-08', 329, 'img_sp/nam/Quan dai/QDM-000018.jpg', 35, 8, '', 32, 1);
INSERT INTO `webtm_sanpham` VALUES (385, 14, 'QDM-000019', 'Quần JEANS Nam đen wash đùi hình túi sau', '2008-05-08', 330, 'img_sp/nam/Quan dai/QDM-000019.jpg', 35, 8, '', 32, 1);
INSERT INTO `webtm_sanpham` VALUES (386, 14, 'QDM-000020', 'Quần JEANS Nam màu Xám in chữ đen túi sau', '2008-05-08', 330, 'img_sp/nam/Quan dai/QDM-000020.jpg', 35, 8, '', 32, 1);
INSERT INTO `webtm_sanpham` VALUES (432, 9, 'BVF-000009', 'Bộ áo quần cổ U tay ngắn +quần lửng phối màu Trắng nâu', '2008-05-14', 650, 'img_sp/nu/bo ao vay/BVF-000009.jpg', 43, 1, '', 23, 1);
INSERT INTO `webtm_sanpham` VALUES (433, 9, 'BVF-000010', 'fafeafdsa', '2008-05-14', 520, 'img_sp/nu/bo ao vay/BVF-000010.jpg', 43, 1, '', 23, 1);
INSERT INTO `webtm_sanpham` VALUES (434, 9, 'BVF-000000', 'Áo cổ tim bông dưới lai màu Xanh+Quần lửng trắng', '2008-05-14', 750, 'img_sp/nu/bo ao vay/BVF-0000005.jpg', 43, 1, '', 23, 1);
INSERT INTO `webtm_sanpham` VALUES (435, 9, 'BVF-000011', 'Áo khoác JACK JONE tay dài hình nhền nhện màu Trắng', '2008-05-14', 750, 'img_sp/nu/bo ao vay/BVF-000011.jpg', 43, 1, '', 23, 1);
INSERT INTO `webtm_sanpham` VALUES (436, 9, 'BVF-000012', 'Áo khoác tay dài màu Nâu viền trắng', '2008-05-14', 960, 'img_sp/nu/bo ao vay/BVF-000012.jpg', 43, 1, '', 23, 1);
INSERT INTO `webtm_sanpham` VALUES (438, 19, 'TXF-000009', 'wadaw', '2008-05-14', 300, 'img_sp/nu/Tui xach/TXF-000009.jpg', 43, 1, '', 23, 1);
INSERT INTO `webtm_sanpham` VALUES (439, 19, 'TXF-000008', 'Váy xếp li màu Vàng', '2008-05-14', 500, 'img_sp/nu/Tui xach/TXF-000008.jpg', 43, 1, '', 23, 1);
INSERT INTO `webtm_sanpham` VALUES (440, 19, 'TXF-000007', 'Áo khoác ENGGRIE cổ sọc túi trước màu Trắng', '2008-05-14', 250, 'img_sp/nu/Tui xach/TXF-000007.jpg', 43, 1, '', 23, 1);
INSERT INTO `webtm_sanpham` VALUES (441, 19, 'TXF-000006', 'Áo khoác màu Đen chấm bi trắng', '2008-05-14', 400, 'img_sp/nu/Tui xach/TXF-000006.jpg', 43, 1, '', 23, 1);
INSERT INTO `webtm_sanpham` VALUES (442, 19, 'TXF-000005', 'Áo sơ mi ngắn tay trắng đỏ', '2008-05-14', 650, 'img_sp/nu/Tui xach/TXF-000005.jpg', 43, 1, '', 23, 1);
INSERT INTO `webtm_sanpham` VALUES (443, 19, 'TXF-000004', 'Áo khoác KAPPA màu Đen', '2008-05-14', 500, 'img_sp/nu/Tui xach/TXF-000003.jpg', 43, 1, '', 23, 1);
INSERT INTO `webtm_sanpham` VALUES (444, 19, 'TXF-000002', 'Áo khoác màu Đen viền trắng', '2008-05-14', 550, 'img_sp/nu/Tui xach/TXF-000002.jpg', 43, 1, '', 23, 1);
INSERT INTO `webtm_sanpham` VALUES (445, 19, 'TXF-000001', 'Áo khoác tay dài màu Nâu viền trắng', '2008-05-14', 460, 'img_sp/nu/Tui xach/TXF-000001.jpg', 43, 1, '', 23, 1);
INSERT INTO `webtm_sanpham` VALUES (446, 19, 'TXF-000004', 'Áo len cổ tim tay dài sọc xám', '2008-05-14', 600, 'img_sp/nu/Tui xach/TXF-000004.jpg', 43, 1, '', 23, 1);

-- --------------------------------------------------------

-- 
-- Table structure for table `webtm_user`
-- 

CREATE TABLE `webtm_user` (
  `idUser` int(11) NOT NULL auto_increment,
  `HoTen` varchar(100) NOT NULL default '',
  `DiaChi` varchar(255) NOT NULL,
  `DienThoai` varchar(255) NOT NULL,
  `Username` varchar(50) NOT NULL default '',
  `Password` varchar(50) NOT NULL,
  `Email` varchar(255) NOT NULL default '',
  `NgayDangKy` date NOT NULL default '0000-00-00',
  `idGroup` int(11) NOT NULL default '0',
  `NgaySinh` date default NULL,
  `GioiTinh` tinyint(1) default NULL,
  `Active` int(11) default NULL,
  `RandomKey` varchar(255) default NULL,
  `LoginNumber` int(11) default '0',
  PRIMARY KEY  (`idUser`),
  UNIQUE KEY `Username` (`Username`)
) ENGINE=MyISAM DEFAULT CHARSET=utf8 AUTO_INCREMENT=5 ;

-- 
-- Dumping data for table `webtm_user`
-- 

INSERT INTO `webtm_user` VALUES (1, 'Nguyen Van Teo', '123 Cung vàng, Điện Ngọc, Mặt Trăng', '99 999 9999', 'teonv', '123', 'teo@yahoo.com', '2008-01-01', 1, '0000-00-00', 0, NULL, NULL, 0);
INSERT INTO `webtm_user` VALUES (2, 'Le Van Ty', '00/00 Chac Ca Dao  ', '9999 99 9', 'a', 'a', 'a@gomeo.com', '2008-01-01', 0, NULL, 0, NULL, NULL, 0);
INSERT INTO `webtm_user` VALUES (3, 'Trần  văn Lượm', '123 Meo meo', '123 321', 'b', 'b', 'luom@gomeo.com', '2008-01-01', 1, NULL, 0, NULL, NULL, 0);
INSERT INTO `webtm_user` VALUES (4, 'Nguyen Van Gia Hu', 'Hu hu', '111 222 333', 'GiaHu', 'huhu', 'huhu@giahu.com', '0000-00-00', 0, '2008-04-30', NULL, NULL, NULL, 0);

-- --------------------------------------------------------

-- 
-- Table structure for table `webtm_userlog`
-- 

CREATE TABLE `webtm_userlog` (
  `id` int(11) NOT NULL auto_increment,
  `idUser` int(11) NOT NULL,
  `IPAddress` varchar(50) NOT NULL,
  `LastLoginDate` datetime NOT NULL,
  `LastAvtiveDate` datetime NOT NULL,
  `Session` varchar(100) NOT NULL,
  PRIMARY KEY  (`id`)
) ENGINE=MyISAM DEFAULT CHARSET=utf8 AUTO_INCREMENT=1 ;

-- 
-- Dumping data for table `webtm_userlog`
-- 


-- --------------------------------------------------------

-- 
-- Table structure for table `zgallery_hinh`
-- 

CREATE TABLE `zgallery_hinh` (
  `idHinh` int(11) NOT NULL auto_increment,
  `Mota` varchar(255) NOT NULL,
  `TenFile` varchar(255) NOT NULL,
  `idLoaiHinh` int(11) NOT NULL,
  PRIMARY KEY  (`idHinh`)
) ENGINE=MyISAM DEFAULT CHARSET=utf8 AUTO_INCREMENT=445 ;

-- 
-- Dumping data for table `zgallery_hinh`
-- 

INSERT INTO `zgallery_hinh` VALUES (1, '', '151056.JPG', 1);
INSERT INTO `zgallery_hinh` VALUES (2, '', '191025.JPG', 1);
INSERT INTO `zgallery_hinh` VALUES (3, '', '191057.JPG', 1);
INSERT INTO `zgallery_hinh` VALUES (4, '', '345001.JPG', 1);
INSERT INTO `zgallery_hinh` VALUES (5, '', '345010.JPG', 1);
INSERT INTO `zgallery_hinh` VALUES (6, '', '345044.JPG', 1);
INSERT INTO `zgallery_hinh` VALUES (7, '', '345085.JPG', 1);
INSERT INTO `zgallery_hinh` VALUES (8, '', '345086.JPG', 1);
INSERT INTO `zgallery_hinh` VALUES (9, '', '44057.JPG', 1);
INSERT INTO `zgallery_hinh` VALUES (10, '', '460001.JPG', 1);
INSERT INTO `zgallery_hinh` VALUES (11, '', '460017.JPG', 1);
INSERT INTO `zgallery_hinh` VALUES (12, '', '460084.JPG', 1);
INSERT INTO `zgallery_hinh` VALUES (13, '', '460093.JPG', 1);
INSERT INTO `zgallery_hinh` VALUES (14, '', '479002.JPG', 1);
INSERT INTO `zgallery_hinh` VALUES (15, '', 'AV009.JPG', 1);
INSERT INTO `zgallery_hinh` VALUES (16, '', 'AV031.JPG', 1);
INSERT INTO `zgallery_hinh` VALUES (17, '', 'bandoc2p.jpg', 1);
INSERT INTO `zgallery_hinh` VALUES (18, '', 'bennuocp.jpg', 1);
INSERT INTO `zgallery_hinh` VALUES (19, '', 'caobang4p.jpg', 1);
INSERT INTO `zgallery_hinh` VALUES (20, '', 'catbap.jpg', 1);
INSERT INTO `zgallery_hinh` VALUES (21, '', 'dalatp.jpg', 1);
INSERT INTO `zgallery_hinh` VALUES (22, '', 'ganhsonp.jpg', 1);
INSERT INTO `zgallery_hinh` VALUES (23, '', 'halong5p.jpg', 1);
INSERT INTO `zgallery_hinh` VALUES (24, '', 'HI011.JPG', 1);
INSERT INTO `zgallery_hinh` VALUES (25, '', 'HI031.JPG', 1);
INSERT INTO `zgallery_hinh` VALUES (26, '', 'HI044.JPG', 1);
INSERT INTO `zgallery_hinh` VALUES (27, '', 'hoguomp.jpg', 1);
INSERT INTO `zgallery_hinh` VALUES (28, '', 'JJ000330.jpg', 1);
INSERT INTO `zgallery_hinh` VALUES (29, '', 'JJ000331.jpg', 1);
INSERT INTO `zgallery_hinh` VALUES (30, '', 'JJ000338.jpg', 1);
INSERT INTO `zgallery_hinh` VALUES (31, '', 'JJ000340.jpg', 1);
INSERT INTO `zgallery_hinh` VALUES (32, '', 'JJ000341.jpg', 1);
INSERT INTO `zgallery_hinh` VALUES (33, '', 'JJ000346.jpg', 1);
INSERT INTO `zgallery_hinh` VALUES (34, '', 'JJ000347.jpg', 1);
INSERT INTO `zgallery_hinh` VALUES (35, '', 'JJ000353.jpg', 1);
INSERT INTO `zgallery_hinh` VALUES (36, '', 'JJ000357.jpg', 1);
INSERT INTO `zgallery_hinh` VALUES (37, '', 'JJ000359.jpg', 1);
INSERT INTO `zgallery_hinh` VALUES (38, '', 'JJ000367.jpg', 1);
INSERT INTO `zgallery_hinh` VALUES (39, '', 'JJ000371.jpg', 1);
INSERT INTO `zgallery_hinh` VALUES (40, '', 'JJ000375.jpg', 1);
INSERT INTO `zgallery_hinh` VALUES (41, '', 'JJ000376.jpg', 1);
INSERT INTO `zgallery_hinh` VALUES (42, '', 'JJ000378.jpg', 1);
INSERT INTO `zgallery_hinh` VALUES (43, '', 'JJ000379.jpg', 1);
INSERT INTO `zgallery_hinh` VALUES (44, '', 'JJ000381.jpg', 1);
INSERT INTO `zgallery_hinh` VALUES (45, '', 'mientayp.jpg', 1);
INSERT INTO `zgallery_hinh` VALUES (46, '', 'NLA_051.JPG', 1);
INSERT INTO `zgallery_hinh` VALUES (47, '', 'SSGP2123.JPG', 1);
INSERT INTO `zgallery_hinh` VALUES (48, '', 'SSGP2217.JPG', 1);
INSERT INTO `zgallery_hinh` VALUES (49, '', 'SSGP2220.JPG', 1);
INSERT INTO `zgallery_hinh` VALUES (50, '', 'SSGP2238.JPG', 1);
INSERT INTO `zgallery_hinh` VALUES (51, '', 'SSGP2404.JPG', 1);
INSERT INTO `zgallery_hinh` VALUES (52, '', 'SSGP2405.JPG', 1);
INSERT INTO `zgallery_hinh` VALUES (53, '', 'SSGP2416.JPG', 1);
INSERT INTO `zgallery_hinh` VALUES (54, '', 'SSGP2482.JPG', 1);
INSERT INTO `zgallery_hinh` VALUES (55, '', 'SSGP2707.JPG', 1);
INSERT INTO `zgallery_hinh` VALUES (56, '', 'SSGP2812.JPG', 1);
INSERT INTO `zgallery_hinh` VALUES (57, '', 'SSGP2885.JPG', 1);
INSERT INTO `zgallery_hinh` VALUES (58, '', 'SSGP2917.JPG', 1);
INSERT INTO `zgallery_hinh` VALUES (59, '', 'SSGP2919.JPG', 1);
INSERT INTO `zgallery_hinh` VALUES (60, '', 'SSGP2920.JPG', 1);
INSERT INTO `zgallery_hinh` VALUES (61, '', 'SSGP2921.JPG', 1);
INSERT INTO `zgallery_hinh` VALUES (62, '', 'SSGP3185.JPG', 1);
INSERT INTO `zgallery_hinh` VALUES (63, '', 'SSGP3780.JPG', 1);
INSERT INTO `zgallery_hinh` VALUES (64, '', 'SSGP3781.JPG', 1);
INSERT INTO `zgallery_hinh` VALUES (65, '', 'SSGP3832.JPG', 1);
INSERT INTO `zgallery_hinh` VALUES (66, '', 'SSGP3833.JPG', 1);
INSERT INTO `zgallery_hinh` VALUES (67, '', 'SSGP3954.JPG', 1);
INSERT INTO `zgallery_hinh` VALUES (68, '', 'SSGP3960.JPG', 1);
INSERT INTO `zgallery_hinh` VALUES (69, '', 'SSGP4311.JPG', 1);
INSERT INTO `zgallery_hinh` VALUES (70, '', 'SSGP4357.JPG', 1);
INSERT INTO `zgallery_hinh` VALUES (71, '', 'SSGP4387.JPG', 1);
INSERT INTO `zgallery_hinh` VALUES (72, '', 'SSGP5614.JPG', 1);
INSERT INTO `zgallery_hinh` VALUES (73, '', 'SSGP5667.JPG', 1);
INSERT INTO `zgallery_hinh` VALUES (74, '', 'SSGP5731.JPG', 1);
INSERT INTO `zgallery_hinh` VALUES (75, '', 'SSGP5732.JPG', 1);
INSERT INTO `zgallery_hinh` VALUES (76, '', 'SSGP5859.JPG', 1);
INSERT INTO `zgallery_hinh` VALUES (77, '', 'SSGP6093.JPG', 1);
INSERT INTO `zgallery_hinh` VALUES (78, '', 'SSGP6104.JPG', 1);
INSERT INTO `zgallery_hinh` VALUES (79, '', 'SSGP6181.JPG', 1);
INSERT INTO `zgallery_hinh` VALUES (80, '', 'tamcop.jpg', 1);
INSERT INTO `zgallery_hinh` VALUES (81, '', 'TF000294.jpg', 1);
INSERT INTO `zgallery_hinh` VALUES (82, '', 'TF000395.jpg', 1);
INSERT INTO `zgallery_hinh` VALUES (83, '', 'THA02014.JPG', 1);
INSERT INTO `zgallery_hinh` VALUES (84, '', 'THA02015.JPG', 1);
INSERT INTO `zgallery_hinh` VALUES (85, '', 'THA02067.JPG', 1);
INSERT INTO `zgallery_hinh` VALUES (86, '', 'THA03057.JPG', 1);
INSERT INTO `zgallery_hinh` VALUES (87, '', 'THA03058.JPG', 1);
INSERT INTO `zgallery_hinh` VALUES (88, '', 'TR053.JPG', 1);
INSERT INTO `zgallery_hinh` VALUES (89, '', 'WP095.JPG', 1);
INSERT INTO `zgallery_hinh` VALUES (90, '', '049.jpg', 2);
INSERT INTO `zgallery_hinh` VALUES (91, '', '050.jpg', 2);
INSERT INTO `zgallery_hinh` VALUES (92, '', '062.jpg', 2);
INSERT INTO `zgallery_hinh` VALUES (93, '', '081.jpg', 2);
INSERT INTO `zgallery_hinh` VALUES (94, '', '084.jpg', 2);
INSERT INTO `zgallery_hinh` VALUES (95, '', '085.jpg', 2);
INSERT INTO `zgallery_hinh` VALUES (96, '', '086.jpg', 2);
INSERT INTO `zgallery_hinh` VALUES (97, '', '101.jpg', 2);
INSERT INTO `zgallery_hinh` VALUES (98, '', '102.jpg', 2);
INSERT INTO `zgallery_hinh` VALUES (99, '', '109.jpg', 2);
INSERT INTO `zgallery_hinh` VALUES (100, '', '111.jpg', 2);
INSERT INTO `zgallery_hinh` VALUES (101, '', '112.jpg', 2);
INSERT INTO `zgallery_hinh` VALUES (102, '', '113.jpg', 2);
INSERT INTO `zgallery_hinh` VALUES (103, '', '116.jpg', 2);
INSERT INTO `zgallery_hinh` VALUES (104, '', '120.jpg', 2);
INSERT INTO `zgallery_hinh` VALUES (105, '', '121.jpg', 2);
INSERT INTO `zgallery_hinh` VALUES (106, '', '123.jpg', 2);
INSERT INTO `zgallery_hinh` VALUES (107, '', '124.jpg', 2);
INSERT INTO `zgallery_hinh` VALUES (108, '', '126.jpg', 2);
INSERT INTO `zgallery_hinh` VALUES (109, '', '128.jpg', 2);
INSERT INTO `zgallery_hinh` VALUES (110, '', '133.jpg', 2);
INSERT INTO `zgallery_hinh` VALUES (111, '', '134.jpg', 2);
INSERT INTO `zgallery_hinh` VALUES (112, '', '139.jpg', 2);
INSERT INTO `zgallery_hinh` VALUES (113, '', '141.jpg', 2);
INSERT INTO `zgallery_hinh` VALUES (114, '', '144.jpg', 2);
INSERT INTO `zgallery_hinh` VALUES (115, '', '146.jpg', 2);
INSERT INTO `zgallery_hinh` VALUES (116, '', '148.jpg', 2);
INSERT INTO `zgallery_hinh` VALUES (117, '', '149.jpg', 2);
INSERT INTO `zgallery_hinh` VALUES (118, '', '150.jpg', 2);
INSERT INTO `zgallery_hinh` VALUES (119, '', '152.jpg', 2);
INSERT INTO `zgallery_hinh` VALUES (120, '', '153.jpg', 2);
INSERT INTO `zgallery_hinh` VALUES (121, '', '154.jpg', 2);
INSERT INTO `zgallery_hinh` VALUES (122, '', '161.jpg', 2);
INSERT INTO `zgallery_hinh` VALUES (123, '', '162.jpg', 2);
INSERT INTO `zgallery_hinh` VALUES (124, '', '163.jpg', 2);
INSERT INTO `zgallery_hinh` VALUES (125, '', '165.jpg', 2);
INSERT INTO `zgallery_hinh` VALUES (126, '', '166.jpg', 2);
INSERT INTO `zgallery_hinh` VALUES (127, '', '168.jpg', 2);
INSERT INTO `zgallery_hinh` VALUES (128, '', '44.jpg', 2);
INSERT INTO `zgallery_hinh` VALUES (129, '', '50.jpg', 2);
INSERT INTO `zgallery_hinh` VALUES (130, '', '58.jpg', 2);
INSERT INTO `zgallery_hinh` VALUES (131, '', '59.jpg', 2);
INSERT INTO `zgallery_hinh` VALUES (132, '', '65.jpg', 2);
INSERT INTO `zgallery_hinh` VALUES (133, '', '69.jpg', 2);
INSERT INTO `zgallery_hinh` VALUES (134, '', '71.jpg', 2);
INSERT INTO `zgallery_hinh` VALUES (135, '', '72.jpg', 2);
INSERT INTO `zgallery_hinh` VALUES (136, '', '77.jpg', 2);
INSERT INTO `zgallery_hinh` VALUES (137, '', '87.jpg', 2);
INSERT INTO `zgallery_hinh` VALUES (138, '', '89.jpg', 2);
INSERT INTO `zgallery_hinh` VALUES (139, '', 'hoasen.jpg', 2);
INSERT INTO `zgallery_hinh` VALUES (140, '', 'mua%20thu%20puskin.jpg', 2);
INSERT INTO `zgallery_hinh` VALUES (141, '', 'Pink-flowers.jpg', 2);
INSERT INTO `zgallery_hinh` VALUES (142, '', '104-0426.jpg', 3);
INSERT INTO `zgallery_hinh` VALUES (143, '', '205450_3140.jpg', 3);
INSERT INTO `zgallery_hinh` VALUES (144, '', '209997_7110.jpg', 3);
INSERT INTO `zgallery_hinh` VALUES (145, '', '211312_9169.jpg', 3);
INSERT INTO `zgallery_hinh` VALUES (146, '', '211347_5682.jpg', 3);
INSERT INTO `zgallery_hinh` VALUES (147, '', '211990_3191.jpg', 3);
INSERT INTO `zgallery_hinh` VALUES (148, '', '211997_3407.jpg', 3);
INSERT INTO `zgallery_hinh` VALUES (149, '', '212028_3889.jpg', 3);
INSERT INTO `zgallery_hinh` VALUES (150, '', '212116_6706.jpg', 3);
INSERT INTO `zgallery_hinh` VALUES (151, '', '213176_8882.jpg', 3);
INSERT INTO `zgallery_hinh` VALUES (152, '', '213361_7364.jpg', 3);
INSERT INTO `zgallery_hinh` VALUES (153, '', '213386_2118.jpg', 3);
INSERT INTO `zgallery_hinh` VALUES (154, '', '214027_2446.jpg', 3);
INSERT INTO `zgallery_hinh` VALUES (155, '', '214086_3474.jpg', 3);
INSERT INTO `zgallery_hinh` VALUES (156, '', '214111_2939.jpg', 3);
INSERT INTO `zgallery_hinh` VALUES (157, '', '214114_2728.jpg', 3);
INSERT INTO `zgallery_hinh` VALUES (158, '', '214249_3700.jpg', 3);
INSERT INTO `zgallery_hinh` VALUES (159, '', '214250_2570.jpg', 3);
INSERT INTO `zgallery_hinh` VALUES (160, '', '214305_7998.jpg', 3);
INSERT INTO `zgallery_hinh` VALUES (161, '', '214405_2282.jpg', 3);
INSERT INTO `zgallery_hinh` VALUES (162, '', '214462_9580.jpg', 3);
INSERT INTO `zgallery_hinh` VALUES (163, '', '214488_6542.jpg', 3);
INSERT INTO `zgallery_hinh` VALUES (164, '', '214496_9039.jpg', 3);
INSERT INTO `zgallery_hinh` VALUES (165, '', '214497_8588.jpg', 3);
INSERT INTO `zgallery_hinh` VALUES (166, '', '214498_4148.jpg', 3);
INSERT INTO `zgallery_hinh` VALUES (167, '', '214646_7434.jpg', 3);
INSERT INTO `zgallery_hinh` VALUES (168, '', '214865_6429.jpg', 3);
INSERT INTO `zgallery_hinh` VALUES (169, '', '214867_6002.jpg', 3);
INSERT INTO `zgallery_hinh` VALUES (170, '', '215048_2059.jpg', 3);
INSERT INTO `zgallery_hinh` VALUES (171, '', '215262_2300.jpg', 3);
INSERT INTO `zgallery_hinh` VALUES (172, '', '215284_3518.jpg', 3);
INSERT INTO `zgallery_hinh` VALUES (173, '', '215534_6151.jpg', 3);
INSERT INTO `zgallery_hinh` VALUES (174, '', '215657_1086.jpg', 3);
INSERT INTO `zgallery_hinh` VALUES (175, '', '216074_3418.jpg', 3);
INSERT INTO `zgallery_hinh` VALUES (176, '', '216153_7775.jpg', 3);
INSERT INTO `zgallery_hinh` VALUES (177, '', '216167_9838.jpg', 3);
INSERT INTO `zgallery_hinh` VALUES (178, '', '216169_9050.jpg', 3);
INSERT INTO `zgallery_hinh` VALUES (179, '', '216504_4078.jpg', 3);
INSERT INTO `zgallery_hinh` VALUES (180, '', '216644_8545.jpg', 3);
INSERT INTO `zgallery_hinh` VALUES (181, '', '420637~1.jpg', 3);
INSERT INTO `zgallery_hinh` VALUES (182, '', 'anim0022.jpg', 3);
INSERT INTO `zgallery_hinh` VALUES (183, '', 'animals-001.jpg', 3);
INSERT INTO `zgallery_hinh` VALUES (184, '', 'animals9.jpg', 3);
INSERT INTO `zgallery_hinh` VALUES (185, '', 'animals_bears001.jpg', 3);
INSERT INTO `zgallery_hinh` VALUES (186, '', 'animals_bears003.jpg', 3);
INSERT INTO `zgallery_hinh` VALUES (187, '', 'animals_bears007.jpg', 3);
INSERT INTO `zgallery_hinh` VALUES (188, '', 'animals_bears022.jpg', 3);
INSERT INTO `zgallery_hinh` VALUES (189, '', 'animals_birds002.jpg', 3);
INSERT INTO `zgallery_hinh` VALUES (190, '', 'animals_birds003.jpg', 3);
INSERT INTO `zgallery_hinh` VALUES (191, '', 'animals_birds004.jpg', 3);
INSERT INTO `zgallery_hinh` VALUES (192, '', 'animals_birds005.jpg', 3);
INSERT INTO `zgallery_hinh` VALUES (193, '', 'animals_birds007.jpg', 3);
INSERT INTO `zgallery_hinh` VALUES (194, '', 'animals_birds013.jpg', 3);
INSERT INTO `zgallery_hinh` VALUES (195, '', 'animals_birds016.jpg', 3);
INSERT INTO `zgallery_hinh` VALUES (196, '', 'animals_birds020.jpg', 3);
INSERT INTO `zgallery_hinh` VALUES (197, '', 'animals_birds021.jpg', 3);
INSERT INTO `zgallery_hinh` VALUES (198, '', 'animals_birds022.jpg', 3);
INSERT INTO `zgallery_hinh` VALUES (199, '', 'animals_birds023.jpg', 3);
INSERT INTO `zgallery_hinh` VALUES (200, '', 'animals_birds024.jpg', 3);
INSERT INTO `zgallery_hinh` VALUES (201, '', 'animals_birds030.jpg', 3);
INSERT INTO `zgallery_hinh` VALUES (202, '', 'animals_birds033.jpg', 3);
INSERT INTO `zgallery_hinh` VALUES (203, '', 'animals_birds041.jpg', 3);
INSERT INTO `zgallery_hinh` VALUES (204, '', 'animals_birds045.jpg', 3);
INSERT INTO `zgallery_hinh` VALUES (205, '', 'animals_birds046.jpg', 3);
INSERT INTO `zgallery_hinh` VALUES (206, '', 'animals_birds047.jpg', 3);
INSERT INTO `zgallery_hinh` VALUES (207, '', 'animals_birds048.jpg', 3);
INSERT INTO `zgallery_hinh` VALUES (208, '', 'animals_butterfly004.jpg', 3);
INSERT INTO `zgallery_hinh` VALUES (209, '', 'animals_butterfly012.jpg', 3);
INSERT INTO `zgallery_hinh` VALUES (210, '', 'animals_butterfly015.jpg', 3);
INSERT INTO `zgallery_hinh` VALUES (211, '', 'animals_cats005.jpg', 3);
INSERT INTO `zgallery_hinh` VALUES (212, '', 'animals_cats008.jpg', 3);
INSERT INTO `zgallery_hinh` VALUES (213, '', 'animals_cats025.jpg', 3);
INSERT INTO `zgallery_hinh` VALUES (214, '', 'animals_cats027.jpg', 3);
INSERT INTO `zgallery_hinh` VALUES (215, '', 'animals_cats043.jpg', 3);
INSERT INTO `zgallery_hinh` VALUES (216, '', 'animals_cats051.jpg', 3);
INSERT INTO `zgallery_hinh` VALUES (217, '', 'animals_deer_family002.jpg', 3);
INSERT INTO `zgallery_hinh` VALUES (218, '', 'animals_deer_family006.jpg', 3);
INSERT INTO `zgallery_hinh` VALUES (219, '', 'animals_dogs004.jpg', 3);
INSERT INTO `zgallery_hinh` VALUES (220, '', 'animals_dogs005.jpg', 3);
INSERT INTO `zgallery_hinh` VALUES (221, '', 'animals_dogs007.jpg', 3);
INSERT INTO `zgallery_hinh` VALUES (222, '', 'animals_dolphins006.jpg', 3);
INSERT INTO `zgallery_hinh` VALUES (223, '', 'animals_frogs001.jpg', 3);
INSERT INTO `zgallery_hinh` VALUES (224, '', 'animals_frogs002.jpg', 3);
INSERT INTO `zgallery_hinh` VALUES (225, '', 'animals_giraffes007.jpg', 3);
INSERT INTO `zgallery_hinh` VALUES (226, '', 'animals_horses004.jpg', 3);
INSERT INTO `zgallery_hinh` VALUES (227, '', 'animals_horses007.jpg', 3);
INSERT INTO `zgallery_hinh` VALUES (228, '', 'animals_horses009.jpg', 3);
INSERT INTO `zgallery_hinh` VALUES (229, '', 'BBSilver_ismer_cock2.jpg', 3);
INSERT INTO `zgallery_hinh` VALUES (230, '', 'BLK_CKL.jpg', 3);
INSERT INTO `zgallery_hinh` VALUES (231, '', 'bocap.jpg', 3);
INSERT INTO `zgallery_hinh` VALUES (232, '', 'bocap1.jpg', 3);
INSERT INTO `zgallery_hinh` VALUES (233, '', 'bongua.jpg', 3);
INSERT INTO `zgallery_hinh` VALUES (234, '', 'buom 3.jpg', 3);
INSERT INTO `zgallery_hinh` VALUES (235, '', 'buom.jpg', 3);
INSERT INTO `zgallery_hinh` VALUES (236, '', 'buom1.jpg', 3);
INSERT INTO `zgallery_hinh` VALUES (237, '', 'caocao.jpg', 3);
INSERT INTO `zgallery_hinh` VALUES (238, '', 'caocao1.jpg', 3);
INSERT INTO `zgallery_hinh` VALUES (239, '', 'chica1.jpg', 3);
INSERT INTO `zgallery_hinh` VALUES (240, '', 'chuonchuon.jpg', 3);
INSERT INTO `zgallery_hinh` VALUES (241, '', 'chuonchuon1.jpg', 3);
INSERT INTO `zgallery_hinh` VALUES (242, '', 'cornsnake1.jpg', 3);
INSERT INTO `zgallery_hinh` VALUES (243, '', 'Darbyan%20cock%20-1%20by%20S&J%20Smith.jpg', 3);
INSERT INTO `zgallery_hinh` VALUES (244, '', 'Duck.jpg', 3);
INSERT INTO `zgallery_hinh` VALUES (245, '', 'fish-soup.jpg', 3);
INSERT INTO `zgallery_hinh` VALUES (246, '', 'fish.jpg', 3);
INSERT INTO `zgallery_hinh` VALUES (247, '', 'fish1.jpg', 3);
INSERT INTO `zgallery_hinh` VALUES (248, '', 'img_5108_std.jpg', 3);
INSERT INTO `zgallery_hinh` VALUES (249, '', 'insects11.jpg', 3);
INSERT INTO `zgallery_hinh` VALUES (250, '', 'kiem.jpg', 3);
INSERT INTO `zgallery_hinh` VALUES (251, '', 'landscapes-001.jpg', 3);
INSERT INTO `zgallery_hinh` VALUES (252, '', 'nhen.jpg', 3);
INSERT INTO `zgallery_hinh` VALUES (253, '', 'nhen2.jpg', 3);
INSERT INTO `zgallery_hinh` VALUES (254, '', 'ong.jpg', 3);
INSERT INTO `zgallery_hinh` VALUES (255, '', 'ong2.jpg', 3);
INSERT INTO `zgallery_hinh` VALUES (256, '', 'Pic027.jpg', 3);
INSERT INTO `zgallery_hinh` VALUES (257, '', 'Pic032.jpg', 3);
INSERT INTO `zgallery_hinh` VALUES (258, '', 'Pic036.jpg', 3);
INSERT INTO `zgallery_hinh` VALUES (259, '', 'Pic053.jpg', 3);
INSERT INTO `zgallery_hinh` VALUES (260, '', 'Pic067.jpg', 3);
INSERT INTO `zgallery_hinh` VALUES (261, '', 'Pic072.jpg', 3);
INSERT INTO `zgallery_hinh` VALUES (262, '', 'Pic078.jpg', 3);
INSERT INTO `zgallery_hinh` VALUES (263, '', 'Pic080.jpg', 3);
INSERT INTO `zgallery_hinh` VALUES (264, '', 'Pic092.jpg', 3);
INSERT INTO `zgallery_hinh` VALUES (265, '', 'Pic120.jpg', 3);
INSERT INTO `zgallery_hinh` VALUES (266, '', 'pig.jpg', 3);
INSERT INTO `zgallery_hinh` VALUES (267, '', 'rabbit.jpg', 3);
INSERT INTO `zgallery_hinh` VALUES (268, '', 'Ranger%20Cat.jpg', 3);
INSERT INTO `zgallery_hinh` VALUES (269, '', 'Rice-Fields-in-Central-Laos.jpg', 3);
INSERT INTO `zgallery_hinh` VALUES (270, '', 'ruoi.jpg', 3);
INSERT INTO `zgallery_hinh` VALUES (271, '', 'rupert.jpg', 3);
INSERT INTO `zgallery_hinh` VALUES (272, '', 'S 01.jpg', 3);
INSERT INTO `zgallery_hinh` VALUES (273, '', 'sau.jpg', 3);
INSERT INTO `zgallery_hinh` VALUES (274, '', 'sau1.jpg', 3);
INSERT INTO `zgallery_hinh` VALUES (275, '', 'sau2.jpg', 3);
INSERT INTO `zgallery_hinh` VALUES (276, '', 'Silver_Duckwing_Cock.jpg', 3);
INSERT INTO `zgallery_hinh` VALUES (277, '', 'stmarks7n.jpg', 3);
INSERT INTO `zgallery_hinh` VALUES (278, '', 'tam.jpg', 3);
INSERT INTO `zgallery_hinh` VALUES (279, '', 'tortoise.jpg', 3);
INSERT INTO `zgallery_hinh` VALUES (280, '', 'untitled.bmp', 3);
INSERT INTO `zgallery_hinh` VALUES (281, '', 'wild2.jpg', 3);
INSERT INTO `zgallery_hinh` VALUES (282, '', 'xanimal15_1024.jpg', 3);
INSERT INTO `zgallery_hinh` VALUES (283, '', '537006.jpg', 4);
INSERT INTO `zgallery_hinh` VALUES (284, '', '537010.jpg', 4);
INSERT INTO `zgallery_hinh` VALUES (285, '', '537013.jpg', 4);
INSERT INTO `zgallery_hinh` VALUES (286, '', '537016.jpg', 4);
INSERT INTO `zgallery_hinh` VALUES (287, '', '537019.jpg', 4);
INSERT INTO `zgallery_hinh` VALUES (288, '', '537020.jpg', 4);
INSERT INTO `zgallery_hinh` VALUES (289, '', '537023.jpg', 4);
INSERT INTO `zgallery_hinh` VALUES (290, '', '537024.jpg', 4);
INSERT INTO `zgallery_hinh` VALUES (291, '', '537025.jpg', 4);
INSERT INTO `zgallery_hinh` VALUES (292, '', '537026.jpg', 4);
INSERT INTO `zgallery_hinh` VALUES (293, '', '537030.jpg', 4);
INSERT INTO `zgallery_hinh` VALUES (294, '', '537032.jpg', 4);
INSERT INTO `zgallery_hinh` VALUES (295, '', '537039.jpg', 4);
INSERT INTO `zgallery_hinh` VALUES (296, '', '537046.jpg', 4);
INSERT INTO `zgallery_hinh` VALUES (297, '', '537053.jpg', 4);
INSERT INTO `zgallery_hinh` VALUES (298, '', '537089.jpg', 4);
INSERT INTO `zgallery_hinh` VALUES (299, '', 'Frame 01.jpg', 4);
INSERT INTO `zgallery_hinh` VALUES (300, '', 'Frame 02.jpg', 4);
INSERT INTO `zgallery_hinh` VALUES (301, '', 'Frame 03.jpg', 4);
INSERT INTO `zgallery_hinh` VALUES (302, '', 'Frame 04.jpg', 4);
INSERT INTO `zgallery_hinh` VALUES (303, '', 'Frame 05.jpg', 4);
INSERT INTO `zgallery_hinh` VALUES (304, '', 'Frame 06.jpg', 4);
INSERT INTO `zgallery_hinh` VALUES (305, '', 'Frame 07.jpg', 4);
INSERT INTO `zgallery_hinh` VALUES (306, '', 'Frame 08.jpg', 4);
INSERT INTO `zgallery_hinh` VALUES (307, '', 'Frame 09.jpg', 4);
INSERT INTO `zgallery_hinh` VALUES (308, '', 'Frame 10.jpg', 4);
INSERT INTO `zgallery_hinh` VALUES (309, '', 'Frame 11.jpg', 4);
INSERT INTO `zgallery_hinh` VALUES (310, '', 'Frame 12.jpg', 4);
INSERT INTO `zgallery_hinh` VALUES (311, '', 'Frame 13.jpg', 4);
INSERT INTO `zgallery_hinh` VALUES (312, '', 'Frame 14.jpg', 4);
INSERT INTO `zgallery_hinh` VALUES (313, '', 'Frame 15.jpg', 4);
INSERT INTO `zgallery_hinh` VALUES (314, '', 'Frame 16.jpg', 4);
INSERT INTO `zgallery_hinh` VALUES (315, '', 'Frame 17.jpg', 4);
INSERT INTO `zgallery_hinh` VALUES (316, '', 'Frame 18.jpg', 4);
INSERT INTO `zgallery_hinh` VALUES (317, '', 'Frame 19.jpg', 4);
INSERT INTO `zgallery_hinh` VALUES (318, '', 'Frame 20.jpg', 4);
INSERT INTO `zgallery_hinh` VALUES (319, '', 'Frame 21.jpg', 4);
INSERT INTO `zgallery_hinh` VALUES (320, '', 'Frame 22.jpg', 4);
INSERT INTO `zgallery_hinh` VALUES (321, '', 'Frame 23.jpg', 4);
INSERT INTO `zgallery_hinh` VALUES (322, '', 'Frame 24.jpg', 4);
INSERT INTO `zgallery_hinh` VALUES (323, '', 'Frame 25.jpg', 4);
INSERT INTO `zgallery_hinh` VALUES (324, '', 'KHUNG 07.jpg', 4);
INSERT INTO `zgallery_hinh` VALUES (325, '', 'KHUNG 08.jpg', 4);
INSERT INTO `zgallery_hinh` VALUES (326, '', 'KHUNG 16.jpg', 4);
INSERT INTO `zgallery_hinh` VALUES (327, '', 'KHUNG 26.jpg', 4);
INSERT INTO `zgallery_hinh` VALUES (328, '', 'KHUNG 28.jpg', 4);
INSERT INTO `zgallery_hinh` VALUES (329, '', '1191257232.jpg', 5);
INSERT INTO `zgallery_hinh` VALUES (330, '', '12653724.jpg', 5);
INSERT INTO `zgallery_hinh` VALUES (331, '', '1462309196_fd9dffbd20.jpg', 5);
INSERT INTO `zgallery_hinh` VALUES (332, '', '19072007090sr6.jpg', 5);
INSERT INTO `zgallery_hinh` VALUES (333, '', '4a.jpg', 5);
INSERT INTO `zgallery_hinh` VALUES (334, '', '6a00cdf3a61301cb8f00d4142a78216a47-500pi.jpg', 5);
INSERT INTO `zgallery_hinh` VALUES (335, '', '8327_nongthon_2.jpg', 5);
INSERT INTO `zgallery_hinh` VALUES (336, '', 'images1329290_hoalucbinh.jpg', 5);
INSERT INTO `zgallery_hinh` VALUES (337, '', 'images719097duonglangph5.gif', 5);
INSERT INTO `zgallery_hinh` VALUES (338, '', 'kagaya_a.jpg', 5);
INSERT INTO `zgallery_hinh` VALUES (339, '', 'lang-que.jpg', 5);
INSERT INTO `zgallery_hinh` VALUES (340, '', 'langque.txt', 5);
INSERT INTO `zgallery_hinh` VALUES (341, '', 'langquevn.jpg', 5);
INSERT INTO `zgallery_hinh` VALUES (342, '', 'Thinnhin2.jpg', 5);
INSERT INTO `zgallery_hinh` VALUES (343, '', 'thuan%204B.jpg', 5);
INSERT INTO `zgallery_hinh` VALUES (344, '', 'Trang%20trai%20Dan%20Mach.jpg', 5);
INSERT INTO `zgallery_hinh` VALUES (345, '', 'UpNhAnHzdljodm4ymi1yzuwmdkzzjg1z936330.jpg', 5);
INSERT INTO `zgallery_hinh` VALUES (346, '', '1.JPG', 6);
INSERT INTO `zgallery_hinh` VALUES (347, '', '10.JPG', 6);
INSERT INTO `zgallery_hinh` VALUES (348, '', '11.JPG', 6);
INSERT INTO `zgallery_hinh` VALUES (349, '', '12.JPG', 6);
INSERT INTO `zgallery_hinh` VALUES (350, '', '13.JPG', 6);
INSERT INTO `zgallery_hinh` VALUES (351, '', '14.JPG', 6);
INSERT INTO `zgallery_hinh` VALUES (352, '', '15.JPG', 6);
INSERT INTO `zgallery_hinh` VALUES (353, '', '16.JPG', 6);
INSERT INTO `zgallery_hinh` VALUES (354, '', '17.JPG', 6);
INSERT INTO `zgallery_hinh` VALUES (355, '', '18.JPG', 6);
INSERT INTO `zgallery_hinh` VALUES (356, '', '19.JPG', 6);
INSERT INTO `zgallery_hinh` VALUES (357, '', '2.JPG', 6);
INSERT INTO `zgallery_hinh` VALUES (358, '', '20.JPG', 6);
INSERT INTO `zgallery_hinh` VALUES (359, '', '21.JPG', 6);
INSERT INTO `zgallery_hinh` VALUES (360, '', '22.JPG', 6);
INSERT INTO `zgallery_hinh` VALUES (361, '', '23.JPG', 6);
INSERT INTO `zgallery_hinh` VALUES (362, '', '24.JPG', 6);
INSERT INTO `zgallery_hinh` VALUES (363, '', '25.JPG', 6);
INSERT INTO `zgallery_hinh` VALUES (364, '', '26.JPG', 6);
INSERT INTO `zgallery_hinh` VALUES (365, '', '27.JPG', 6);
INSERT INTO `zgallery_hinh` VALUES (366, '', '28.JPG', 6);
INSERT INTO `zgallery_hinh` VALUES (367, '', '29.JPG', 6);
INSERT INTO `zgallery_hinh` VALUES (368, '', '3.JPG', 6);
INSERT INTO `zgallery_hinh` VALUES (369, '', '4.JPG', 6);
INSERT INTO `zgallery_hinh` VALUES (370, '', '5.JPG', 6);
INSERT INTO `zgallery_hinh` VALUES (371, '', '6.JPG', 6);
INSERT INTO `zgallery_hinh` VALUES (372, '', '7.JPG', 6);
INSERT INTO `zgallery_hinh` VALUES (373, '', '8.JPG', 6);
INSERT INTO `zgallery_hinh` VALUES (374, '', '9.JPG', 6);
INSERT INTO `zgallery_hinh` VALUES (375, '', '253394.jpg', 7);
INSERT INTO `zgallery_hinh` VALUES (376, '', '253419.jpg', 7);
INSERT INTO `zgallery_hinh` VALUES (377, '', 'cam.jpg', 7);
INSERT INTO `zgallery_hinh` VALUES (378, '', 'Chom_chom.jpg', 7);
INSERT INTO `zgallery_hinh` VALUES (379, '', 'chuoi.jpg', 7);
INSERT INTO `zgallery_hinh` VALUES (380, '', 'DSCN2670.JPG', 7);
INSERT INTO `zgallery_hinh` VALUES (381, '', 'dudu.jpg', 7);
INSERT INTO `zgallery_hinh` VALUES (382, '', 'hanh.jpg', 7);
INSERT INTO `zgallery_hinh` VALUES (383, '', 'hong.jpg', 7);
INSERT INTO `zgallery_hinh` VALUES (384, '', 'khe.jpg', 7);
INSERT INTO `zgallery_hinh` VALUES (385, '', 'luu.jpg', 7);
INSERT INTO `zgallery_hinh` VALUES (386, '', 'man ha noi.jpg', 7);
INSERT INTO `zgallery_hinh` VALUES (387, '', 'man5.jpg', 7);
INSERT INTO `zgallery_hinh` VALUES (388, '', 'mangcau.jpg', 7);
INSERT INTO `zgallery_hinh` VALUES (389, '', 'mangcut.jpg', 7);
INSERT INTO `zgallery_hinh` VALUES (390, '', 'oi.jpg', 7);
INSERT INTO `zgallery_hinh` VALUES (391, '', 'raisin.jpg', 7);
INSERT INTO `zgallery_hinh` VALUES (392, '', 'sapo.jpg', 7);
INSERT INTO `zgallery_hinh` VALUES (393, '', 'saurieng.jpg', 7);
INSERT INTO `zgallery_hinh` VALUES (394, '', 'saurieng2.jpg', 7);
INSERT INTO `zgallery_hinh` VALUES (395, '', 'thanhlong.jpg', 7);
INSERT INTO `zgallery_hinh` VALUES (396, '', 'traicay.txt', 7);
INSERT INTO `zgallery_hinh` VALUES (397, '', 'vu sua.jpg', 7);
INSERT INTO `zgallery_hinh` VALUES (398, '', 'xoai.jpg', 7);
INSERT INTO `zgallery_hinh` VALUES (399, '', 'TNT1.jpg', 8);
INSERT INTO `zgallery_hinh` VALUES (400, '', 'TNT2.jpg', 8);
INSERT INTO `zgallery_hinh` VALUES (401, '', 'TNT20 .jpg', 8);
INSERT INTO `zgallery_hinh` VALUES (402, '', 'TNT22.jpg', 8);
INSERT INTO `zgallery_hinh` VALUES (403, '', 'TNT23.jpg', 8);
INSERT INTO `zgallery_hinh` VALUES (404, '', 'TNT24.jpg', 8);
INSERT INTO `zgallery_hinh` VALUES (405, '', 'TNT25.jpg', 8);
INSERT INTO `zgallery_hinh` VALUES (406, '', 'TNT26.jpg', 8);
INSERT INTO `zgallery_hinh` VALUES (407, '', 'TNT27.bmp', 8);
INSERT INTO `zgallery_hinh` VALUES (408, '', 'TNT28.jpg', 8);
INSERT INTO `zgallery_hinh` VALUES (409, '', 'TNT30.jpg', 8);
INSERT INTO `zgallery_hinh` VALUES (410, '', 'TNT31.jpg', 8);
INSERT INTO `zgallery_hinh` VALUES (411, '', 'TNT32 .jpg', 8);
INSERT INTO `zgallery_hinh` VALUES (412, '', 'TNT36.JPG', 8);
INSERT INTO `zgallery_hinh` VALUES (413, '', 'TNT37.JPG', 8);
INSERT INTO `zgallery_hinh` VALUES (414, '', 'TNT38.JPG', 8);
INSERT INTO `zgallery_hinh` VALUES (415, '', 'TNT39.JPG', 8);
INSERT INTO `zgallery_hinh` VALUES (416, '', 'TNT4.jpg', 8);
INSERT INTO `zgallery_hinh` VALUES (417, '', 'TNT40.JPG', 8);
INSERT INTO `zgallery_hinh` VALUES (418, '', 'TNT41.JPG', 8);
INSERT INTO `zgallery_hinh` VALUES (419, '', 'TNT42.JPG', 8);
INSERT INTO `zgallery_hinh` VALUES (420, '', 'TNT43.JPG', 8);
INSERT INTO `zgallery_hinh` VALUES (421, '', 'TNT44.JPG', 8);
INSERT INTO `zgallery_hinh` VALUES (422, '', 'TNT45.JPG', 8);
INSERT INTO `zgallery_hinh` VALUES (423, '', 'TNT49.jpg', 8);
INSERT INTO `zgallery_hinh` VALUES (424, '', 'TNT50.jpg', 8);
INSERT INTO `zgallery_hinh` VALUES (425, '', 'TNT51.jpg', 8);
INSERT INTO `zgallery_hinh` VALUES (426, '', 'TNT52.jpg', 8);
INSERT INTO `zgallery_hinh` VALUES (427, '', 'TNT53.jpg', 8);
INSERT INTO `zgallery_hinh` VALUES (428, '', 'TNT54.jpg', 8);
INSERT INTO `zgallery_hinh` VALUES (429, '', 'TNT55.jpg', 8);
INSERT INTO `zgallery_hinh` VALUES (430, '', 'TNT56.JPG', 8);
INSERT INTO `zgallery_hinh` VALUES (431, '', 'TNT57.JPG', 8);
INSERT INTO `zgallery_hinh` VALUES (432, '', 'Tnt58 .jpg', 8);
INSERT INTO `zgallery_hinh` VALUES (433, '', 'TNT6.jpg', 8);
INSERT INTO `zgallery_hinh` VALUES (434, '', 'Tnt60.jpg', 8);
INSERT INTO `zgallery_hinh` VALUES (435, '', 'TNT61.JPG', 8);
INSERT INTO `zgallery_hinh` VALUES (436, '', 'Tnt63 .jpg', 8);
INSERT INTO `zgallery_hinh` VALUES (437, '', 'TNT64.JPG', 8);
INSERT INTO `zgallery_hinh` VALUES (438, '', 'TNT68 .jpg', 8);
INSERT INTO `zgallery_hinh` VALUES (439, '', 'TNT7.jpg', 8);
INSERT INTO `zgallery_hinh` VALUES (440, '', 'Tnt72 .jpg', 8);
INSERT INTO `zgallery_hinh` VALUES (441, '', 'TNT74.jpg', 8);
INSERT INTO `zgallery_hinh` VALUES (442, '', 'TNT8.jpg', 8);
INSERT INTO `zgallery_hinh` VALUES (443, '', 'Tnt80 .jpg', 8);
INSERT INTO `zgallery_hinh` VALUES (444, '', 'TNT84.jpg', 8);

-- --------------------------------------------------------

-- 
-- Table structure for table `zgallery_loaihinh`
-- 

CREATE TABLE `zgallery_loaihinh` (
  `idLoaiHinh` int(11) NOT NULL auto_increment,
  `TenLoai` varchar(255) NOT NULL,
  `Folder` varchar(100) NOT NULL,
  PRIMARY KEY  (`idLoaiHinh`)
) ENGINE=MyISAM DEFAULT CHARSET=utf8 AUTO_INCREMENT=9 ;

-- 
-- Dumping data for table `zgallery_loaihinh`
-- 

INSERT INTO `zgallery_loaihinh` VALUES (1, 'Phong cảnh', 'HinhPhongCanh');
INSERT INTO `zgallery_loaihinh` VALUES (2, 'Hoa', 'Hoa');
INSERT INTO `zgallery_loaihinh` VALUES (3, 'Động vật', 'animals');
INSERT INTO `zgallery_loaihinh` VALUES (4, 'Khung hình', 'khunghinh');
INSERT INTO `zgallery_loaihinh` VALUES (5, 'Làng quê', 'langque');
INSERT INTO `zgallery_loaihinh` VALUES (6, 'Thiệp', 'thiep');
INSERT INTO `zgallery_loaihinh` VALUES (7, 'Trái cây', 'traicay');
INSERT INTO `zgallery_loaihinh` VALUES (8, 'Tranh', 'tranh');
